-- MySQL dump 10.13  Distrib 5.7.17, for Win64 (x86_64)
--
-- Host: localhost    Database: jhcs
-- ------------------------------------------------------
-- Server version	5.7.11

/*!40101 SET @OLD_CHARACTER_SET_CLIENT=@@CHARACTER_SET_CLIENT */;
/*!40101 SET @OLD_CHARACTER_SET_RESULTS=@@CHARACTER_SET_RESULTS */;
/*!40101 SET @OLD_COLLATION_CONNECTION=@@COLLATION_CONNECTION */;
/*!40101 SET NAMES utf8 */;
/*!40103 SET @OLD_TIME_ZONE=@@TIME_ZONE */;
/*!40103 SET TIME_ZONE='+00:00' */;
/*!40014 SET @OLD_UNIQUE_CHECKS=@@UNIQUE_CHECKS, UNIQUE_CHECKS=0 */;
/*!40014 SET @OLD_FOREIGN_KEY_CHECKS=@@FOREIGN_KEY_CHECKS, FOREIGN_KEY_CHECKS=0 */;
/*!40101 SET @OLD_SQL_MODE=@@SQL_MODE, SQL_MODE='NO_AUTO_VALUE_ON_ZERO' */;
/*!40111 SET @OLD_SQL_NOTES=@@SQL_NOTES, SQL_NOTES=0 */;

--
-- Table structure for table `activitylogs`
--

DROP TABLE IF EXISTS `activitylogs`;
/*!40101 SET @saved_cs_client     = @@character_set_client */;
/*!40101 SET character_set_client = utf8 */;
CREATE TABLE `activitylogs` (
  `activitylogs_id` int(11) NOT NULL AUTO_INCREMENT,
  `user_no` varchar(45) NOT NULL,
  `timestamp` datetime NOT NULL,
  `message` varchar(100) NOT NULL,
  `type` varchar(45) NOT NULL,
  PRIMARY KEY (`activitylogs_id`),
  UNIQUE KEY `idactivitylogs_UNIQUE` (`activitylogs_id`)
) ENGINE=InnoDB AUTO_INCREMENT=847 DEFAULT CHARSET=latin1;
/*!40101 SET character_set_client = @saved_cs_client */;

--
-- Dumping data for table `activitylogs`
--

LOCK TABLES `activitylogs` WRITE;
/*!40000 ALTER TABLE `activitylogs` DISABLE KEYS */;
INSERT INTO `activitylogs` VALUES (1,'17','2018-05-27 06:49:07','Purchased Order ','inventory'),(2,'17','2018-05-27 06:49:52','Purchased Order ','inventory'),(3,'17','2018-05-27 06:51:43','Record Partial Delivery ','inventory'),(4,'17','2018-05-27 06:51:44','Record Partial Delivery ','inventory'),(5,'17','2018-05-27 06:51:44','Record Partial Delivery ','inventory'),(6,'17','2018-05-27 06:52:31','Record Partial Delivery ','inventory'),(7,'17','2018-05-27 06:52:32','Record Partial Delivery ','inventory'),(8,'17','2018-05-27 06:52:32','Record Partial Delivery ','inventory'),(9,'2','2018-05-27 06:54:35','Updated Raw Coffee: Guatemala, city roast roast ','admin'),(10,'2','2018-05-27 06:54:56','Updated Raw Coffee: Guatemala, city roast roast ','admin'),(11,'17','2018-05-27 06:55:00','Purchased Order ','inventory'),(12,'17','2018-05-27 06:55:31','Record Partial Delivery ','inventory'),(13,'17','2018-05-27 06:55:31','Record Partial Delivery ','inventory'),(14,'17','2018-05-27 06:55:32','Record Partial Delivery ','inventory'),(15,'2','2018-05-27 06:55:42','Updated Raw Coffee: Guatemala, city roast roast ','admin'),(16,'2','2018-05-27 06:56:24','Updated Coffee Blend: Guatemala Rainforest Blend, clear bag Bag 250 grams in Company Blends.','admin'),(17,'17','2018-05-27 06:57:07','Purchased Order ','inventory'),(18,'2','2018-05-27 06:57:15','Updated Raw Coffee: Guatemala, medium roast roast ','admin'),(19,'2','2018-05-27 06:57:37','Updated Raw Coffee: Guatemala, light roast roast ','admin'),(20,'17','2018-05-27 06:57:46','Record Partial Delivery ','inventory'),(21,'17','2018-05-27 06:57:47','Record Partial Delivery ','inventory'),(22,'18','2018-05-27 06:58:29','Purchased Order ','inventory'),(23,'2','2018-05-27 06:58:52','Updated Coffee Blend: Guatemala Rainforest Blend, brown bag Bag 250 grams in Company Blends.','admin'),(24,'17','2018-05-27 07:04:40','Purchased Order ','inventory'),(25,'17','2018-05-27 07:05:11','Record Partial Delivery ','inventory'),(26,'17','2018-05-27 07:05:11','Record Partial Delivery ','inventory'),(27,'17','2018-05-27 07:05:12','Record Partial Delivery ','inventory'),(28,'17','2018-05-27 07:06:13','Purchased Order ','inventory'),(29,'17','2018-05-27 07:06:52','Record Partial Delivery ','inventory'),(30,'17','2018-05-27 07:06:52','Record Partial Delivery ','inventory'),(31,'17','2018-05-27 07:07:42','Record Partial Delivery ','inventory'),(32,'17','2018-05-27 07:07:42','Record Partial Delivery ','inventory'),(33,'17','2018-05-27 07:09:14','Purchased Order ','inventory'),(34,'18','2018-05-27 07:09:35','Record Partial Delivery ','inventory'),(35,'18','2018-05-27 07:09:36','Record Partial Delivery ','inventory'),(36,'18','2018-05-27 07:09:36','Record Partial Delivery ','inventory'),(37,'17','2018-05-27 07:10:00','Record Partial Delivery ','inventory'),(38,'17','2018-05-27 07:10:00','Record Partial Delivery ','inventory'),(39,'17','2018-05-27 07:10:00','Record Partial Delivery ','inventory'),(40,'18','2018-05-27 07:11:14','Purchased Order ','inventory'),(41,'17','2018-05-27 07:11:56','Purchased Order ','inventory'),(42,'18','2018-05-27 07:12:08','Record Partial Delivery ','inventory'),(43,'18','2018-05-27 07:12:08','Record Partial Delivery ','inventory'),(44,'17','2018-05-27 07:12:37','Record Partial Delivery ','inventory'),(45,'17','2018-05-27 07:12:37','Record Partial Delivery ','inventory'),(46,'17','2018-05-27 07:12:37','Record Partial Delivery ','inventory'),(47,'17','2018-05-27 07:12:38','Record Partial Delivery ','inventory'),(48,'17','2018-05-27 07:12:38','Record Partial Delivery ','inventory'),(49,'17','2018-05-27 07:12:38','Record Partial Delivery ','inventory'),(50,'17','2018-05-27 07:12:39','Record Partial Delivery ','inventory'),(51,'17','2018-05-27 07:14:31','Purchased Order ','inventory'),(52,'17','2018-05-27 07:15:08','Record Partial Delivery ','inventory'),(53,'17','2018-05-27 07:15:09','Record Partial Delivery ','inventory'),(54,'17','2018-05-27 07:15:09','Record Partial Delivery ','inventory'),(55,'17','2018-05-27 07:15:09','Record Partial Delivery ','inventory'),(56,'17','2018-05-27 07:15:09','Record Partial Delivery ','inventory'),(57,'17','2018-05-27 07:15:10','Record Partial Delivery ','inventory'),(58,'17','2018-05-27 07:15:10','Record Partial Delivery ','inventory'),(59,'17','2018-05-27 07:15:10','Record Partial Delivery ','inventory'),(60,'17','2018-05-27 07:15:11','Record Partial Delivery ','inventory'),(61,'17','2018-05-27 07:15:36','Record Partial Delivery ','inventory'),(62,'18','2018-05-27 07:16:00','Purchased Order ','inventory'),(63,'18','2018-05-27 07:17:13','Record Partial Delivery ','inventory'),(64,'18','2018-05-27 07:17:14','Record Partial Delivery ','inventory'),(65,'18','2018-05-27 07:17:14','Record Partial Delivery ','inventory'),(66,'18','2018-05-27 07:17:14','Record Partial Delivery ','inventory'),(67,'18','2018-05-27 07:17:15','Record Partial Delivery ','inventory'),(68,'18','2018-05-27 07:17:15','Record Partial Delivery ','inventory'),(69,'17','2018-05-27 07:17:16','Purchased Order ','inventory'),(70,'17','2018-05-27 07:17:48','Record Partial Delivery ','inventory'),(71,'17','2018-05-27 07:17:48','Record Partial Delivery ','inventory'),(72,'17','2018-05-27 07:17:49','Record Partial Delivery ','inventory'),(73,'17','2018-05-27 07:17:49','Record Partial Delivery ','inventory'),(74,'17','2018-05-27 07:17:49','Record Partial Delivery ','inventory'),(75,'17','2018-05-27 07:17:50','Record Partial Delivery ','inventory'),(76,'17','2018-05-27 07:17:50','Record Partial Delivery ','inventory'),(77,'17','2018-05-27 07:20:18','Purchased Order ','inventory'),(78,'17','2018-05-27 07:21:07','Record Partial Delivery ','inventory'),(79,'17','2018-05-27 07:21:07','Record Partial Delivery ','inventory'),(80,'17','2018-05-27 07:21:08','Record Partial Delivery ','inventory'),(81,'17','2018-05-27 07:21:08','Record Partial Delivery ','inventory'),(82,'17','2018-05-27 07:21:08','Record Partial Delivery ','inventory'),(83,'17','2018-05-27 07:21:09','Record Partial Delivery ','inventory'),(84,'17','2018-05-27 07:21:09','Record Partial Delivery ','inventory'),(85,'17','2018-05-27 07:21:09','Record Partial Delivery ','inventory'),(86,'17','2018-05-27 07:21:10','Record Partial Delivery ','inventory'),(87,'17','2018-05-27 07:21:10','Record Partial Delivery ','inventory'),(88,'17','2018-05-27 07:21:11','Record Partial Delivery ','inventory'),(89,'18','2018-05-27 07:22:33','Purchased Order ','inventory'),(90,'17','2018-05-27 07:23:09','Purchased Order ','inventory'),(91,'17','2018-05-27 07:23:49','Record Partial Delivery ','inventory'),(92,'17','2018-05-27 07:23:50','Record Partial Delivery ','inventory'),(93,'17','2018-05-27 07:23:50','Record Partial Delivery ','inventory'),(94,'17','2018-05-27 07:23:50','Record Partial Delivery ','inventory'),(95,'17','2018-05-27 07:23:51','Record Partial Delivery ','inventory'),(96,'17','2018-05-27 07:23:51','Record Partial Delivery ','inventory'),(97,'17','2018-05-27 07:23:51','Record Partial Delivery ','inventory'),(98,'17','2018-05-27 07:23:52','Record Partial Delivery ','inventory'),(99,'17','2018-05-27 07:23:52','Record Partial Delivery ','inventory'),(100,'17','2018-05-27 07:23:53','Record Partial Delivery ','inventory'),(101,'17','2018-05-27 07:23:53','Record Partial Delivery ','inventory'),(102,'18','2018-05-27 07:24:08','Record Partial Delivery ','inventory'),(103,'18','2018-05-27 07:24:08','Record Partial Delivery ','inventory'),(104,'18','2018-05-27 07:24:09','Record Partial Delivery ','inventory'),(105,'18','2018-05-27 07:24:09','Record Partial Delivery ','inventory'),(106,'18','2018-05-27 07:24:09','Record Partial Delivery ','inventory'),(107,'18','2018-05-27 07:24:10','Record Partial Delivery ','inventory'),(108,'18','2018-05-27 07:24:10','Record Partial Delivery ','inventory'),(109,'18','2018-05-27 07:24:11','Record Partial Delivery ','inventory'),(110,'18','2018-05-27 07:24:11','Record Partial Delivery ','inventory'),(111,'18','2018-05-27 07:24:12','Record Partial Delivery ','inventory'),(112,'18','2018-05-27 07:24:12','Record Partial Delivery ','inventory'),(113,'18','2018-05-27 07:24:12','Record Partial Delivery ','inventory'),(114,'18','2018-05-27 07:24:13','Record Partial Delivery ','inventory'),(115,'18','2018-05-27 07:24:13','Record Partial Delivery ','inventory'),(116,'17','2018-05-27 07:25:04','Purchased Order ','inventory'),(117,'17','2018-05-27 07:25:31','Record Partial Delivery ','inventory'),(118,'17','2018-05-27 07:25:32','Record Partial Delivery ','inventory'),(119,'17','2018-05-27 07:26:55','Purchased Order ','inventory'),(120,'17','2018-05-27 07:27:15','Record Partial Delivery ','inventory'),(121,'17','2018-05-27 07:27:16','Record Partial Delivery ','inventory'),(122,'17','2018-05-27 07:29:00','Purchased Order ','inventory'),(123,'17','2018-05-27 07:29:45','Record Partial Delivery ','inventory'),(124,'17','2018-05-27 07:29:46','Record Partial Delivery ','inventory'),(125,'17','2018-05-27 07:29:46','Record Partial Delivery ','inventory'),(126,'18','2018-05-27 07:30:36','Purchased Order ','inventory'),(127,'17','2018-05-27 07:30:39','Purchased Order ','inventory'),(128,'17','2018-05-27 07:31:10','Record Partial Delivery ','inventory'),(129,'17','2018-05-27 07:31:10','Record Partial Delivery ','inventory'),(130,'18','2018-05-27 07:31:12','Record Partial Delivery ','inventory'),(131,'18','2018-05-27 07:31:12','Record Partial Delivery ','inventory'),(132,'18','2018-05-27 07:31:13','Record Partial Delivery ','inventory'),(133,'17','2018-05-27 07:32:58','Purchased Order ','inventory'),(134,'17','2018-05-27 07:33:23','Record Partial Delivery ','inventory'),(135,'18','2018-05-27 07:33:27','Purchased Order ','inventory'),(136,'18','2018-05-27 07:33:52','Record Partial Delivery ','inventory'),(137,'17','2018-05-27 07:34:30','Purchased Order ','inventory'),(138,'17','2018-05-27 07:34:56','Record Partial Delivery ','inventory'),(139,'17','2018-05-27 08:43:48','Added Purchase Order for ABS CBN ','sales'),(140,'17','2018-05-27 08:44:16','Added Purchase Order for ATACOGMAC ','sales'),(141,'17','2018-05-27 08:44:29','Added Purchase Order for Baguio Country Club ','sales'),(142,'17','2018-05-27 08:44:40','Added Purchase Order for Baguio Country Club ','sales'),(143,'17','2018-05-27 08:44:55','Added Purchase Order for Best Western Oxford Suites ','sales'),(144,'17','2018-05-27 08:45:38','Added Purchase Order for Best Western Oxford Suites ','sales'),(145,'17','2018-05-27 08:45:49','Added Purchase Order for Bioessence ','sales'),(146,'17','2018-05-27 08:46:01','Added Purchase Order for Blackwoods ','sales'),(147,'17','2018-05-27 08:46:13','Added Purchase Order for Bloomfield Hotel (Patch Cafe) ','sales'),(148,'17','2018-05-27 08:46:26','Added Purchase Order for Bote Central Roasting Machine ','sales'),(149,'17','2018-05-27 08:46:41','Added Purchase Order for Bowknot Brewery Inc. ','sales'),(150,'17','2018-05-27 08:47:03','Added Purchase Order for Bread House ','sales'),(151,'17','2018-05-27 08:47:43','Added Purchase Order for Cafe Caw ','sales'),(152,'17','2018-05-27 08:47:58','Added Purchase Order for Cafe de Manor ','sales'),(153,'17','2018-05-27 08:48:21','Added Purchase Order for Cafe de Seoul ','sales'),(154,'17','2018-05-27 08:48:33','Added Purchase Order for Camp John Hay Golf Club ','sales'),(155,'17','2018-05-27 08:48:44','Added Purchase Order for Canto Restaurant ','sales'),(156,'17','2018-05-27 08:49:01','Added Purchase Order for Citrus Restaurant ','sales'),(157,'17','2018-05-27 08:49:16','Added Purchase Order for Colleen Curran ','sales'),(158,'17','2018-05-27 08:49:29','Added Purchase Order for Connies Kitchen ','sales'),(159,'17','2018-05-27 08:49:41','Added Purchase Order for Cosy\'s Cafe and Roasterie ','sales'),(160,'17','2018-05-27 08:49:56','Added Purchase Order for Edwin Hui ','sales'),(161,'17','2018-05-27 08:50:08','Added Purchase Order for Escala ','sales'),(162,'17','2018-05-27 08:50:20','Added Purchase Order for Eurotel Baguio ','sales'),(163,'12','2018-05-27 08:51:01',' Mark ABS CBN\'s orders as Fully Delivered ','sales'),(164,'12','2018-05-27 08:52:40',' Mark ATACOGMAC\'s orders as Fully Delivered ','sales'),(165,'17','2018-05-27 08:52:46','Purchased Order ','inventory'),(166,'17','2018-05-27 08:53:40','Record Partial Delivery ','inventory'),(167,'17','2018-05-27 08:53:40','Record Partial Delivery ','inventory'),(168,'12','2018-05-27 08:53:41',' Mark Baguio Country Club\'s orders as Fully Delivered ','sales'),(169,'17','2018-05-27 08:54:46','Purchased Order ','inventory'),(170,'17','2018-05-27 08:55:22','Record Partial Delivery ','inventory'),(171,'12','2018-05-27 08:55:27',' Mark Baguio Country Club\'s orders as Fully Delivered ','sales'),(172,'12','2018-05-27 08:56:04',' Mark Best Western Oxford Suites\'s orders as Fully Delivered ','sales'),(173,'17','2018-05-27 08:56:26','Added Purchase Order for Eurotel Baguio ','sales'),(174,'17','2018-05-27 08:56:39','Added Purchase Order for Fil Estate ','sales'),(175,'17','2018-05-27 08:56:43','Purchased Order ','inventory'),(176,'17','2018-05-27 08:56:53','Added Purchase Order for Forest Hills (PAR72) ','sales'),(177,'17','2018-05-27 08:57:11','Added Purchase Order for Gerry\'s Grill Purchasing ','sales'),(178,'12','2018-05-27 08:57:18',' Mark Best Western Oxford Suites\'s orders as Fully Delivered ','sales'),(179,'17','2018-05-27 08:57:23','Record Partial Delivery ','inventory'),(180,'17','2018-05-27 08:57:25','Added Purchase Order for Gerry\'s Grill Treasury ','sales'),(181,'17','2018-05-27 08:57:36','Added Purchase Order for GMA ','sales'),(182,'17','2018-05-27 08:57:49','Added Purchase Order for Grumpy Joe ','sales'),(183,'17','2018-05-27 08:58:04','Added Purchase Order for Gweilo Corp (Amelie Hotel) ','sales'),(184,'12','2018-05-27 08:58:07',' Mark Bioessence\'s orders as Fully Delivered ','sales'),(185,'17','2018-05-27 08:58:16','Added Purchase Order for Hoals Company ','sales'),(186,'17','2018-05-27 08:58:50','Purchased Order ','inventory'),(187,'17','2018-05-27 08:58:54','Added Purchase Order for John Hay Water System, Inc. ','sales'),(188,'17','2018-05-27 08:59:04','Added Purchase Order for Kahuna Beach Resort and Spa ','sales'),(189,'17','2018-05-27 08:59:15','Added Purchase Order for Keiffeir Coffee Shop ','sales'),(190,'12','2018-05-27 08:59:29',' Mark Blackwoods\'s orders as Fully Delivered ','sales'),(191,'17','2018-05-27 08:59:31','Record Partial Delivery ','inventory'),(192,'17','2018-05-27 08:59:42','Added Purchase Order for  Kintetsu World Express ','sales'),(193,'17','2018-05-27 08:59:56','Added Purchase Order for La Casa Blanca ','sales'),(194,'17','2018-05-27 09:00:23','Added Purchase Order for La Parilla ','sales'),(195,'17','2018-05-27 09:00:34','Added Purchase Order for La Tienda ','sales'),(196,'17','2018-05-27 09:01:00','Added Purchase Order for Le Chef -Paranaque ','sales'),(197,'17','2018-05-27 09:01:16','Added Purchase Order for Le Chef Accounting ','sales'),(198,'12','2018-05-27 09:01:20',' Mark Bloomfield Hotel (Patch Cafe)\'s orders as Fully Delivered ','sales'),(199,'17','2018-05-27 09:01:27','Added Purchase Order for Le Chef Golf ','sales'),(200,'17','2018-05-27 09:01:44','Added Purchase Order for Le Chef Manor ','sales'),(201,'17','2018-05-27 09:01:46','Purchased Order ','inventory'),(202,'17','2018-05-27 09:01:55','Added Purchase Order for Le Chef Southwoods ','sales'),(203,'17','2018-05-27 09:02:07','Added Purchase Order for Le Festin Trading, Inc. (Gourmet) ','sales'),(204,'12','2018-05-27 09:02:21',' Mark Bote Central Roasting Machine\'s orders as Fully Delivered ','sales'),(205,'17','2018-05-27 09:02:22','Added Purchase Order for Lemon & Olives ','sales'),(206,'17','2018-05-27 09:02:24','Record Partial Delivery ','inventory'),(207,'17','2018-05-27 09:02:35','Added Purchase Order for Lighthouse Marina Resort ','sales'),(208,'17','2018-05-27 09:02:52','Added Purchase Order for Mario\'s Restaurant (Baguio) ','sales'),(209,'17','2018-05-27 09:03:03','Added Purchase Order for Mr. Hapi Bakery & Mami House ','sales'),(210,'12','2018-05-27 09:03:15',' Mark Bowknot Brewery Inc.\'s orders as Fully Delivered ','sales'),(211,'17','2018-05-27 09:03:18','Added Purchase Order for Prof. Valentino Macanes ','sales'),(212,'17','2018-05-27 09:03:28','Added Purchase Order for She Diner ','sales'),(213,'17','2018-05-27 09:03:41','Added Purchase Order for Three Sister Cafe ','sales'),(214,'17','2018-05-27 09:03:52','Added Purchase Order for TJ Company ','sales'),(215,'12','2018-05-27 09:03:55',' Mark Bread House\'s orders as Fully Delivered ','sales'),(216,'17','2018-05-27 09:04:04','Added Purchase Order for Wackie Shop ','sales'),(217,'17','2018-05-27 09:05:04',' Mark ABS CBN\'s orders as Fully Paid ','sales'),(218,'17','2018-05-27 09:06:49',' Mark ATACOGMAC\'s orders as Fully Paid ','sales'),(219,'17','2018-05-27 09:07:21',' Mark Baguio Country Club\'s orders as Fully Paid ','sales'),(220,'17','2018-05-27 09:07:58',' Mark Baguio Country Club\'s orders as Fully Paid ','sales'),(221,'17','2018-05-27 09:09:01',' Mark Best Western Oxford Suites\'s orders as Fully Paid ','sales'),(222,'17','2018-05-27 09:09:22',' Mark Best Western Oxford Suites\'s orders as Fully Paid ','sales'),(223,'17','2018-05-27 09:09:45',' Mark Bioessence\'s orders as Fully Paid ','sales'),(224,'17','2018-05-27 09:10:20',' Mark Blackwoods\'s orders as Fully Paid ','sales'),(225,'17','2018-05-27 09:10:55',' Mark Bloomfield Hotel (Patch Cafe)\'s orders as Fully Paid ','sales'),(226,'16','2018-05-27 09:12:43',' Mark Bote Central Roasting Machine\'s orders as Fully Paid ','sales'),(227,'16','2018-05-27 09:13:21',' Mark Bowknot Brewery Inc.\'s orders as Fully Paid ','sales'),(228,'16','2018-05-27 09:14:15',' Mark Bread House\'s orders as Fully Paid ','sales'),(229,'12','2018-05-27 09:17:03',' Mark Cafe Caw\'s orders as Fully Delivered ','sales'),(230,'12','2018-05-27 09:18:20',' Mark Cafe de Manor\'s orders as Fully Delivered ','sales'),(231,'12','2018-05-27 09:19:14',' Mark Cafe de Seoul\'s orders as Fully Delivered ','sales'),(232,'12','2018-05-27 09:20:10',' Mark Camp John Hay Golf Club\'s orders as Fully Delivered ','sales'),(233,'12','2018-05-27 09:20:43',' Mark Canto Restaurant\'s orders as Fully Delivered ','sales'),(234,'12','2018-05-27 09:21:24',' Mark Citrus Restaurant\'s orders as Fully Delivered ','sales'),(235,'12','2018-05-27 09:22:00',' Mark Colleen Curran\'s orders as Fully Delivered ','sales'),(236,'17','2018-05-27 09:22:01','Purchased Order ','inventory'),(237,'17','2018-05-27 09:22:52','Record Partial Delivery ','inventory'),(238,'12','2018-05-27 09:23:17',' Mark Connies Kitchen\'s orders as Fully Delivered ','sales'),(239,'4','2018-05-27 09:23:43',' Mark Cafe Caw\'s orders as Fully Paid ','sales'),(240,'4','2018-05-27 09:24:08',' Mark Cafe de Manor\'s orders as Fully Paid ','sales'),(241,'17','2018-05-27 09:24:24','Purchased Order ','inventory'),(242,'17','2018-05-27 09:24:56','Record Partial Delivery ','inventory'),(243,'17','2018-05-27 09:24:56','Record Partial Delivery ','inventory'),(244,'12','2018-05-27 09:25:17',' Mark Cosy\'s Cafe and Roasterie\'s orders as Fully Delivered ','sales'),(245,'4','2018-05-27 09:25:45',' Mark Cafe de Seoul\'s orders as Fully Paid ','sales'),(246,'12','2018-05-27 09:26:04',' Mark Edwin Hui\'s orders as Fully Delivered ','sales'),(247,'17','2018-05-27 09:26:15','Purchased Order ','inventory'),(248,'4','2018-05-27 09:26:22',' Mark Camp John Hay Golf Club\'s orders as Fully Paid ','sales'),(249,'4','2018-05-27 09:26:52',' Mark Canto Restaurant\'s orders as Fully Paid ','sales'),(250,'17','2018-05-27 09:26:54','Record Partial Delivery ','inventory'),(251,'4','2018-05-27 09:27:31',' Mark Citrus Restaurant\'s orders as Fully Paid ','sales'),(252,'4','2018-05-27 09:28:08',' Mark Colleen Curran\'s orders as Fully Paid ','sales'),(253,'17','2018-05-27 09:28:12','Purchased Order ','inventory'),(254,'17','2018-05-27 09:28:53','Record Partial Delivery ','inventory'),(255,'12','2018-05-27 09:29:21',' Mark Escala\'s orders as Fully Delivered ','sales'),(256,'17','2018-05-27 09:30:04','Purchased Order ','inventory'),(257,'2','2018-05-27 09:30:07',' Mark Gweilo Corp (Amelie Hotel)\'s orders as Fully Delivered ','sales'),(258,'12','2018-05-27 09:30:19',' Mark Eurotel Baguio\'s orders as Fully Delivered ','sales'),(259,'17','2018-05-27 09:30:36','Record Partial Delivery ','inventory'),(260,'2','2018-05-27 09:31:13',' Mark Hoals Company\'s orders as Fully Delivered ','sales'),(261,'17','2018-05-27 09:31:32','Purchased Order ','inventory'),(262,'12','2018-05-27 09:31:33',' Mark Fil Estate\'s orders as Fully Delivered ','sales'),(263,'2','2018-05-27 09:31:53',' Mark John Hay Water System, Inc.\'s orders as Fully Delivered ','sales'),(264,'17','2018-05-27 09:31:59','Record Partial Delivery ','inventory'),(265,'12','2018-05-27 09:32:22',' Mark Forest Hills (PAR72)\'s orders as Fully Delivered ','sales'),(266,'2','2018-05-27 09:32:28',' Mark Kahuna Beach Resort and Spa\'s orders as Fully Delivered ','sales'),(267,'2','2018-05-27 09:33:00',' Mark Keiffeir Coffee Shop\'s orders as Fully Delivered ','sales'),(268,'12','2018-05-27 09:33:03',' Mark Gerry\'s Grill Purchasing\'s orders as Fully Delivered ','sales'),(269,'12','2018-05-27 09:33:40',' Mark Gerry\'s Grill Treasury\'s orders as Fully Delivered ','sales'),(270,'4','2018-05-27 09:33:55',' Mark Connies Kitchen\'s orders as Fully Paid ','sales'),(271,'2','2018-05-27 09:34:31',' Mark  Kintetsu World Express\'s orders as Fully Delivered ','sales'),(272,'12','2018-05-27 09:34:35',' Mark GMA\'s orders as Fully Delivered ','sales'),(273,'4','2018-05-27 09:34:35',' Mark Cosy\'s Cafe and Roasterie\'s orders as Fully Paid ','sales'),(274,'12','2018-05-27 09:35:31',' Mark Grumpy Joe\'s orders as Fully Delivered ','sales'),(275,'2','2018-05-27 09:35:31',' Mark La Casa Blanca\'s orders as Fully Delivered ','sales'),(276,'4','2018-05-27 09:38:20',' Mark Edwin Hui\'s orders as Fully Paid ','sales'),(277,'12','2018-05-27 09:38:26',' Mark Prof. Valentino Macanes\'s orders as Fully Delivered ','sales'),(278,'4','2018-05-27 09:38:48',' Mark Escala\'s orders as Fully Paid ','sales'),(279,'4','2018-05-27 09:39:17',' Mark Eurotel Baguio\'s orders as Fully Paid ','sales'),(280,'12','2018-05-27 09:39:23',' Mark She Diner\'s orders as Fully Delivered ','sales'),(281,'4','2018-05-27 09:39:42',' Mark Fil Estate\'s orders as Fully Paid ','sales'),(282,'2','2018-05-27 09:40:12',' Mark La Parilla\'s orders as Fully Delivered ','sales'),(283,'4','2018-05-27 09:40:32',' Mark Forest Hills (PAR72)\'s orders as Fully Paid ','sales'),(284,'12','2018-05-27 09:40:35',' Mark Three Sister Cafe\'s orders as Fully Delivered ','sales'),(285,'2','2018-05-27 09:40:48',' Mark La Tienda\'s orders as Fully Delivered ','sales'),(286,'2','2018-05-27 09:41:25',' Mark Le Chef -Paranaque\'s orders as Fully Delivered ','sales'),(287,'4','2018-05-27 09:41:53',' Mark Gerry\'s Grill Purchasing\'s orders as Fully Paid ','sales'),(288,'2','2018-05-27 09:41:57',' Mark Le Chef Accounting\'s orders as Fully Delivered ','sales'),(289,'4','2018-05-27 09:42:22',' Mark Gerry\'s Grill Treasury\'s orders as Fully Paid ','sales'),(290,'12','2018-05-27 09:42:27',' Mark TJ Company\'s orders as Fully Delivered ','sales'),(291,'2','2018-05-27 09:42:28',' Mark Le Chef Golf\'s orders as Fully Delivered ','sales'),(292,'4','2018-05-27 09:42:42',' Mark GMA\'s orders as Fully Paid ','sales'),(293,'2','2018-05-27 09:43:13',' Mark Le Chef Manor\'s orders as Fully Delivered ','sales'),(294,'12','2018-05-27 09:43:14',' Mark Wackie Shop\'s orders as Fully Delivered ','sales'),(295,'4','2018-05-27 09:43:21',' Mark Grumpy Joe\'s orders as Fully Paid ','sales'),(296,'4','2018-05-27 09:43:50',' Mark Gweilo Corp (Amelie Hotel)\'s orders as Fully Paid ','sales'),(297,'2','2018-05-27 09:44:33',' Mark Le Chef Southwoods\'s orders as Fully Delivered ','sales'),(298,'4','2018-05-27 09:44:38',' Mark Hoals Company\'s orders as Fully Paid ','sales'),(299,'2','2018-05-27 09:45:15',' Mark Mario\'s Restaurant (Baguio)\'s orders as Fully Delivered ','sales'),(300,'4','2018-05-27 09:45:19',' Mark John Hay Water System, Inc.\'s orders as Fully Paid ','sales'),(301,'12','2018-05-27 09:45:31',' Mark Le Festin Trading, Inc. (Gourmet)\'s orders as Fully Delivered ','sales'),(302,'4','2018-05-27 09:45:38',' Mark Kahuna Beach Resort and Spa\'s orders as Fully Paid ','sales'),(303,'2','2018-05-27 09:45:52',' Mark Mr. Hapi Bakery & Mami House\'s orders as Fully Delivered ','sales'),(304,'4','2018-05-27 09:46:18',' Mark Keiffeir Coffee Shop\'s orders as Fully Paid ','sales'),(305,'12','2018-05-27 09:46:22',' Mark Lemon & Olives\'s orders as Fully Delivered ','sales'),(306,'4','2018-05-27 09:46:41',' Mark  Kintetsu World Express\'s orders as Fully Paid ','sales'),(307,'2','2018-05-27 09:46:50',' Mark Lighthouse Marina Resort\'s orders as Fully Delivered ','sales'),(308,'4','2018-05-27 09:47:28',' Mark La Casa Blanca\'s orders as Fully Paid ','sales'),(309,'12','2018-05-27 09:49:36',' Mark Le Chef Accounting\'s orders as Fully Paid ','sales'),(310,'4','2018-05-27 09:49:39',' Mark La Parilla\'s orders as Fully Paid ','sales'),(311,'4','2018-05-27 09:50:09',' Mark La Tienda\'s orders as Fully Paid ','sales'),(312,'12','2018-05-27 09:50:26',' Mark Le Chef Golf\'s orders as Fully Paid ','sales'),(313,'4','2018-05-27 09:50:35',' Mark Le Chef -Paranaque\'s orders as Fully Paid ','sales'),(314,'4','2018-05-27 09:51:03',' Mark She Diner\'s orders as Fully Paid ','sales'),(315,'17','2018-05-27 09:51:12','Record Partial Payment ','inventory'),(316,'4','2018-05-27 09:51:27',' Mark Three Sister Cafe\'s orders as Fully Paid ','sales'),(317,'17','2018-05-27 09:51:58','Record Partial Payment ','inventory'),(318,'4','2018-05-27 09:52:03',' Mark TJ Company\'s orders as Fully Paid ','sales'),(319,'4','2018-05-27 09:52:27',' Mark Wackie Shop\'s orders as Fully Paid ','sales'),(320,'12','2018-05-27 09:52:27',' Mark Le Chef Manor\'s orders as Fully Paid ','sales'),(321,'17','2018-05-27 09:52:43','Record Partial Payment ','inventory'),(322,'12','2018-05-27 09:53:02',' Mark Le Chef Southwoods\'s orders as Fully Paid ','sales'),(323,'4','2018-05-27 09:53:14',' Mark Mario\'s Restaurant (Baguio)\'s orders as Fully Paid ','sales'),(324,'17','2018-05-27 09:53:30','Record Partial Payment ','inventory'),(325,'4','2018-05-27 09:53:35',' Mark Mr. Hapi Bakery & Mami House\'s orders as Fully Paid ','sales'),(326,'12','2018-05-27 09:54:05',' Mark Le Festin Trading, Inc. (Gourmet)\'s orders as Fully Paid ','sales'),(327,'17','2018-05-27 09:54:06','Record Partial Payment ','inventory'),(328,'4','2018-05-27 09:54:14',' Mark Prof. Valentino Macanes\'s orders as Fully Paid ','sales'),(329,'4','2018-05-27 09:54:47',' Mark Lighthouse Marina Resort\'s orders as Fully Paid ','sales'),(330,'17','2018-05-27 09:54:47','Record Partial Payment ','inventory'),(331,'12','2018-05-27 09:54:52',' Mark Lemon & Olives\'s orders as Fully Paid ','sales'),(332,'17','2018-05-27 09:55:27','Record Partial Payment ','inventory'),(333,'12','2018-05-27 10:15:40','Added other Purchase Order ','sales'),(334,'4','2018-05-27 10:36:54','Record Physical Count under Raw Coffee Stocks ','inventory'),(335,'4','2018-05-27 10:57:50','Record Physical Count under Raw Coffee Stocks ','inventory'),(336,'4','2018-05-27 11:04:01','Record Physical Count under Raw Coffee Stocks ','inventory'),(337,'4','2018-05-27 11:04:31','Record Physical Count under Raw Coffee Stocks ','inventory'),(338,'4','2018-05-27 11:05:04','Record Physical Count under Raw Coffee Stocks ','inventory'),(339,'10','2018-05-28 09:08:02','Record Physical Count under Raw Coffee Stocks ','inventory'),(340,'10','2018-05-28 09:08:17','Record Physical Count under Raw Coffee Stocks ','inventory'),(341,'10','2018-05-28 09:08:42','Record Physical Count under Raw Coffee Stocks ','inventory'),(342,'10','2018-05-28 09:09:06','Record Physical Count under Raw Coffee Stocks ','inventory'),(343,'10','2018-05-28 09:09:30','Record Physical Count under Raw Coffee Stocks ','inventory'),(344,'17','2018-05-28 09:10:13','Record Physical Count under Packaging Inventory Stocks ','inventory'),(345,'17','2018-05-28 09:10:52','Record Physical Count under Packaging Inventory Stocks ','inventory'),(346,'10','2018-05-28 09:11:16','Record Physical Count under Raw Coffee Stocks ','inventory'),(347,'17','2018-05-28 09:11:28','Record Physical Count under Packaging Inventory Stocks ','inventory'),(348,'10','2018-05-28 09:11:38','Record Physical Count under Raw Coffee Stocks ','inventory'),(349,'10','2018-05-28 09:12:00','Record Physical Count under Raw Coffee Stocks ','inventory'),(350,'17','2018-05-28 09:12:18','Record Physical Count under Packaging Inventory Stocks ','inventory'),(351,'10','2018-05-28 09:12:30','Record Physical Count under Raw Coffee Stocks ','inventory'),(352,'10','2018-05-28 09:12:52','Record Physical Count under Raw Coffee Stocks ','inventory'),(353,'17','2018-05-28 09:13:11','Record Physical Count under Packaging Inventory Stocks ','inventory'),(354,'10','2018-05-28 09:13:15','Record Physical Count under Raw Coffee Stocks ','inventory'),(355,'10','2018-05-28 09:13:35','Record Physical Count under Raw Coffee Stocks ','inventory'),(356,'10','2018-05-28 09:13:53','Record Physical Count under Raw Coffee Stocks ','inventory'),(357,'17','2018-05-28 09:14:07','Record Physical Count under Packaging Inventory Stocks ','inventory'),(358,'3','2018-05-28 09:14:11','Record Physical Count under Machine Inventory Stocks ','inventory'),(359,'10','2018-05-28 09:14:15','Record Physical Count under Raw Coffee Stocks ','inventory'),(360,'8','2018-05-28 09:14:32','Record Physical Count under Stickers Invetory Stocks ','inventory'),(361,'10','2018-05-28 09:14:34','Record Physical Count under Raw Coffee Stocks ','inventory'),(362,'3','2018-05-28 09:14:41','Record Physical Count under Machine Inventory Stocks ','inventory'),(363,'10','2018-05-28 09:15:04','Record Physical Count under Coffee Blends Inventory Stocks ','inventory'),(364,'8','2018-05-28 09:15:13','Record Physical Count under Stickers Invetory Stocks ','inventory'),(365,'10','2018-05-28 09:15:16','Record Physical Count under Coffee Blends Inventory Stocks ','inventory'),(366,'3','2018-05-28 09:15:21','Record Physical Count under Machine Inventory Stocks ','inventory'),(367,'10','2018-05-28 09:15:27','Record Physical Count under Coffee Blends Inventory Stocks ','inventory'),(368,'3','2018-05-28 09:15:46','Record Physical Count under Machine Inventory Stocks ','inventory'),(369,'10','2018-05-28 09:15:50','Record Physical Count under Coffee Blends Inventory Stocks ','inventory'),(370,'17','2018-05-28 09:16:06','Record Physical Count under Coffee Blends Inventory Stocks ','inventory'),(371,'3','2018-05-28 09:16:06','Record Physical Count under Machine Inventory Stocks ','inventory'),(372,'3','2018-05-28 09:16:35','Record Physical Count under Machine Inventory Stocks ','inventory'),(373,'10','2018-05-28 09:16:37','Record Physical Count under Stickers Invetory Stocks ','inventory'),(374,'8','2018-05-28 09:16:49','Record Physical Count under Stickers Invetory Stocks ','inventory'),(375,'3','2018-05-28 09:16:57','Record Physical Count under Machine Inventory Stocks ','inventory'),(376,'10','2018-05-28 09:17:13','Record Physical Count under Stickers Invetory Stocks ','inventory'),(377,'3','2018-05-28 09:17:17','Record Physical Count under Machine Inventory Stocks ','inventory'),(378,'10','2018-05-28 09:17:34','Record Physical Count under Stickers Invetory Stocks ','inventory'),(379,'8','2018-05-28 09:17:42','Record Physical Count under Stickers Invetory Stocks ','inventory'),(380,'3','2018-05-28 09:17:47','Record Physical Count under Machine Inventory Stocks ','inventory'),(381,'10','2018-05-28 09:17:54','Record Physical Count under Stickers Invetory Stocks ','inventory'),(382,'3','2018-05-28 09:18:13','Record Physical Count under Machine Inventory Stocks ','inventory'),(383,'17','2018-05-28 09:18:16','Record Physical Count under Stickers Invetory Stocks ','inventory'),(384,'10','2018-05-28 09:18:16','Record Physical Count under Stickers Invetory Stocks ','inventory'),(385,'8','2018-05-28 09:18:27','Record Physical Count under Stickers Invetory Stocks ','inventory'),(386,'10','2018-05-28 09:18:44','Record Physical Count under Stickers Invetory Stocks ','inventory'),(387,'3','2018-05-28 09:19:04','Record Physical Count under Stickers Invetory Stocks ','inventory'),(388,'10','2018-05-28 09:19:05','Record Physical Count under Stickers Invetory Stocks ','inventory'),(389,'17','2018-05-28 09:19:20','Record Physical Count under Stickers Invetory Stocks ','inventory'),(390,'10','2018-05-28 09:19:23','Record Physical Count under Stickers Invetory Stocks ','inventory'),(391,'10','2018-05-28 09:19:43','Record Physical Count under Stickers Invetory Stocks ','inventory'),(392,'10','2018-05-28 09:20:00','Record Physical Count under Stickers Invetory Stocks ','inventory'),(393,'17','2018-05-28 09:20:07','Record Physical Count under Stickers Invetory Stocks ','inventory'),(394,'10','2018-05-28 09:20:24','Record Physical Count under Stickers Invetory Stocks ','inventory'),(395,'8','2018-05-28 09:20:30','Record Physical Count under Stickers Invetory Stocks ','inventory'),(396,'10','2018-05-28 09:20:42','Record Physical Count under Stickers Invetory Stocks ','inventory'),(397,'10','2018-05-28 09:21:10','Record Physical Count under Stickers Invetory Stocks ','inventory'),(398,'3','2018-05-28 09:21:25','Record Physical Count under Stickers Invetory Stocks ','inventory'),(399,'10','2018-05-28 09:21:33','Record Physical Count under Stickers Invetory Stocks ','inventory'),(400,'10','2018-05-28 09:21:51','Record Physical Count under Stickers Invetory Stocks ','inventory'),(401,'3','2018-05-28 09:21:54','Record Physical Count under Stickers Invetory Stocks ','inventory'),(402,'8','2018-05-28 09:21:57','Record Physical Count under Stickers Invetory Stocks ','inventory'),(403,'10','2018-05-28 09:22:16','Record Physical Count under Stickers Invetory Stocks ','inventory'),(404,'17','2018-05-28 09:22:18','Record Physical Count under Stickers Invetory Stocks ','inventory'),(405,'3','2018-05-28 09:22:20','Record Physical Count under Stickers Invetory Stocks ','inventory'),(406,'10','2018-05-28 09:22:34','Record Physical Count under Stickers Invetory Stocks ','inventory'),(407,'3','2018-05-28 09:22:41','Record Physical Count under Stickers Invetory Stocks ','inventory'),(408,'8','2018-05-28 09:22:45','Record Physical Count under Stickers Invetory Stocks ','inventory'),(409,'3','2018-05-28 09:23:04','Record Physical Count under Stickers Invetory Stocks ','inventory'),(410,'10','2018-05-28 09:23:05','Record Physical Count under Stickers Invetory Stocks ','inventory'),(411,'17','2018-05-28 09:23:13','Record Physical Count under Stickers Invetory Stocks ','inventory'),(412,'10','2018-05-28 09:23:21','Record Physical Count under Stickers Invetory Stocks ','inventory'),(413,'3','2018-05-28 09:23:27','Record Physical Count under Stickers Invetory Stocks ','inventory'),(414,'8','2018-05-28 09:23:30','Record Physical Count under Stickers Invetory Stocks ','inventory'),(415,'10','2018-05-28 09:23:41','Record Physical Count under Stickers Invetory Stocks ','inventory'),(416,'3','2018-05-28 09:23:48','Record Physical Count under Stickers Invetory Stocks ','inventory'),(417,'17','2018-05-28 09:23:59','Record Physical Count under Stickers Invetory Stocks ','inventory'),(418,'10','2018-05-28 09:24:06','Record Physical Count under Stickers Invetory Stocks ','inventory'),(419,'8','2018-05-28 09:24:09','Record Physical Count under Stickers Invetory Stocks ','inventory'),(420,'3','2018-05-28 09:24:12','Record Physical Count under Stickers Invetory Stocks ','inventory'),(421,'10','2018-05-28 09:24:27','Record Physical Count under Stickers Invetory Stocks ','inventory'),(422,'3','2018-05-28 09:24:32','Record Physical Count under Stickers Invetory Stocks ','inventory'),(423,'17','2018-05-28 09:24:48','Record Physical Count under Stickers Invetory Stocks ','inventory'),(424,'10','2018-05-28 09:24:52','Record Physical Count under Stickers Invetory Stocks ','inventory'),(425,'3','2018-05-28 09:25:06','Record Physical Count under Stickers Invetory Stocks ','inventory'),(426,'10','2018-05-28 09:25:13','Record Physical Count under Stickers Invetory Stocks ','inventory'),(427,'3','2018-05-28 09:25:28','Record Physical Count under Stickers Invetory Stocks ','inventory'),(428,'10','2018-05-28 09:25:35','Record Physical Count under Stickers Invetory Stocks ','inventory'),(429,'17','2018-05-28 09:25:40','Record Physical Count under Stickers Invetory Stocks ','inventory'),(430,'3','2018-05-28 09:25:50','Record Physical Count under Stickers Invetory Stocks ','inventory'),(431,'10','2018-05-28 09:26:03','Record Physical Count under Stickers Invetory Stocks ','inventory'),(432,'3','2018-05-28 09:26:16','Record Physical Count under Stickers Invetory Stocks ','inventory'),(433,'10','2018-05-28 09:26:27','Record Physical Count under Stickers Invetory Stocks ','inventory'),(434,'3','2018-05-28 09:26:38','Record Physical Count under Stickers Invetory Stocks ','inventory'),(435,'17','2018-05-28 09:26:58','Record Physical Count under Stickers Invetory Stocks ','inventory'),(436,'10','2018-05-28 09:27:04','Record Physical Count under Stickers Invetory Stocks ','inventory'),(437,'3','2018-05-28 09:27:05','Record Physical Count under Stickers Invetory Stocks ','inventory'),(438,'10','2018-05-28 09:27:25','Record Physical Count under Stickers Invetory Stocks ','inventory'),(439,'3','2018-05-28 09:27:34','Record Physical Count under Stickers Invetory Stocks ','inventory'),(440,'16','2018-05-28 09:34:09','Added Purchase Order for ABS CBN ','sales'),(441,'16','2018-05-28 09:34:29','Added Purchase Order for ATACOGMAC ','sales'),(442,'16','2018-05-28 09:34:58','Added Purchase Order for Baguio Country Club ','sales'),(443,'17','2018-05-28 09:35:18','Record Partial Payment ','inventory'),(444,'16','2018-05-28 09:35:23','Added Purchase Order for Best Western Oxford Suites ','sales'),(445,'16','2018-05-28 09:35:42','Added Purchase Order for Bioessence ','sales'),(446,'16','2018-05-28 09:36:04','Added Purchase Order for Blackwoods ','sales'),(447,'17','2018-05-28 09:36:10','Record Partial Payment ','inventory'),(448,'16','2018-05-28 09:36:18','Added Purchase Order for Bloomfield Hotel (Patch Cafe) ','sales'),(449,'16','2018-05-28 09:36:32','Added Purchase Order for Bote Central Roasting Machine ','sales'),(450,'12','2018-05-28 09:36:33',' Mark ABS CBN\'s orders as Fully Delivered ','sales'),(451,'16','2018-05-28 09:36:54','Added Purchase Order for Bowknot Brewery Inc. ','sales'),(452,'16','2018-05-28 09:37:07','Added Purchase Order for Bread House ','sales'),(453,'2','2018-05-28 09:37:16','Purchased Order ','inventory'),(454,'17','2018-05-28 09:37:29','Record Partial Payment ','inventory'),(455,'16','2018-05-28 09:37:30','Added Purchase Order for Cafe Caw ','sales'),(456,'16','2018-05-28 09:37:54','Added Purchase Order for Cafe de Manor ','sales'),(457,'12','2018-05-28 09:38:00',' Mark ATACOGMAC\'s orders as Fully Delivered ','sales'),(458,'16','2018-05-28 09:38:22','Added Purchase Order for Cafe de Seoul ','sales'),(459,'17','2018-05-28 09:38:23','Record Partial Payment ','inventory'),(460,'16','2018-05-28 09:38:48','Added Purchase Order for Camp John Hay Golf Club ','sales'),(461,'12','2018-05-28 09:38:58',' Mark Baguio Country Club\'s orders as Fully Delivered ','sales'),(462,'16','2018-05-28 09:39:07','Added Purchase Order for Canto Restaurant ','sales'),(463,'17','2018-05-28 09:39:16','Record Partial Payment ','inventory'),(464,'12','2018-05-28 09:39:55',' Mark Best Western Oxford Suites\'s orders as Fully Delivered ','sales'),(465,'16','2018-05-28 09:40:01','Added Purchase Order for Citrus Restaurant ','sales'),(466,'17','2018-05-28 09:40:09','Record Partial Payment ','inventory'),(467,'16','2018-05-28 09:40:21','Added Purchase Order for Colleen Curran ','sales'),(468,'16','2018-05-28 09:40:45','Added Purchase Order for Connies Kitchen ','sales'),(469,'2','2018-05-28 09:40:50','Purchased Order ','inventory'),(470,'17','2018-05-28 09:40:56','Record Partial Payment ','inventory'),(471,'18','2018-05-28 09:40:58','Record Partial Delivery ','inventory'),(472,'16','2018-05-28 09:41:03','Added Purchase Order for Cosy\'s Cafe and Roasterie ','sales'),(473,'12','2018-05-28 09:41:13',' Mark Bioessence\'s orders as Fully Delivered ','sales'),(474,'16','2018-05-28 09:41:19','Added Purchase Order for Edwin Hui ','sales'),(475,'17','2018-05-28 09:41:33','Record Partial Payment ','inventory'),(476,'18','2018-05-28 09:41:41','Record Partial Delivery ','inventory'),(477,'2','2018-05-28 09:41:44','Purchased Order ','inventory'),(478,'2','2018-05-28 09:42:40','Purchased Order ','inventory'),(479,'17','2018-05-28 09:42:49','Record Partial Payment ','inventory'),(480,'7','2018-05-28 09:43:03',' Mark Cosy\'s Cafe and Roasterie\'s orders as Fully Delivered ','sales'),(481,'2','2018-05-28 09:43:41','Purchased Order ','inventory'),(482,'17','2018-05-28 09:43:44','Record Partial Payment ','inventory'),(483,'7','2018-05-28 09:44:01',' Mark Edwin Hui\'s orders as Fully Delivered ','sales'),(484,'18','2018-05-28 09:44:16','Record Partial Delivery ','inventory'),(485,'12','2018-05-28 09:44:18',' Mark Blackwoods\'s orders as Fully Delivered ','sales'),(486,'17','2018-05-28 09:44:26','Record Partial Payment ','inventory'),(487,'2','2018-05-28 09:44:58','Purchased Order ','inventory'),(488,'17','2018-05-28 09:45:10','Record Partial Payment ','inventory'),(489,'7','2018-05-28 09:45:21',' Mark Connies Kitchen\'s orders as Fully Delivered ','sales'),(490,'18','2018-05-28 09:45:22','Record Partial Delivery ','inventory'),(491,'12','2018-05-28 09:45:57',' Mark Bloomfield Hotel (Patch Cafe)\'s orders as Fully Delivered ','sales'),(492,'16','2018-05-28 09:46:02',' Mark ABS CBN\'s orders as Fully Paid ','sales'),(493,'18','2018-05-28 09:46:02','Record Partial Delivery ','inventory'),(494,'17','2018-05-28 09:46:12','Record Partial Payment ','inventory'),(495,'7','2018-05-28 09:46:22',' Mark Citrus Restaurant\'s orders as Fully Delivered ','sales'),(496,'16','2018-05-28 09:46:48',' Mark ATACOGMAC\'s orders as Fully Paid ','sales'),(497,'18','2018-05-28 09:46:53','Record Partial Delivery ','inventory'),(498,'7','2018-05-28 09:46:58',' Mark Colleen Curran\'s orders as Fully Delivered ','sales'),(499,'17','2018-05-28 09:47:05','Record Partial Payment ','inventory'),(500,'12','2018-05-28 09:47:25',' Mark Bote Central Roasting Machine\'s orders as Fully Delivered ','sales'),(501,'17','2018-05-28 09:48:03','Record Partial Payment ','inventory'),(502,'16','2018-05-28 09:48:10',' Mark Baguio Country Club\'s orders as Fully Paid ','sales'),(503,'7','2018-05-28 09:48:14',' Mark Canto Restaurant\'s orders as Fully Delivered ','sales'),(504,'12','2018-05-28 09:48:36',' Mark Bowknot Brewery Inc.\'s orders as Fully Delivered ','sales'),(505,'17','2018-05-28 09:48:40','Record Partial Payment ','inventory'),(506,'7','2018-05-28 09:48:46',' Mark Camp John Hay Golf Club\'s orders as Fully Delivered ','sales'),(507,'17','2018-05-28 09:49:16','Record Partial Payment ','inventory'),(508,'16','2018-05-28 09:49:18',' Mark Best Western Oxford Suites\'s orders as Fully Paid ','sales'),(509,'7','2018-05-28 09:49:32',' Mark Cafe de Seoul\'s orders as Fully Delivered ','sales'),(510,'12','2018-05-28 09:49:40',' Mark Bread House\'s orders as Fully Delivered ','sales'),(511,'12','2018-05-28 09:50:37',' Mark Cafe Caw\'s orders as Fully Delivered ','sales'),(512,'17','2018-05-28 09:50:39','Record Partial Payment ','inventory'),(513,'7','2018-05-28 09:50:40',' Mark Cafe de Manor\'s orders as Fully Delivered ','sales'),(514,'16','2018-05-28 09:50:55',' Mark Bioessence\'s orders as Fully Paid ','sales'),(515,'17','2018-05-28 09:51:14','Record Partial Payment ','inventory'),(516,'17','2018-05-28 09:51:57','Record Partial Payment ','inventory'),(517,'16','2018-05-28 09:52:03',' Mark Blackwoods\'s orders as Fully Paid ','sales'),(518,'7','2018-05-28 09:52:19',' Mark Bloomfield Hotel (Patch Cafe)\'s orders as Fully Paid ','sales'),(519,'12','2018-05-28 09:52:27',' Mark Colleen Curran\'s orders as Fully Paid ','sales'),(520,'17','2018-05-28 09:52:36','Record Partial Payment ','inventory'),(521,'17','2018-05-28 09:52:57','Record Partial Payment ','inventory'),(522,'18','2018-05-28 09:53:06','Record Partial Payment ','inventory'),(523,'12','2018-05-28 09:53:39',' Mark Connies Kitchen\'s orders as Fully Paid ','sales'),(524,'17','2018-05-28 09:53:46','Record Partial Payment ','inventory'),(525,'18','2018-05-28 09:53:55','Record Partial Payment ','inventory'),(526,'7','2018-05-28 09:53:56',' Mark Bote Central Roasting Machine\'s orders as Fully Paid ','sales'),(527,'16','2018-05-28 09:53:58',' Mark Cafe de Manor\'s orders as Fully Paid ','sales'),(528,'17','2018-05-28 09:54:23','Record Partial Payment ','inventory'),(529,'18','2018-05-28 09:54:37','Record Partial Payment ','inventory'),(530,'12','2018-05-28 09:54:40',' Mark Cosy\'s Cafe and Roasterie\'s orders as Fully Paid ','sales'),(531,'7','2018-05-28 09:54:41',' Mark Bowknot Brewery Inc.\'s orders as Fully Paid ','sales'),(532,'17','2018-05-28 09:55:12','Record Partial Payment ','inventory'),(533,'7','2018-05-28 09:55:19',' Mark Bread House\'s orders as Fully Paid ','sales'),(534,'18','2018-05-28 09:55:23','Record Partial Payment ','inventory'),(535,'12','2018-05-28 09:55:38',' Mark Edwin Hui\'s orders as Fully Paid ','sales'),(536,'18','2018-05-28 09:55:54','Record Partial Payment ','inventory'),(537,'17','2018-05-28 09:55:57','Record Partial Payment ','inventory'),(538,'7','2018-05-28 09:55:58',' Mark Cafe Caw\'s orders as Fully Paid ','sales'),(539,'16','2018-05-28 09:56:01',' Mark Cafe de Seoul\'s orders as Fully Paid ','sales'),(540,'17','2018-05-28 09:56:29','Record Partial Payment ','inventory'),(541,'16','2018-05-28 09:56:32',' Mark Camp John Hay Golf Club\'s orders as Fully Paid ','sales'),(542,'18','2018-05-28 09:56:46','Record Partial Payment ','inventory'),(543,'16','2018-05-28 09:57:10',' Mark Canto Restaurant\'s orders as Fully Paid ','sales'),(544,'17','2018-05-28 09:57:12','Record Partial Payment ','inventory'),(545,'7','2018-05-28 09:57:15',' Mark Citrus Restaurant\'s orders as Fully Paid ','sales'),(546,'18','2018-05-28 09:57:18','Record Partial Payment ','inventory'),(547,'17','2018-05-28 09:57:40','Record Partial Payment ','inventory'),(548,'16','2018-05-28 10:25:08','Added Purchase Order for Escala ','sales'),(549,'16','2018-05-28 10:25:31','Added Purchase Order for Eurotel Baguio ','sales'),(550,'16','2018-05-28 10:25:51','Added Purchase Order for Fil Estate ','sales'),(551,'16','2018-05-28 10:26:07','Added Purchase Order for Forest Hills (PAR72) ','sales'),(552,'16','2018-05-28 10:26:30','Added Purchase Order for Gerry\'s Grill Purchasing ','sales'),(553,'16','2018-05-28 10:26:47','Added Purchase Order for GMA ','sales'),(554,'16','2018-05-28 10:27:02','Added Purchase Order for Grumpy Joe ','sales'),(555,'16','2018-05-28 10:27:18','Added Purchase Order for Gweilo Corp (Amelie Hotel) ','sales'),(556,'4','2018-05-28 10:29:53','Added Purchase Order for Hoals Company ','sales'),(557,'12','2018-05-28 10:30:01',' Mark Escala\'s orders as Fully Delivered ','sales'),(558,'2','2018-05-28 10:30:08','Purchased Order ','inventory'),(559,'18','2018-05-28 10:30:50','Record Partial Delivery ','inventory'),(560,'12','2018-05-28 10:31:09',' Mark Eurotel Baguio\'s orders as Fully Delivered ','sales'),(561,'3','2018-05-28 10:31:11',' Mark Gweilo Corp (Amelie Hotel)\'s orders as Fully Delivered ','sales'),(562,'17','2018-05-28 10:31:24','Record Partial Payment ','inventory'),(563,'4','2018-05-28 10:31:51',' Mark Escala\'s orders as Fully Paid ','sales'),(564,'3','2018-05-28 10:32:06',' Mark Hoals Company\'s orders as Fully Delivered ','sales'),(565,'12','2018-05-28 10:32:19',' Mark Fil Estate\'s orders as Fully Delivered ','sales'),(566,'4','2018-05-28 10:32:36',' Mark Eurotel Baguio\'s orders as Fully Paid ','sales'),(567,'3','2018-05-28 10:32:40',' Mark Grumpy Joe\'s orders as Fully Delivered ','sales'),(568,'3','2018-05-28 10:33:15',' Mark GMA\'s orders as Fully Delivered ','sales'),(569,'12','2018-05-28 10:33:21',' Mark Forest Hills (PAR72)\'s orders as Fully Delivered ','sales'),(570,'4','2018-05-28 10:33:26',' Mark Fil Estate\'s orders as Fully Paid ','sales'),(571,'12','2018-05-28 10:34:47',' Mark Gerry\'s Grill Purchasing\'s orders as Fully Delivered ','sales'),(572,'4','2018-05-28 10:35:10',' Mark Forest Hills (PAR72)\'s orders as Fully Paid ','sales'),(573,'3','2018-05-28 10:35:29','Added other Purchase Order ','sales'),(574,'4','2018-05-28 10:36:12',' Mark Gerry\'s Grill Purchasing\'s orders as Fully Paid ','sales'),(575,'4','2018-05-28 10:36:52',' Mark GMA\'s orders as Fully Paid ','sales'),(576,'3','2018-05-28 10:37:10','Added other Purchase Order ','sales'),(577,'3','2018-05-28 10:37:41','Added other Purchase Order ','sales'),(578,'3','2018-05-28 10:38:01','Added other Purchase Order ','sales'),(579,'3','2018-05-28 10:38:23','Added other Purchase Order ','sales'),(580,'3','2018-05-28 10:38:41','Added other Purchase Order ','sales'),(581,'3','2018-05-28 10:39:10','Added other Purchase Order ','sales'),(582,'3','2018-05-28 10:42:46','Added other Purchase Order ','sales'),(583,'3','2018-05-28 10:43:09','Added other Purchase Order ','sales'),(584,'3','2018-05-28 10:43:11','Added other Purchase Order ','sales'),(585,'3','2018-05-28 10:43:53','Added other Purchase Order ','sales'),(586,'3','2018-05-28 10:44:35','Added other Purchase Order ','sales'),(587,'3','2018-05-28 10:45:02','Added other Purchase Order ','sales'),(588,'3','2018-05-28 10:45:28','Added other Purchase Order ','sales'),(589,'3','2018-05-28 10:45:30','Added other Purchase Order ','sales'),(590,'4','2018-05-28 11:25:36','Added Purchase Order for John Hay Water System, Inc. ','sales'),(591,'4','2018-05-28 11:25:53','Added Purchase Order for Kahuna Beach Resort and Spa ','sales'),(592,'4','2018-05-28 11:26:28','Added Purchase Order for Keiffeir Coffee Shop ','sales'),(593,'2','2018-05-28 11:26:37','Purchased Order ','inventory'),(594,'4','2018-05-28 11:26:55','Added Purchase Order for  Kintetsu World Express ','sales'),(595,'2','2018-05-28 11:27:04','Activated: Bioessence under Coffee Service ','admin'),(596,'4','2018-05-28 11:27:13','Added Purchase Order for La Casa Blanca ','sales'),(597,'2','2018-05-28 11:27:27','Activated: Burt Company under Retail ','admin'),(598,'4','2018-05-28 11:27:58','Added Purchase Order for La Parilla ','sales'),(599,'2','2018-05-28 11:28:09','Deactivated: Citrus Restaurant under Coffee Service ','admin'),(600,'4','2018-05-28 11:28:15','Added Purchase Order for La Tienda ','sales'),(601,'2','2018-05-28 11:28:22','Deactivated: Citrus Restaurant under Coffee Service ','admin'),(602,'12','2018-05-28 11:28:26',' Mark John Hay Water System, Inc.\'s orders as Fully Delivered ','sales'),(603,'2','2018-05-28 11:28:39','Deactivated: Citrus Restaurant under Coffee Service ','admin'),(604,'4','2018-05-28 11:28:42','Added Purchase Order for La Tienda ','sales'),(605,'7','2018-05-28 11:28:54',' Mark La Casa Blanca\'s orders as Fully Delivered ','sales'),(606,'4','2018-05-28 11:29:01','Added Purchase Order for Le Chef -Paranaque ','sales'),(607,'2','2018-05-28 11:29:04','Deactivated: Citrus Restaurant under Coffee Service ','admin'),(608,'4','2018-05-28 11:29:18','Added Purchase Order for Le Chef Accounting ','sales'),(609,'12','2018-05-28 11:29:22',' Mark Kahuna Beach Resort and Spa\'s orders as Fully Delivered ','sales'),(610,'2','2018-05-28 11:29:29','Deactivated: Bloomfield Hotel (Patch Cafe) under Retail ','admin'),(611,'4','2018-05-28 11:29:34','Added Purchase Order for Le Chef Accounting ','sales'),(612,'2','2018-05-28 11:29:35','Deactivated: Bloomfield Hotel (Patch Cafe) under Retail ','admin'),(613,'4','2018-05-28 11:29:55','Added Purchase Order for Le Chef Golf ','sales'),(614,'2','2018-05-28 11:30:06','Activated: Bioessence under Coffee Service ','admin'),(615,'4','2018-05-28 11:30:15','Added Purchase Order for Le Chef Manor ','sales'),(616,'12','2018-05-28 11:31:00',' Mark Keiffeir Coffee Shop\'s orders as Fully Delivered ','sales'),(617,'2','2018-05-28 11:31:08','Activated: Bioessence under Coffee Service ','admin'),(618,'7','2018-05-28 11:31:31',' Mark Le Chef Manor\'s orders as Fully Delivered ','sales'),(619,'4','2018-05-28 11:31:33',' Mark John Hay Water System, Inc.\'s orders as Fully Paid ','sales'),(620,'12','2018-05-28 11:32:03',' Mark  Kintetsu World Express\'s orders as Fully Delivered ','sales'),(621,'7','2018-05-28 11:32:21',' Mark Le Chef Golf\'s orders as Fully Delivered ','sales'),(622,'4','2018-05-28 11:32:38',' Mark Kahuna Beach Resort and Spa\'s orders as Fully Paid ','sales'),(623,'7','2018-05-28 11:33:01',' Mark Le Chef Accounting\'s orders as Fully Delivered ','sales'),(624,'12','2018-05-28 11:33:08',' Mark La Parilla\'s orders as Fully Delivered ','sales'),(625,'4','2018-05-28 11:33:28',' Mark Keiffeir Coffee Shop\'s orders as Fully Paid ','sales'),(626,'2','2018-05-28 11:33:43','Activated: Bioessence under Coffee Service ','admin'),(627,'7','2018-05-28 11:33:47',' Mark Le Chef Accounting\'s orders as Fully Delivered ','sales'),(628,'12','2018-05-28 11:34:04',' Mark La Tienda\'s orders as Fully Delivered ','sales'),(629,'4','2018-05-28 11:34:06',' Mark  Kintetsu World Express\'s orders as Fully Paid ','sales'),(630,'2','2018-05-28 11:34:18','Deactivated: Bioessence under Coffee Service ','admin'),(631,'7','2018-05-28 11:34:23',' Mark Le Chef -Paranaque\'s orders as Fully Delivered ','sales'),(632,'4','2018-05-28 11:34:50',' Mark La Casa Blanca\'s orders as Fully Paid ','sales'),(633,'2','2018-05-28 11:35:12','Activated: Burt Company under Retail ','admin'),(634,'12','2018-05-28 11:35:19',' Mark La Tienda\'s orders as Fully Delivered ','sales'),(635,'2','2018-05-28 11:35:49','Activated: Bioessence under Coffee Service ','admin'),(636,'2','2018-05-28 11:35:55','Deactivated: Bioessence under Coffee Service ','admin'),(637,'18','2018-05-28 11:37:24','Record Partial Delivery ','inventory'),(638,'2','2018-05-28 11:37:39','Purchased Order ','inventory'),(639,'17','2018-05-28 11:37:52','Record Partial Payment ','inventory'),(640,'18','2018-05-28 11:38:29','Record Partial Delivery ','inventory'),(641,'17','2018-05-28 11:39:13','Record Partial Payment ','inventory'),(642,'2','2018-05-28 11:55:16','Record Physical Count under Machine Inventory Stocks ','inventory'),(643,'2','2018-05-28 12:04:38','Record Physical Count under Machine Inventory Stocks ','inventory'),(644,'2','2018-05-28 12:05:42','Record Physical Count under Machine Inventory Stocks ','inventory'),(645,'2','2018-05-28 12:06:36','Record Physical Count under Raw Coffee Stocks ','inventory'),(646,'17','2018-05-28 12:08:07','Record Physical Count under Packaging Inventory Stocks ','inventory'),(647,'2','2018-05-28 12:08:08','Record Physical Count under Raw Coffee Stocks ','inventory'),(648,'3','2018-05-28 12:08:09','Record Physical Count under Machine Inventory Stocks ','inventory'),(649,'3','2018-05-28 12:08:32','Record Physical Count under Machine Inventory Stocks ','inventory'),(650,'17','2018-05-28 12:08:50','Record Physical Count under Packaging Inventory Stocks ','inventory'),(651,'3','2018-05-28 12:08:51','Record Physical Count under Machine Inventory Stocks ','inventory'),(652,'2','2018-05-28 12:09:09','Record Physical Count under Raw Coffee Stocks ','inventory'),(653,'3','2018-05-28 12:09:13','Record Physical Count under Machine Inventory Stocks ','inventory'),(654,'17','2018-05-28 12:09:19','Record Physical Count under Packaging Inventory Stocks ','inventory'),(655,'3','2018-05-28 12:09:34','Record Physical Count under Machine Inventory Stocks ','inventory'),(656,'17','2018-05-28 12:10:37','Record Physical Count under Packaging Inventory Stocks ','inventory'),(657,'8','2018-05-28 12:10:51','Record Physical Count under Stickers Invetory Stocks ','inventory'),(658,'2','2018-05-28 12:10:59','Record Physical Count under Raw Coffee Stocks ','inventory'),(659,'2','2018-05-28 12:11:21','Record Physical Count under Raw Coffee Stocks ','inventory'),(660,'17','2018-05-28 12:11:35','Record Physical Count under Packaging Inventory Stocks ','inventory'),(661,'2','2018-05-28 12:11:50','Record Physical Count under Raw Coffee Stocks ','inventory'),(662,'3','2018-05-28 12:11:59','Record Physical Count under Stickers Invetory Stocks ','inventory'),(663,'17','2018-05-28 12:12:06','Record Physical Count under Packaging Inventory Stocks ','inventory'),(664,'2','2018-05-28 12:12:14','Record Physical Count under Raw Coffee Stocks ','inventory'),(665,'2','2018-05-28 12:12:36','Record Physical Count under Raw Coffee Stocks ','inventory'),(666,'3','2018-05-28 12:12:43','Record Physical Count under Stickers Invetory Stocks ','inventory'),(667,'2','2018-05-28 12:12:58','Record Physical Count under Raw Coffee Stocks ','inventory'),(668,'3','2018-05-28 12:13:14','Record Physical Count under Stickers Invetory Stocks ','inventory'),(669,'2','2018-05-28 12:13:34','Record Physical Count under Raw Coffee Stocks ','inventory'),(670,'3','2018-05-28 12:13:44','Record Physical Count under Stickers Invetory Stocks ','inventory'),(671,'2','2018-05-28 12:14:10','Record Physical Count under Raw Coffee Stocks ','inventory'),(672,'3','2018-05-28 12:14:43','Record Physical Count under Stickers Invetory Stocks ','inventory'),(673,'2','2018-05-28 12:15:10','Record Physical Count under Raw Coffee Stocks ','inventory'),(674,'3','2018-05-28 12:15:15','Record Physical Count under Stickers Invetory Stocks ','inventory'),(675,'3','2018-05-28 12:15:49','Record Physical Count under Stickers Invetory Stocks ','inventory'),(676,'2','2018-05-28 12:15:56','Record Physical Count under Raw Coffee Stocks ','inventory'),(677,'3','2018-05-28 12:16:14','Record Physical Count under Stickers Invetory Stocks ','inventory'),(678,'2','2018-05-28 12:16:36','Record Physical Count under Raw Coffee Stocks ','inventory'),(679,'3','2018-05-28 12:16:42','Record Physical Count under Stickers Invetory Stocks ','inventory'),(680,'2','2018-05-28 12:17:04','Record Physical Count under Raw Coffee Stocks ','inventory'),(681,'3','2018-05-28 12:17:10','Record Physical Count under Stickers Invetory Stocks ','inventory'),(682,'2','2018-05-28 12:17:28','Record Physical Count under Raw Coffee Stocks ','inventory'),(683,'3','2018-05-28 12:17:58','Record Physical Count under Stickers Invetory Stocks ','inventory'),(684,'3','2018-05-28 12:18:31','Record Physical Count under Stickers Invetory Stocks ','inventory'),(685,'3','2018-05-28 12:18:59','Record Physical Count under Stickers Invetory Stocks ','inventory'),(686,'2','2018-05-28 12:22:00','Record Physical Count under Raw Coffee Stocks ','inventory'),(687,'2','2018-05-28 12:22:29','Record Physical Count under Raw Coffee Stocks ','inventory'),(688,'2','2018-05-28 12:22:51','Record Physical Count under Raw Coffee Stocks ','inventory'),(689,'2','2018-05-28 12:23:29','Record Physical Count under Raw Coffee Stocks ','inventory'),(690,'2','2018-05-28 12:24:18','Record Physical Count under Packaging Inventory Stocks ','inventory'),(691,'2','2018-05-28 12:24:49','Record Physical Count under Stickers Invetory Stocks ','inventory'),(692,'2','2018-05-28 12:25:21','Record Physical Count under Stickers Invetory Stocks ','inventory'),(693,'2','2018-05-28 12:26:04','Record Physical Count under Stickers Invetory Stocks ','inventory'),(694,'2','2018-05-28 12:26:20','Record Physical Count under Stickers Invetory Stocks ','inventory'),(695,'2','2018-05-28 12:26:36','Record Physical Count under Stickers Invetory Stocks ','inventory'),(696,'2','2018-05-28 12:27:06','Record Physical Count under Stickers Invetory Stocks ','inventory'),(697,'2','2018-05-28 12:27:29','Record Physical Count under Stickers Invetory Stocks ','inventory'),(698,'2','2018-05-28 12:27:51','Record Physical Count under Stickers Invetory Stocks ','inventory'),(699,'2','2018-05-28 12:28:17','Record Physical Count under Stickers Invetory Stocks ','inventory'),(700,'2','2018-05-28 12:28:56','Record Physical Count under Stickers Invetory Stocks ','inventory'),(701,'2','2018-05-28 12:29:19','Record Physical Count under Stickers Invetory Stocks ','inventory'),(702,'3','2018-05-28 12:29:46','Record Physical Count under Stickers Invetory Stocks ','inventory'),(703,'3','2018-05-28 12:30:11','Record Physical Count under Stickers Invetory Stocks ','inventory'),(704,'2','2018-05-28 12:30:17','Record Physical Count under Stickers Invetory Stocks ','inventory'),(705,'3','2018-05-28 12:30:33','Record Physical Count under Stickers Invetory Stocks ','inventory'),(706,'2','2018-05-28 12:30:40','Record Physical Count under Stickers Invetory Stocks ','inventory'),(707,'3','2018-05-28 12:30:59','Record Physical Count under Stickers Invetory Stocks ','inventory'),(708,'2','2018-05-28 12:31:12','Record Physical Count under Stickers Invetory Stocks ','inventory'),(709,'3','2018-05-28 12:31:20','Record Physical Count under Stickers Invetory Stocks ','inventory'),(710,'2','2018-05-28 12:31:41','Record Physical Count under Stickers Invetory Stocks ','inventory'),(711,'3','2018-05-28 12:31:54','Record Physical Count under Stickers Invetory Stocks ','inventory'),(712,'2','2018-05-28 12:32:05','Record Physical Count under Stickers Invetory Stocks ','inventory'),(713,'3','2018-05-28 12:32:26','Record Physical Count under Stickers Invetory Stocks ','inventory'),(714,'2','2018-05-28 12:32:47','Record Physical Count under Stickers Invetory Stocks ','inventory'),(715,'8','2018-05-28 12:33:01','Record Physical Count under Stickers Invetory Stocks ','inventory'),(716,'3','2018-05-28 12:33:04','Record Physical Count under Stickers Invetory Stocks ','inventory'),(717,'2','2018-05-28 12:33:20','Record Physical Count under Stickers Invetory Stocks ','inventory'),(718,'3','2018-05-28 12:33:29','Record Physical Count under Stickers Invetory Stocks ','inventory'),(719,'8','2018-05-28 12:33:37','Record Physical Count under Stickers Invetory Stocks ','inventory'),(720,'2','2018-05-28 12:33:47','Record Physical Count under Stickers Invetory Stocks ','inventory'),(721,'3','2018-05-28 12:34:21','Record Physical Count under Stickers Invetory Stocks ','inventory'),(722,'8','2018-05-28 12:34:32','Record Physical Count under Stickers Invetory Stocks ','inventory'),(723,'2','2018-05-28 12:34:58','Record Physical Count under Stickers Invetory Stocks ','inventory'),(724,'8','2018-05-28 12:35:36','Record Physical Count under Stickers Invetory Stocks ','inventory'),(725,'2','2018-05-28 12:35:37','Record Physical Count under Stickers Invetory Stocks ','inventory'),(726,'3','2018-05-28 12:35:50','Record Physical Count under Stickers Invetory Stocks ','inventory'),(727,'8','2018-05-28 12:36:22','Record Physical Count under Stickers Invetory Stocks ','inventory'),(728,'3','2018-05-28 12:36:55','Record Physical Count under Stickers Invetory Stocks ','inventory'),(729,'8','2018-05-28 12:37:03','Record Physical Count under Stickers Invetory Stocks ','inventory'),(730,'3','2018-05-28 12:37:27','Record Physical Count under Stickers Invetory Stocks ','inventory'),(731,'2','2018-05-28 12:37:28','Record Physical Count under Stickers Invetory Stocks ','inventory'),(732,'8','2018-05-28 12:37:42','Record Physical Count under Stickers Invetory Stocks ','inventory'),(733,'2','2018-05-28 12:37:48','Record Physical Count under Stickers Invetory Stocks ','inventory'),(734,'3','2018-05-28 12:37:56','Record Physical Count under Stickers Invetory Stocks ','inventory'),(735,'2','2018-05-28 12:38:42','Record Physical Count under Stickers Invetory Stocks ','inventory'),(736,'8','2018-05-28 12:38:53','Record Physical Count under Stickers Invetory Stocks ','inventory'),(737,'2','2018-05-28 12:39:04','Record Physical Count under Stickers Invetory Stocks ','inventory'),(738,'3','2018-05-28 12:39:27','Record Physical Count under Stickers Invetory Stocks ','inventory'),(739,'8','2018-05-28 12:39:49','Record Physical Count under Stickers Invetory Stocks ','inventory'),(740,'3','2018-05-28 12:39:58','Record Physical Count under Stickers Invetory Stocks ','inventory'),(741,'3','2018-05-28 12:40:35','Record Physical Count under Stickers Invetory Stocks ','inventory'),(742,'8','2018-05-28 12:40:49','Record Physical Count under Stickers Invetory Stocks ','inventory'),(743,'3','2018-05-28 12:41:08','Record Physical Count under Stickers Invetory Stocks ','inventory'),(744,'2','2018-05-28 12:41:10','Record Physical Count under Machine Inventory Stocks ','inventory'),(745,'3','2018-05-28 12:41:56','Record Physical Count under Stickers Invetory Stocks ','inventory'),(746,'8','2018-05-28 12:41:57','Record Physical Count under Machine Inventory Stocks ','inventory'),(747,'2','2018-05-28 12:43:02','Record Physical Count under Machine Inventory Stocks ','inventory'),(748,'3','2018-05-28 12:43:55','Record Physical Count under Machine Inventory Stocks ','inventory'),(749,'3','2018-05-28 12:45:03','Record Physical Count under Machine Inventory Stocks ','inventory'),(750,'2','2018-05-28 14:12:45','Purchased Order ','inventory'),(751,'2','2018-05-28 14:13:49','Purchased Order ','inventory'),(752,'2','2018-05-28 14:14:19','Record Partial Delivery ','inventory'),(753,'2','2018-05-28 14:14:41','Record Partial Delivery ','inventory'),(754,'2','2018-05-28 14:15:05','Record Partial Delivery ','inventory'),(755,'2','2018-05-28 14:16:55','Purchased Order ','inventory'),(756,'17','2018-05-28 14:16:57','Record Partial Payment ','inventory'),(757,'3','2018-05-28 14:17:05','Added Purchase Order for ABS CBN ','sales'),(758,'3','2018-05-28 14:17:21','Added Purchase Order for ATACOGMAC ','sales'),(759,'17','2018-05-28 14:17:23','Record Partial Payment ','inventory'),(760,'2','2018-05-28 14:17:24','Purchased Order ','inventory'),(761,'3','2018-05-28 14:17:35','Added Purchase Order for Baguio Country Club ','sales'),(762,'3','2018-05-28 14:17:52','Added Purchase Order for Best Western Oxford Suites ','sales'),(763,'2','2018-05-28 14:18:07','Purchased Order ','inventory'),(764,'3','2018-05-28 14:18:12','Added Purchase Order for Blackwoods ','sales'),(765,'3','2018-05-28 14:18:32','Added Purchase Order for Bloomfield Hotel (Patch Cafe) ','sales'),(766,'2','2018-05-28 14:18:41','Purchased Order ','inventory'),(767,'3','2018-05-28 14:18:46','Added Purchase Order for Cafe Caw ','sales'),(768,'3','2018-05-28 14:19:09','Added Purchase Order for Cafe de Manor ','sales'),(769,'18','2018-05-28 14:19:14','Record Partial Delivery ','inventory'),(770,'2','2018-05-28 14:19:25','Purchased Order ','inventory'),(771,'3','2018-05-28 14:19:26','Added Purchase Order for Cafe de Seoul ','sales'),(772,'3','2018-05-28 14:19:42','Added Purchase Order for Canto Restaurant ','sales'),(773,'18','2018-05-28 14:19:45','Record Partial Delivery ','inventory'),(774,'17','2018-05-28 14:20:04','Record Partial Payment ','inventory'),(775,'18','2018-05-28 14:20:13','Record Partial Delivery ','inventory'),(776,'3','2018-05-28 14:20:30','Added Purchase Order for Citrus Restaurant ','sales'),(777,'2','2018-05-28 14:20:30','Purchased Order ','inventory'),(778,'3','2018-05-28 14:20:44','Added Purchase Order for Edwin Hui ','sales'),(779,'3','2018-05-28 14:21:12','Added Purchase Order for Escala ','sales'),(780,'17','2018-05-28 14:21:12','Record Partial Payment ','inventory'),(781,'3','2018-05-28 14:21:37','Added Purchase Order for Eurotel Baguio ','sales'),(782,'3','2018-05-28 14:21:54','Added Purchase Order for Fil Estate ','sales'),(783,'3','2018-05-28 14:21:54','Added Purchase Order for Fil Estate ','sales'),(784,'3','2018-05-28 14:22:10','Added Purchase Order for Forest Hills (PAR72) ','sales'),(785,'3','2018-05-28 14:22:25','Added Purchase Order for Gerry\'s Grill Purchasing ','sales'),(786,'3','2018-05-28 14:22:41','Added Purchase Order for GMA ','sales'),(787,'3','2018-05-28 14:22:54','Added Purchase Order for Gweilo Corp (Amelie Hotel) ','sales'),(788,'2','2018-05-28 14:23:02','Purchased Order ','inventory'),(789,'3','2018-05-28 14:23:09','Added Purchase Order for John Hay Water System, Inc. ','sales'),(790,'17','2018-05-28 14:23:28','Record Partial Delivery ','inventory'),(791,'3','2018-05-28 14:23:28','Added Purchase Order for Kahuna Beach Resort and Spa ','sales'),(792,'3','2018-05-28 14:23:55','Added Purchase Order for Wackie Shop ','sales'),(793,'17','2018-05-28 14:24:04','Record Partial Payment ','inventory'),(794,'3','2018-05-28 14:24:19','Added Purchase Order for TJ Company ','sales'),(795,'3','2018-05-28 14:24:33','Added Purchase Order for Three Sister Cafe ','sales'),(796,'2','2018-05-28 14:24:34','Record Partial Delivery ','inventory'),(797,'3','2018-05-28 14:25:07','Added Purchase Order for Prof. Valentino Macanes ','sales'),(798,'2','2018-05-28 14:25:27','Record Partial Delivery ','inventory'),(799,'3','2018-05-28 14:25:30','Added Purchase Order for Mr. Hapi Bakery & Mami House ','sales'),(800,'3','2018-05-28 14:25:43','Added Purchase Order for Mario\'s Restaurant (Q.C) ','sales'),(801,'3','2018-05-28 14:25:57','Added Purchase Order for She Diner ','sales'),(802,'2','2018-05-28 14:26:02','Record Partial Delivery ','inventory'),(803,'3','2018-05-28 14:26:30','Added Purchase Order for Mario\'s Restaurant (Baguio) ','sales'),(804,'3','2018-05-28 14:26:47','Added Purchase Order for Lighthouse Marina Resort ','sales'),(805,'3','2018-05-28 14:27:02','Added Purchase Order for Lemon & Olives ','sales'),(806,'3','2018-05-28 14:27:19','Added Purchase Order for Le Festin Trading, Inc. (Gourmet) ','sales'),(807,'3','2018-05-28 14:27:37','Added Purchase Order for Le Chef Southwoods ','sales'),(808,'3','2018-05-28 14:28:42','Added Purchase Order for Le Chef Manor ','sales'),(809,'3','2018-05-28 14:29:09','Added Purchase Order for Le Chef Golf ','sales'),(810,'3','2018-05-28 14:29:26','Added Purchase Order for Le Chef -Paranaque ','sales'),(811,'3','2018-05-28 14:30:40','Added Purchase Order for La Tienda ','sales'),(812,'3','2018-05-28 14:31:01','Added Purchase Order for La Tienda ','sales'),(813,'3','2018-05-28 14:31:26','Added Purchase Order for  Kintetsu World Express ','sales'),(814,'3','2018-05-28 14:31:42','Added Purchase Order for Keiffeir Coffee Shop ','sales'),(815,'4','2018-05-28 14:32:06',' Mark Best Western Oxford Suites\'s orders as Fully Delivered ','sales'),(816,'3','2018-05-28 14:32:09','Added Purchase Order for Kahuna Beach Resort and Spa ','sales'),(817,'3','2018-05-28 14:32:40','Added Purchase Order for Hoals Company ','sales'),(818,'3','2018-05-28 14:32:58','Added Purchase Order for John Hay Water System, Inc. ','sales'),(819,'4','2018-05-28 14:34:21',' Mark Citrus Restaurant\'s orders as Partially Delivered ','sales'),(820,'4','2018-05-28 14:35:52',' Mark Cafe Caw\'s orders as Partially Delivered ','sales'),(821,'4','2018-05-28 14:37:24',' Mark Wackie Shop\'s orders as Partially Delivered ','sales'),(822,'4','2018-05-28 14:41:04',' Mark Lighthouse Marina Resort\'s orders as Fully Delivered ','sales'),(823,'4','2018-05-28 14:43:00',' Mark Mario\'s Restaurant (Baguio)\'s orders as Partially Delivered ','sales'),(824,'4','2018-05-28 14:49:18',' Mark Citrus Restaurant\'s orders as Partially Delivered ','sales'),(825,'3','2018-05-28 14:50:32',' Mark Wackie Shop\'s orders as Partially Delivered ','sales'),(826,'3','2018-05-28 14:51:41',' Mark Blackwoods\'s orders as Partially Delivered ','sales'),(827,'4','2018-05-28 14:53:13',' Mark Citrus Restaurant\'s orders as Partially Paid ','sales'),(828,'3','2018-05-28 14:54:10',' Mark Canto Restaurant\'s orders as Partially Delivered ','sales'),(829,'4','2018-05-28 14:54:51',' Mark Le Chef Manor\'s orders as Fully Paid ','sales'),(830,'4','2018-05-28 14:57:03',' Mark Canto Restaurant\'s orders as Fully Paid ','sales'),(831,'4','2018-05-28 15:03:24',' Mark Cafe de Manor\'s orders as Fully Delivered ','sales'),(832,'4','2018-05-28 15:08:12',' Mark Citrus Restaurant\'s orders as Fully Paid ','sales'),(833,'7','2018-05-28 15:10:28','Added Purchase Order for Grumpy Joe ','sales'),(834,'4','2018-05-28 15:12:14',' Mark Grumpy Joe\'s orders as Fully Delivered ','sales'),(835,'4','2018-05-28 15:19:18',' Mark Le Chef Southwoods\'s orders as Fully Delivered ','sales'),(836,'4','2018-05-28 15:26:45',' Mark Kahuna Beach Resort and Spa\'s orders as Fully Delivered ','sales'),(837,'4','2018-05-28 15:28:35',' Mark Kahuna Beach Resort and Spa\'s orders as Fully Delivered ','sales'),(838,'4','2018-05-28 15:32:24','Mark Bioessence\'s orders as Returned ','sales'),(839,'4','2018-05-28 15:35:02','Mark Lemon & Olives\'s orders as Returned ','sales'),(840,'4','2018-05-28 15:36:09','Mark Citrus Restaurant\'s orders as Returned ','sales'),(841,'4','2018-05-28 15:41:00','Mark Mr. Hapi Bakery & Mami House\'s orders as Returned ','sales'),(842,'4','2018-05-28 15:42:31','Mark ABS CBN\'s orders as Returned ','sales'),(843,'7','2018-05-28 15:44:41','Returned 2 Fiesta Blend from Walkin Sales ','sales'),(844,'7','2018-05-28 15:45:42','Returned 1 Sumatra Night Blend from Walkin Sales ','sales'),(845,'7','2018-05-28 15:46:27','Returned 2 Espresso Blend from Walkin Sales ','sales'),(846,'7','2018-05-28 15:46:50','Returned 1 Chefs Blend from Walkin Sales ','sales');
/*!40000 ALTER TABLE `activitylogs` ENABLE KEYS */;
UNLOCK TABLES;

--
-- Table structure for table `category`
--

DROP TABLE IF EXISTS `category`;
/*!40101 SET @saved_cs_client     = @@character_set_client */;
/*!40101 SET character_set_client = utf8 */;
CREATE TABLE `category` (
  `categoryId` int(11) NOT NULL AUTO_INCREMENT,
  `category` varchar(45) NOT NULL,
  `activation` int(11) DEFAULT '1',
  PRIMARY KEY (`categoryId`)
) ENGINE=InnoDB DEFAULT CHARSET=latin1;
/*!40101 SET character_set_client = @saved_cs_client */;

--
-- Dumping data for table `category`
--

LOCK TABLES `category` WRITE;
/*!40000 ALTER TABLE `category` DISABLE KEYS */;
/*!40000 ALTER TABLE `category` ENABLE KEYS */;
UNLOCK TABLES;

--
-- Table structure for table `client_coffreturn`
--

DROP TABLE IF EXISTS `client_coffreturn`;
/*!40101 SET @saved_cs_client     = @@character_set_client */;
/*!40101 SET character_set_client = utf8 */;
CREATE TABLE `client_coffreturn` (
  `client_coffReturnID` int(11) NOT NULL AUTO_INCREMENT,
  `client_dr` varchar(20) NOT NULL,
  `client_deliveryID` int(11) NOT NULL,
  `coff_returnDate` date NOT NULL,
  `coff_returnQty` int(11) NOT NULL,
  `coff_remarks` varchar(50) NOT NULL,
  `coff_returnAction` varchar(50) NOT NULL,
  `coff_resolveDate` date DEFAULT NULL,
  `resolved` enum('Yes','No') NOT NULL DEFAULT 'No',
  `inv_stat` varchar(45) NOT NULL DEFAULT '0',
  `pckng_stat` varchar(45) NOT NULL DEFAULT '0',
  `stckr_stat` varchar(45) NOT NULL DEFAULT '0',
  `walkinPo_id` varchar(45) NOT NULL,
  PRIMARY KEY (`client_coffReturnID`)
) ENGINE=InnoDB AUTO_INCREMENT=10 DEFAULT CHARSET=latin1;
/*!40101 SET character_set_client = @saved_cs_client */;

--
-- Dumping data for table `client_coffreturn`
--

LOCK TABLES `client_coffreturn` WRITE;
/*!40000 ALTER TABLE `client_coffreturn` DISABLE KEYS */;
INSERT INTO `client_coffreturn` VALUES (1,'DR007',7,'2018-05-02',350,'Spoiled','',NULL,'No','0','0','0',''),(2,'DR046',53,'2018-05-27',100,'Damaged Packaging','',NULL,'No','0','0','0',''),(3,'DR019',18,'2018-05-25',300,'Spoiled','',NULL,'No','0','0','0',''),(4,'DR140',52,'2018-05-28',200,'Wrong Order','',NULL,'No','0','0','0',''),(5,'DR001',1,'2018-05-26',150,'Wrong Blend','',NULL,'No','0','0','0',''),(6,'',0,'2018-01-18',2,'Spoilage','',NULL,'No','0','0','0','20'),(7,'',0,'2018-02-24',1,'Damaged Bag','',NULL,'No','0','0','0','19'),(8,'',0,'2018-05-28',2,'Damaged Bag','',NULL,'No','0','0','0','9'),(9,'',0,'2018-02-10',1,'Spoilage','',NULL,'No','0','0','0','18');
/*!40000 ALTER TABLE `client_coffreturn` ENABLE KEYS */;
UNLOCK TABLES;

--
-- Table structure for table `client_delivery`
--

DROP TABLE IF EXISTS `client_delivery`;
/*!40101 SET @saved_cs_client     = @@character_set_client */;
/*!40101 SET character_set_client = utf8 */;
CREATE TABLE `client_delivery` (
  `client_deliveryID` int(11) NOT NULL AUTO_INCREMENT,
  `client_dr` varchar(20) NOT NULL,
  `contractPO_id` int(11) NOT NULL,
  `client_invoice` varchar(50) NOT NULL,
  `client_deliverDate` date NOT NULL,
  `client_balance` int(11) NOT NULL,
  `client_receive` varchar(50) NOT NULL,
  `deliver_quantity` int(11) NOT NULL,
  `client_id` int(11) NOT NULL,
  `amount_paid` int(11) NOT NULL DEFAULT '0',
  `payment_remarks` varchar(25) NOT NULL DEFAULT 'unpaid',
  `return` varchar(10) NOT NULL DEFAULT 'Received',
  PRIMARY KEY (`client_deliveryID`)
) ENGINE=InnoDB AUTO_INCREMENT=112 DEFAULT CHARSET=latin1;
/*!40101 SET character_set_client = @saved_cs_client */;

--
-- Dumping data for table `client_delivery`
--

LOCK TABLES `client_delivery` WRITE;
/*!40000 ALTER TABLE `client_delivery` DISABLE KEYS */;
INSERT INTO `client_delivery` VALUES (1,'DR001',1,'SI001','2018-01-25',87000,'Dennise Feng',300,22,87000,'paid','Returned'),(2,'DR002',2,'SI002','2018-01-27',96000,'Abby Bugayong',300,19,96000,'paid','Received'),(3,'DR004',3,'SI004','2018-01-26',62000,'Justin Atos',200,43,62000,'paid','Received'),(4,'DR005',4,'SI005','2018-01-27',62000,'Sandy Pedrido',200,43,62000,'paid','Received'),(5,'DR006',5,'SI006','2017-12-22',84000,'Wally Generoso',300,42,84000,'paid','Received'),(6,'DR008',6,'SI008','2018-01-30',84000,'Abson Agelid Zhanjien',300,42,84000,'paid','Received'),(7,'DR007',7,'SI007','2018-01-27',122500,'Adrian Basinga',350,45,122500,'paid','Returned'),(8,'DR008',8,'SI008','2018-01-22',105000,'Albin Inocencio',250,46,105000,'paid','Received'),(9,'DR010',9,'SI010','2018-01-25',80000,'Ana Marie Pangilinan',250,2,80555,'paid','Received'),(10,'DR011',10,'SI011','2018-01-23',85000,'Sevy Fajardo',250,5,85000,'paid','Received'),(11,'DR012',11,'SI012','2018-01-30',70000,'Wally Generoso',250,4,70000,'paid','Received'),(12,'DR013',12,'SI013','2018-01-19',70000,'Jennilyn Bellen',250,3,70000,'paid','Received'),(13,'DR014',13,'SI014','2018-01-25',70000,'Terry Fernandez',250,9,70000,'paid','Received'),(14,'DR015',14,'SI015','2018-01-30',50000,'Carry Rose Geraldez',200,40,50000,'paid','Received'),(15,'DR016',15,'SI016','2018-01-30',100000,'Henry Calyo',250,8,100000,'paid','Received'),(16,'DR017',16,'SI017','2018-02-02',87000,'Denver Fastino ',300,6,87000,'paid','Received'),(17,'DR018',17,'SI018','2018-01-31',90000,'Gerald Nuesca',250,7,90000,'paid','Received'),(18,'DR019',18,'SI019','2018-01-24',90000,'Sandy Santos',300,10,90000,'paid','Returned'),(19,'DR020',19,'SI020','2018-01-24',77500,'Jennifer Castro',250,18,77500,'paid','Received'),(20,'DR021',20,'SI021','2018-01-25',85000,'Patricia Anne Lopez',250,25,85000,'paid','Received'),(21,'DR022',21,'SI022','2018-01-26',96000,'Renato Lopinde',300,28,96000,'paid','Received'),(22,'DR023',22,'SI023','2018-01-27',80000,'Terrisita Baybayan',250,30,80000,'paid','Received'),(23,'DR024',23,'SI024','2018-01-29',75000,'Gabby Severino',250,33,75000,'paid','Received'),(24,'DR124',31,'SI124','2018-01-30',87000,'Janella Quilala',300,50,87000,'paid','Received'),(25,'DR025',24,'SI025','2018-01-31',90000,'Saldy Espejo',300,1,90000,'paid','Received'),(26,'DR125',32,'SI125','2018-05-27',84000,'Janella Valera',300,54,84000,'paid','Received'),(27,'DR026',25,'SI026','2018-01-31',80000,'Quennie Anne Abella',250,35,80000,'paid','Received'),(28,'DR126',33,'SI126','2018-01-27',102500,'Justine Cuadra',250,11,102500,'paid','Received'),(29,'DR027',26,'SI027','2018-01-23',123000,'Patricia Anne Lopez',300,44,123000,'paid','Received'),(30,'DR127',34,'SI127','2018-01-27',114000,'Jess Siapno',300,12,114000,'paid','Received'),(31,'DR128',35,'SI128','2018-01-28',102500,'Kim Ballatong',250,49,102500,'paid','Received'),(32,'DR028',27,'SI028','2018-01-23',87500,'Jemuel Castro',250,48,87500,'paid','Received'),(33,'DR029',28,'SI029','2018-01-25',114000,'Jesryll Borje',300,47,114000,'paid','Received'),(34,'DR129',36,'SI129','2018-01-29',70000,'Winchester Apostol',250,13,70000,'paid','Received'),(35,'DR030',29,'SI030','2018-02-27',72000,'Cassandra Devera',300,38,72000,'paid','Received'),(36,'DR031',30,'SI031','2018-01-27',75000,'Beverly Faye Olligaryo',300,39,75000,'paid','Received'),(37,'DR120',37,'SI120','2018-01-30',77500,'Mat Fern',250,14,77500,'paid','Received'),(38,'DR050',50,'SI050','2018-01-23',87500,'Verna Abat',250,36,87500,'paid','Received'),(39,'DR051',51,'SI052','2018-01-24',80000,'Jennifer De Leon',250,37,80000,'paid','Received'),(40,'DR121',38,'SI121','2018-01-31',96000,'Gopal Mongao',300,15,96000,'paid','Received'),(41,'DR052',52,'SI052','2018-05-27',70000,'Karren Jade Capitulo',250,51,70000,'paid','Received'),(42,'DR122',39,'SI122','2018-01-30',63000,'Lyca Aspiras',300,16,63000,'paid','Received'),(43,'DR131',40,'SI131','2018-01-30',105000,'Mariza Anoma',250,23,105000,'paid','Received'),(44,'DR133',41,'SI133','2018-01-31',70000,'Patrick Pangoden',250,24,70000,'paid','Received'),(45,'DR053',53,'SI053','2018-01-29',67500,'Garry Velasquez',250,53,67500,'paid','Received'),(46,'DR134',42,'SI134','2018-01-29',114000,'Martin Bautista',300,20,114000,'paid','Received'),(47,'DR136',43,'SI136','2018-01-24',62000,'Jervin Canero',200,17,62000,'paid','Received'),(48,'DR054',54,'SI054','2018-01-31',75000,'Alejandro Soriano',300,41,75000,'paid','Received'),(49,'DR138',44,'SI138','2018-01-28',56000,'Lanz Arello',200,21,56000,'paid','Received'),(50,'DR139',48,'SI139','2018-01-31',68000,'Mae Suarez',200,31,68000,'paid','Received'),(51,'DR045',45,'SI045','2018-01-25',96000,'Abegail Justino',300,27,96000,'paid','Received'),(52,'DR140',49,'SI140','2018-01-25',56000,'Jessie Mendiola',200,34,56000,'paid','Returned'),(53,'DR046',46,'SI046','2018-01-27',72500,'Deview Kabutan',250,26,72500,'paid','Returned'),(54,'DR142',47,'SI142','2018-01-24',84000,'Lyca Aspiras',300,29,84000,'paid','Received'),(55,'DR501',55,'SI501','2018-02-03',87000,'Melannie Geraldez',300,22,87000,'paid','Received'),(56,'DR502',56,'SI502','2018-02-03',96000,'Trinity Inocencia',300,19,96000,'paid','Received'),(57,'DR503',57,'SI503','2018-02-05',62000,'Ignacio Benitez',200,43,62000,'paid','Received'),(58,'DR504',58,'SI504','2018-02-06',84000,'Kayzel Alipio',300,42,84000,'paid','Received'),(59,'DR505',59,'SI505','2018-02-07',122500,'Brayle Charmy Obdin',350,45,122500,'paid','Received'),(60,'DR601',73,'SI601','2018-02-16',96000,'Sarah Hernandez',300,28,96000,'paid','Received'),(61,'DR602',74,'SI602','2018-02-17',80000,'Anthony Ramos',250,30,80000,'paid','Received'),(62,'DR506',60,'SI506','2018-02-08',105000,'Jamilla Ferrer',250,46,105000,'paid','Received'),(63,'DR603',72,'SI603','2018-02-13',85000,'Rex Baren',250,25,85000,'paid','Received'),(64,'DR507',61,'SI507','2018-02-09',80000,'Sally Rose Abella',250,2,80000,'paid','Received'),(65,'DR604',70,'SI604','2018-02-13',90000,'Patrick Valdez',300,10,90000,'paid','Received'),(66,'DR605',71,'SI605','2018-02-28',77500,'Ben Santos',250,18,77500,'paid','Received'),(67,'DR508',62,'SI508','2018-02-09',85000,'John Henry Encarnacion',250,5,85000,'paid','Received'),(68,'DR606',69,'SI606','2018-02-12',90000,'Krizelle Lopez',250,7,90000,'paid','Received'),(69,'DR509',63,'SI509','2018-02-10',70000,'Melvin Clint Bugayong',250,4,70000,'paid','Received'),(70,'DR607',68,'SI607','2018-02-12',87000,'Jervin Pangosban',300,6,87000,'paid','Received'),(71,'DR608',67,'SI608','2018-02-11',100000,'Wenna Sanchez',250,8,100000,'paid','Received'),(72,'DR510',64,'SI510','2018-02-09',70000,'Evelynn Faye Fajardo',250,3,70000,'paid','Received'),(73,'DR511',65,'SI511','2018-02-11',70000,'Jenny Dang-as',250,9,70000,'paid','Received'),(74,'DR610',66,'SI610','2018-02-10',50000,'Johnny Carantes',200,40,50000,'paid','Received'),(75,'DR521',75,'SR521','2018-02-08',75000,'Wally Faustino',250,33,75000,'paid','Received'),(76,'DR522',76,'SI522','2018-03-08',90000,'Dustin Valenciano',300,1,90000,'paid','Received'),(77,'DR620',82,'SI620','2018-03-12',87000,'Anna Cayuhen',300,50,0,'unpaid','Received'),(78,'DR621',83,'SI621','2018-03-19',84000,'Benedict Shale',300,54,0,'unpaid','Received'),(79,'DR523',77,'SI523','2018-03-09',80000,'Danillo Lopez',250,35,80000,'paid','Received'),(80,'DR622',81,'SI622','2018-03-11',75000,'Grace Caroy',300,39,0,'unpaid','Received'),(81,'DR623',80,'SI623','2018-03-11',72000,'Marie Hipona',300,38,72000,'paid','Received'),(82,'DR524',78,'SI524','2018-03-10',123000,'Penelope Salcedo',300,44,123000,'paid','Received'),(83,'DR525',79,'SI525','2018-03-11',87500,'Vallerie Generoso',250,48,87500,'paid','Received'),(84,'DR531',84,'SI531','2018-04-04',102500,'Sha Sha Bellen',250,11,102500,'paid','Received'),(85,'DR630',88,'SI630','2018-04-09',77500,'Janno Lanzona',250,14,77500,'paid','Received'),(86,'DR532',85,'SI532','2018-05-28',114000,'Peter John Taylor',300,12,114000,'paid','Received'),(87,'DR533',86,'SI533','2018-04-07',102500,'Trexianne Encarnacion',250,49,102500,'paid','Received'),(88,'DR631',96,'SI631','2018-04-24',62000,'Noel Fermin',200,17,62000,'paid','Received'),(89,'DR534',87,'SI534','2018-04-10',70000,'Khazmira Julaton',250,13,70000,'paid','Received'),(90,'DR632',95,'SI632','2018-04-21',114000,'Chealsea Cruz',300,20,0,'unpaid','Received'),(91,'DR633',94,'SI633','2018-04-22',70000,'Rose Reyes',250,24,0,'unpaid','Received'),(92,'DR535',89,'SI535','2018-04-15',96000,'Terrry Joy Salcedo',300,15,0,'unpaid','Received'),(93,'DR634',93,'SI634','2018-04-22',70000,'Kurt Cayabyab',250,24,0,'unpaid','Received'),(94,'DR536',90,'SI536','2018-04-16',63000,'Lycel Mariano',300,16,0,'unpaid','Received'),(95,'DR635',92,'SI635','2018-04-21',105000,'Bea Tan',250,23,0,'unpaid','Received'),(96,'DR537',91,'SI537','2018-04-20',63000,'Dyan Lardizabal',300,16,0,'unpaid','Received'),(97,'DR551',100,'SR551','2018-05-07',84000,'Johny Edgardo Ruelos',300,42,0,'unpaid','Received'),(98,'DR552',107,'SI552','2018-05-13',60000,'Raven Refalda',200,10,30000,'partially paid','Received'),(99,'DR553',103,'SI553','2018-05-10',56000,'Roxanne Apit',200,9,0,'unpaid','Received'),(100,'DR554',119,'SI554','2018-05-21',62500,'Jesus Carlo Mabutas',250,41,0,'unpaid','Received'),(101,'DR556',127,'SI556','2018-05-28',84000,'Justine Kyle Benitez',300,29,0,'unpaid','Received'),(102,'DR557',126,'SI557','2018-05-28',34000,'Dianne Cosalan',100,31,0,'unpaid','Received'),(103,'DR558',107,'SI558','2018-05-13',30000,'Jemuel Borje',100,10,30000,'paid','Received'),(104,'DR580',119,'SI580','2018-05-22',12500,'Lorenzo Hipona',50,41,0,'unpaid','Received'),(105,'DR963',101,'SI963','2018-05-08',63000,'Tintin Santos',150,46,0,'unpaid','Received'),(106,'DR830',106,'SI830','2018-05-13',64800,'Lorraine Valezo',180,7,64800,'paid','Received'),(107,'DR561',104,'SI561','2018-05-19',50000,'Jennilyn Mercedes',200,40,0,'unpaid','Received'),(108,'DR661',141,'SI661','2018-05-22',75000,'Abegail Germoso',300,39,0,'unpaid','Received'),(109,'DR663',130,'SI663','2018-05-10',56000,'Garry Jesmoso',200,21,0,'unpaid','Received'),(110,'DR567',118,'SI567','2018-05-21',114000,'Jerome Pine',300,12,0,'unpaid','Received'),(111,'DR568',138,'SI568','2018-05-22',114000,'Harry De Vera',300,12,0,'unpaid','Received');
/*!40000 ALTER TABLE `client_delivery` ENABLE KEYS */;
UNLOCK TABLES;
/*!50003 SET @saved_cs_client      = @@character_set_client */ ;
/*!50003 SET @saved_cs_results     = @@character_set_results */ ;
/*!50003 SET @saved_col_connection = @@collation_connection */ ;
/*!50003 SET character_set_client  = utf8mb4 */ ;
/*!50003 SET character_set_results = utf8mb4 */ ;
/*!50003 SET collation_connection  = utf8mb4_general_ci */ ;
/*!50003 SET @saved_sql_mode       = @@sql_mode */ ;
/*!50003 SET sql_mode              = 'NO_AUTO_VALUE_ON_ZERO' */ ;
DELIMITER ;;
/*!50003 CREATE*/ /*!50017 DEFINER=`root`@`localhost`*/ /*!50003 TRIGGER `update_pay_stat` BEFORE UPDATE ON `client_delivery` FOR EACH ROW IF NEW.client_balance = NEW.amount_paid THEN
	SET NEW.payment_remarks = 'paid';
END IF */;;
DELIMITER ;
/*!50003 SET sql_mode              = @saved_sql_mode */ ;
/*!50003 SET character_set_client  = @saved_cs_client */ ;
/*!50003 SET character_set_results = @saved_cs_results */ ;
/*!50003 SET collation_connection  = @saved_col_connection */ ;

--
-- Table structure for table `client_machreturn`
--

DROP TABLE IF EXISTS `client_machreturn`;
/*!40101 SET @saved_cs_client     = @@character_set_client */;
/*!40101 SET character_set_client = utf8 */;
CREATE TABLE `client_machreturn` (
  `client_machReturnID` int(11) NOT NULL AUTO_INCREMENT,
  `mach_returnDate` date NOT NULL,
  `mach_returnQty` int(11) NOT NULL,
  `client_id` varchar(20) NOT NULL,
  `mach_id` int(11) NOT NULL,
  `mach_serial` varchar(60) NOT NULL,
  `mach_remarks` varchar(50) NOT NULL,
  `mach_returnAction` varchar(50) NOT NULL,
  `mach_resolveDate` date DEFAULT NULL,
  `resolved` varchar(11) CHARACTER SET latin1 COLLATE latin1_general_ci DEFAULT 'No',
  `mach_stat` varchar(45) NOT NULL DEFAULT '0',
  PRIMARY KEY (`client_machReturnID`)
) ENGINE=InnoDB DEFAULT CHARSET=latin1;
/*!40101 SET character_set_client = @saved_cs_client */;

--
-- Dumping data for table `client_machreturn`
--

LOCK TABLES `client_machreturn` WRITE;
/*!40000 ALTER TABLE `client_machreturn` DISABLE KEYS */;
/*!40000 ALTER TABLE `client_machreturn` ENABLE KEYS */;
UNLOCK TABLES;

--
-- Table structure for table `coffee_blend`
--

DROP TABLE IF EXISTS `coffee_blend`;
/*!40101 SET @saved_cs_client     = @@character_set_client */;
/*!40101 SET character_set_client = utf8 */;
CREATE TABLE `coffee_blend` (
  `blend_id` int(11) NOT NULL AUTO_INCREMENT,
  `blend` varchar(50) NOT NULL,
  `package_id` varchar(45) NOT NULL,
  `blend_price` int(11) NOT NULL,
  `blend_qty` int(11) NOT NULL,
  `blend_physcount` int(11) NOT NULL DEFAULT '0',
  `blend_remarks` varchar(45) DEFAULT NULL,
  `blend_discrepancy` int(11) NOT NULL DEFAULT '0',
  `inventory_date` date DEFAULT NULL,
  `blend_activation` int(11) NOT NULL DEFAULT '1',
  `blend_type` varchar(45) NOT NULL,
  `sticker_id` int(11) NOT NULL,
  PRIMARY KEY (`blend_id`)
) ENGINE=InnoDB AUTO_INCREMENT=158 DEFAULT CHARSET=latin1;
/*!40101 SET character_set_client = @saved_cs_client */;

--
-- Dumping data for table `coffee_blend`
--

LOCK TABLES `coffee_blend` WRITE;
/*!40000 ALTER TABLE `coffee_blend` DISABLE KEYS */;
INSERT INTO `coffee_blend` VALUES (1,'Guatemala Rainforest Blend','1',365,0,0,'',0,'2018-04-30',1,'Existing',2),(2,'Guatemala Rainforest Blend','4',365,0,0,'',0,'2018-04-30',1,'Existing',2),(3,'Guatemala Rainforest Blend','2',615,0,0,'',0,'2018-04-30',1,'Existing',2),(4,'Guatemala Rainforest Blend','5',615,0,0,'',0,'2018-04-30',1,'Existing',2),(5,'Guatemala Rainforest Blend','3',1025,0,0,'',0,'2018-04-30',1,'Existing',2),(6,'Guatemala Rainforest Blend','6',1025,0,0,'',0,'2018-04-30',1,'Existing',2),(7,'Cordillera Sunrise Blend','1',350,0,0,'',0,'2018-04-30',1,'Existing',3),(9,'Cordillera Sunrise Blend','4',350,0,0,'',0,'2018-04-30',1,'Existing',3),(10,'Cordillera Sunrise Blend','2',575,0,0,'',0,'2018-04-30',1,'Existing',3),(11,'Cordillera Sunrise Blend','5',575,0,0,'',0,'2018-04-30',1,'Existing',3),(15,'Cordillera Sunrise Blend','3',950,0,0,'',0,'2018-04-30',1,'Existing',3),(16,'Cordillera Sunrise Blend','6',950,0,0,NULL,0,'2018-04-30',1,'Existing',3),(17,'Sumatra Night Blend','1',325,0,0,NULL,0,'2018-04-30',1,'Existing',4),(18,'Sumatra Night Blend','4',350,1,0,NULL,0,'2018-04-30',1,'Existing',4),(20,'Sumatra Night Blend','2',530,0,0,NULL,0,'2018-04-30',1,'Existing',4),(22,'Sumatra Night Blend','5',575,0,0,NULL,0,'2018-04-30',1,'Existing',4),(24,'Sumatra Night Blend','3',850,0,0,NULL,0,'2018-04-30',1,'Existing',4),(30,'Sumatra Night Blend','6',850,0,0,NULL,0,'2018-04-30',1,'Existing',4),(35,'Chefs Blend','1',265,1,0,NULL,0,'2018-04-30',1,'Existing',5),(39,'Chefs Blend','4',265,0,0,NULL,0,'2018-04-30',1,'Existing',5),(42,'Chefs Blend','2',465,0,0,NULL,0,'2018-04-30',1,'Existing',5),(55,'Chefs Blend','5',465,0,0,NULL,0,'2018-04-30',1,'Existing',5),(56,'Chefs Blend','3',800,0,0,NULL,0,'2018-04-30',1,'Existing',5),(60,'Chefs Blend','6',800,0,0,NULL,0,'2018-04-30',1,'Existing',5),(66,'Espresso Blend','1',230,0,0,NULL,0,'2018-04-30',1,'Existing',6),(72,'Espresso Blend','4',230,0,0,NULL,0,'2018-04-30',1,'Existing',6),(73,'Espresso Blend','2',415,0,0,NULL,0,'2018-04-30',1,'Existing',6),(74,'Espresso Blend','5',415,2,0,NULL,0,'2018-04-30',1,'Existing',6),(75,'Espresso Blend','3',750,0,0,NULL,0,'2018-04-30',1,'Existing',6),(76,'Espresso Blend','6',750,0,0,NULL,0,'2018-04-30',1,'Existing',6),(77,'Breakfast Blend','1',200,0,0,NULL,0,'2018-04-30',1,'Existing',7),(78,'Breakfast Blend','4',200,0,0,NULL,0,'2018-04-30',1,'Existing',7),(80,'Breakfast Blend','2',375,0,0,NULL,0,'2018-04-30',1,'Existing',7),(81,'Breakfast Blend','5',375,0,0,NULL,0,'2018-04-30',1,'Existing',7),(82,'Breakfast Blend','3',675,0,0,NULL,0,'2018-04-30',1,'Existing',7),(83,'Breakfast Blend','6',675,0,0,NULL,0,'2018-04-30',1,'Existing',7),(84,'Mabuhay Blend','1',180,0,0,NULL,0,'2018-04-30',1,'Existing',8),(85,'Mabuhay Blend','4',180,0,0,NULL,0,'2018-04-30',1,'Existing',8),(86,'Mabuhay Blend','2',350,0,0,NULL,0,'2018-04-30',1,'Existing',8),(87,'Mabuhay Blend','5',350,0,0,NULL,0,'2018-04-30',1,'Existing',8),(88,'Mabuhay Blend','3',600,0,0,NULL,0,'2018-04-30',1,'Existing',8),(89,'Mabuhay Blend','6',600,0,0,NULL,0,'2018-04-30',1,'Existing',8),(90,'Fiesta Blend','1',165,0,0,NULL,0,'2018-04-30',1,'Existing',9),(91,'Fiesta Blend','4',165,0,0,NULL,0,'2018-04-30',1,'Existing',9),(92,'Fiesta Blend','2',315,0,0,NULL,0,'2018-04-30',1,'Existing',9),(93,'Fiesta Blend','5',315,0,0,'',0,'2018-04-30',1,'Existing',9),(94,'Fiesta Blend','3',500,2,0,NULL,0,'2018-04-30',1,'Existing',9),(95,'Fiesta Blend','6',500,0,0,NULL,0,'2018-04-30',1,'Existing',9),(96,'Kalayaan Blend','1',150,0,0,NULL,0,'2018-04-30',1,'Existing',10),(97,'Kalayaan Blend','4',150,0,0,NULL,0,'2018-04-30',1,'Existing',10),(98,'Kalayaan Blend','2',275,0,0,NULL,0,'2018-04-30',1,'Existing',10),(99,'Kalayaan Blend','5',275,0,0,NULL,0,'2018-04-30',1,'Existing',10),(100,'Kalayaan Blend','3',400,0,0,NULL,0,'2018-04-30',1,'Existing',10),(101,'Kalayaan Blend','6',400,0,0,NULL,0,'2018-04-30',1,'Existing',10),(104,'Blend BBB','1',250,0,0,NULL,0,'2018-04-30',1,'Client',47),(105,'Blend W','1',300,300,0,NULL,0,'2018-04-30',1,'Client',24),(106,'Blend Q','4',300,300,0,NULL,0,'2018-04-30',1,'Client',25),(107,'Blend GG','5',410,250,0,NULL,0,'2018-04-30',1,'Client',31),(108,'Blend HH','5',380,0,0,NULL,0,'2018-04-30',1,'Client',35),(109,'Blend JJ','2',280,250,0,NULL,0,'2018-04-30',1,'Client',38),(110,'Blend KK','5',310,0,0,NULL,0,'2018-04-30',1,'Client',45),(111,'Blend LL','3',320,0,0,NULL,0,'2018-04-30',1,'Client',49),(112,'Blend MM','6',210,0,0,NULL,0,'2018-04-30',1,'Client',51),(113,'Blend PP','4',310,0,0,NULL,0,'2018-04-30',1,'Client',55),(114,'Blend R','2',310,0,0,NULL,0,'2018-04-30',1,'Client',62),(115,'Blend B','3',320,300,0,NULL,0,'2018-04-30',1,'Client',14),(116,'Blend G','4',320,250,0,NULL,0,'2018-04-30',1,'Client',20),(117,'Blend OO','2',380,300,0,NULL,0,'2018-04-30',1,'Client',15),(118,'Blend RR','3',280,0,0,NULL,0,'2018-04-30',1,'Client',17),(119,'Blend A','2',290,450,0,NULL,0,'2018-04-30',1,'Client',29),(120,'Blend NN','6',280,0,0,NULL,0,'2018-04-30',1,'Client',19),(121,'Blend QQ','4',420,0,0,NULL,0,'2018-04-30',1,'Client',18),(122,'Blend S','5',340,0,0,NULL,0,'2018-04-30',1,'Client',23),(123,'Blend TT','3',290,100,0,NULL,0,'2018-04-30',1,'Client',21),(124,'Blend SS','2',320,0,0,NULL,0,'2018-04-30',1,'Client',22),(125,'Blend T','5',320,0,0,NULL,0,'2018-04-30',1,'Client',26),(126,'Blend UU','4',280,0,0,NULL,0,'2018-04-30',1,'Client',28),(127,'Blend J','1',280,0,0,NULL,0,'2018-04-30',1,'Client',30),(128,'Blend U','5',320,250,0,NULL,0,'2018-04-30',1,'Client',32),(129,'Blend VV','1',340,100,0,NULL,0,'2018-04-30',1,'Client',34),(130,'Blend WW','5',250,0,0,NULL,0,'2018-04-30',1,'Client',39),(131,'Blend V','5',300,250,0,NULL,0,'2018-04-30',1,'Client',42),(132,'Blend EE','4',280,200,0,NULL,0,'2018-04-30',1,'Client',46),(133,'Blend X','1',320,500,0,NULL,0,'2018-04-30',1,'Client',48),(134,'Blend XX','1',350,250,0,NULL,0,'2018-04-30',1,'Client',52),(135,'Blend YY','2',320,250,0,NULL,0,'2018-04-30',1,'Client',64),(136,'Blend BB','1',240,300,0,NULL,0,'2018-04-30',1,'Client',27),(137,'Blend CC','1',250,0,0,NULL,0,'2018-04-30',1,'Client',36),(138,'Blend I','1',280,0,0,NULL,0,'2018-04-30',1,'Client',40),(139,'Blend M','6',250,0,0,NULL,0,'2018-04-30',1,'Client',43),(140,'Blend D','1',280,0,0,NULL,0,'2018-04-30',1,'Client',53),(141,'Blend C','5',310,200,0,NULL,0,'2018-04-30',1,'Client',56),(142,'Blend Y','4',410,300,0,NULL,0,'2018-04-30',1,'Client',59),(143,'Blend E','5',350,350,0,NULL,0,'2018-04-30',1,'Client',63),(144,'Blend F','2',420,100,0,NULL,0,'2018-04-30',1,'Client',33),(145,'Blend AA','6',380,0,0,NULL,0,'2018-04-30',1,'Client',37),(146,'Blend Z','5',350,250,0,NULL,0,'2018-04-30',1,'Client',65),(147,'Blend II','2',410,0,0,NULL,0,'2018-04-30',1,'Client',41),(148,'Blend H','5',340,0,0,NULL,0,'2018-04-30',1,'Client',44),(149,'Blend DD','3',290,300,0,NULL,0,'2018-04-30',1,'Client',66),(150,'Blend O','5',290,0,0,NULL,0,'2018-04-30',1,'Client',54),(151,'Blend P','1',360,250,0,NULL,0,'2018-04-30',1,'Client',57),(152,'Blend N','4',400,250,0,NULL,0,'2018-04-30',1,'Client',58),(153,'Blend L','1',280,250,0,NULL,0,'2018-04-30',1,'Client',60),(154,'Blend ZZ','4',280,0,0,NULL,0,'2018-04-30',1,'Client',70),(155,'Blend FF','4',280,0,0,NULL,0,'2018-04-30',1,'Client',73),(156,'Blend K','6',300,0,0,NULL,0,'2018-04-30',1,'Client',71),(157,'Blend AAA','6',270,0,0,NULL,0,'2018-04-30',1,'Client',72);
/*!40000 ALTER TABLE `coffee_blend` ENABLE KEYS */;
UNLOCK TABLES;

--
-- Table structure for table `company_returns`
--

DROP TABLE IF EXISTS `company_returns`;
/*!40101 SET @saved_cs_client     = @@character_set_client */;
/*!40101 SET character_set_client = utf8 */;
CREATE TABLE `company_returns` (
  `company_returnID` int(50) NOT NULL AUTO_INCREMENT,
  `sup_returnDate` date NOT NULL,
  `sup_id` int(50) NOT NULL,
  `sup_returnQty` int(50) NOT NULL,
  `sup_returnItem` int(50) NOT NULL,
  `sup_returnRemarks` varchar(50) NOT NULL,
  `sup_returnAction` varchar(50) NOT NULL,
  `drNo` varchar(50) NOT NULL,
  `poNo` int(50) NOT NULL,
  `res` varchar(45) NOT NULL DEFAULT 'unresolved',
  `return_dr` varchar(50) DEFAULT NULL,
  `return_date` date DEFAULT NULL,
  `categoryr` int(11) DEFAULT NULL,
  `inv_stat` varchar(45) NOT NULL DEFAULT '0',
  `pckng_stat` varchar(45) NOT NULL DEFAULT '0',
  `stckr_stat` varchar(45) NOT NULL DEFAULT '0',
  `mach_stat` varchar(45) NOT NULL DEFAULT '0',
  PRIMARY KEY (`company_returnID`)
) ENGINE=InnoDB AUTO_INCREMENT=3 DEFAULT CHARSET=latin1;
/*!40101 SET character_set_client = @saved_cs_client */;

--
-- Dumping data for table `company_returns`
--

LOCK TABLES `company_returns` WRITE;
/*!40000 ALTER TABLE `company_returns` DISABLE KEYS */;
INSERT INTO `company_returns` VALUES (1,'2018-05-05',0,270000,132,'Spoiled','','DR232',50,'unresolved',NULL,NULL,1,'0','0','0','0'),(2,'2018-05-08',0,280000,134,'Spoiled','','DR654',52,'unresolved',NULL,NULL,1,'0','0','0','0');
/*!40000 ALTER TABLE `company_returns` ENABLE KEYS */;
UNLOCK TABLES;

--
-- Table structure for table `contract`
--

DROP TABLE IF EXISTS `contract`;
/*!40101 SET @saved_cs_client     = @@character_set_client */;
/*!40101 SET character_set_client = utf8 */;
CREATE TABLE `contract` (
  `contract_id` int(50) NOT NULL AUTO_INCREMENT,
  `date_started` date NOT NULL,
  `blend_id` int(11) NOT NULL,
  `client_id` int(50) NOT NULL,
  `required_qty` int(11) NOT NULL,
  `credit_term` varchar(20) NOT NULL,
  `mach_id` int(50) NOT NULL,
  `date_expiration` date DEFAULT NULL,
  `seen` varchar(45) DEFAULT '0',
  `seen_admin` varchar(45) NOT NULL DEFAULT '0',
  PRIMARY KEY (`contract_id`),
  KEY `client_id` (`client_id`)
) ENGINE=InnoDB AUTO_INCREMENT=54 DEFAULT CHARSET=latin1;
/*!40101 SET character_set_client = @saved_cs_client */;

--
-- Dumping data for table `contract`
--

LOCK TABLES `contract` WRITE;
/*!40000 ALTER TABLE `contract` DISABLE KEYS */;
INSERT INTO `contract` VALUES (1,'2018-05-28',105,1,300,'',0,'2020-05-28','0','0'),(2,'2018-03-06',106,10,300,'',1,'2020-03-06','0','0'),(3,'2018-03-08',108,12,300,'',0,'2020-03-08','0','0'),(4,'2018-01-10',111,15,300,'',7,'2020-12-10','0','0'),(5,'2018-02-07',107,11,250,'',0,'2020-02-07','0','0'),(6,'2018-04-12',112,16,300,'',0,'2020-04-12','0','0'),(7,'2018-04-06',114,18,250,'',0,'2020-04-06','0','0'),(8,'2018-10-09',116,2,250,'',0,'2020-10-09','0','0'),(9,'2018-04-12',131,33,250,'',8,'2020-04-12','0','0'),(10,'2018-08-23',109,13,250,'',4,'2020-08-23','0','0'),(11,'2018-05-03',117,20,300,'',0,'2020-05-03','0','0'),(12,'2018-09-07',119,22,300,'',0,'2020-09-07','0','0'),(13,'2018-11-16',124,27,300,'',0,'2020-11-16','0','0'),(14,'2018-08-09',126,29,300,'',0,'2020-08-09','0','0'),(15,'2018-09-23',135,37,250,'',0,'2020-09-23','0','0'),(16,'2018-03-03',128,30,250,'',0,'2020-03-03','0','0'),(17,'2018-06-01',136,38,300,'',0,'2020-06-01','0','0'),(18,'2018-02-05',130,32,300,'',0,'2020-02-05','0','0'),(19,'2018-06-01',137,39,300,'',0,'2020-06-01','0','0'),(20,'2018-10-05',134,36,250,'',0,'2020-10-05','0','0'),(21,'2018-06-08',145,47,300,'',0,'2020-06-08','0','0'),(22,'2018-06-23',139,40,200,'',0,'2020-06-23','0','0'),(23,'2018-09-01',150,6,300,'',0,'2020-09-01','0','0'),(24,'2018-07-09',153,9,250,'',0,'2020-07-09','0','0'),(25,'2018-10-05',143,45,350,'',8,'2020-10-05','0','0'),(26,'2018-10-12',151,7,250,'',1,'2020-10-12','0','0'),(27,'2018-02-07',149,50,300,'',4,'2020-02-07','0','0'),(28,'2018-08-17',121,23,250,'',5,'2020-08-17','0','0'),(29,'2018-01-31',152,8,250,'',1,'2020-01-31','0','0'),(30,'2018-02-01',144,46,250,'',9,'2020-02-01','0','0'),(31,'2018-12-06',133,35,250,'',5,'2020-12-06','0','0'),(32,'2018-02-15',127,3,250,'',6,'2020-02-15','0','0'),(33,'2018-12-14',146,48,250,'',9,'2020-12-14','0','0'),(34,'2018-07-13',147,49,250,'',3,'2020-07-13','0','0'),(35,'2018-07-06',148,5,250,'',3,'2020-07-06','0','0'),(36,'2018-10-12',138,4,250,'',5,'2020-10-12','0','0'),(37,'2018-08-17',104,41,300,'',6,'2020-08-17','0','0'),(38,'2018-08-15',140,42,300,'',8,'2020-08-15','0','0'),(39,'2018-09-13',141,43,200,'',9,'2020-09-13','0','0'),(40,'2018-09-14',142,44,300,'',6,'2020-09-14','0','0'),(41,'2018-09-20',110,14,250,'',9,'2020-09-20','0','0'),(42,'2018-07-06',113,17,200,'',5,'2020-07-06','0','0'),(43,'2018-07-19',115,19,300,'',7,'2020-07-19','0','0'),(44,'2018-01-31',118,21,200,'',8,'2020-01-31','0','0'),(45,'2018-03-07',120,24,250,'',5,'2020-03-07','0','0'),(46,'2018-12-07',122,25,250,'',5,'2020-12-07','0','0'),(47,'2018-03-22',123,26,250,'',9,'2020-03-22','0','0'),(48,'2018-04-26',125,28,300,'',1,'2020-04-26','0','0'),(49,'2018-03-09',129,31,200,'',10,'2020-03-09','0','0'),(50,'2018-04-26',132,34,200,'',8,'2020-04-26','0','0'),(51,'2018-04-20',154,51,250,'',9,'2020-04-20','0','0'),(52,'2018-04-26',157,53,250,'',0,'2020-04-26','0','0'),(53,'2018-05-16',155,54,300,'',0,'2020-05-16','0','0');
/*!40000 ALTER TABLE `contract` ENABLE KEYS */;
UNLOCK TABLES;

--
-- Table structure for table `contracted_client`
--

DROP TABLE IF EXISTS `contracted_client`;
/*!40101 SET @saved_cs_client     = @@character_set_client */;
/*!40101 SET character_set_client = utf8 */;
CREATE TABLE `contracted_client` (
  `client_id` int(11) NOT NULL AUTO_INCREMENT,
  `client_company` varchar(70) NOT NULL,
  `client_fname` varchar(50) NOT NULL,
  `client_lname` varchar(50) NOT NULL,
  `client_position` varchar(50) NOT NULL,
  `client_email` varchar(50) NOT NULL,
  `client_address` varchar(100) NOT NULL,
  `client_contact` varchar(12) NOT NULL,
  `client_type` varchar(20) NOT NULL,
  `client_activation` int(11) NOT NULL DEFAULT '1',
  PRIMARY KEY (`client_id`)
) ENGINE=InnoDB AUTO_INCREMENT=55 DEFAULT CHARSET=latin1;
/*!40101 SET character_set_client = @saved_cs_client */;

--
-- Dumping data for table `contracted_client`
--

LOCK TABLES `contracted_client` WRITE;
/*!40000 ALTER TABLE `contracted_client` DISABLE KEYS */;
INSERT INTO `contracted_client` VALUES (1,'Company W','Floro','Fontanilla','Manager','floro22@gmail.com','Baguio City','09053217558','Retail',1),(2,'Company G','Maricel','Jerimee','Hotel Manager','marimee1022@gmail.com','Leonard Wood Road, Baguio City, Benguet','09285344052','Retail',1),(3,'Company J','Agnes','Delos Reyes','Manager','delosreyesagnes@yahoo.com','Dagupan, Pangasinan','09478543970','Coffee Service',1),(4,'Company I','Alfredo','Besa','Owner','alfredobesa97@yahoo.com','Rizal Drive, Taguig City, Metro Manila','09157181614','Coffee Service',1),(5,'Company H','Vie','Reyes','Owner','reyesvie123@gmail.com','Las Pias City, Philippines','09157181614','Coffee Service',1),(6,'Company O','Koshia','Calwagan','Front Desk Supervisor','koshia_calwagan923@gmail.com','Camp John Hay, Baguio City','09392898723','Retail',1),(7,'Company P','Francis','Blanco','Manager','blanco23489@gmail.com','25 Kisad Rd, Baguio City, Benguet','09175000442','Coffee Service',1),(8,'Company N','Jeff','Manansala','Hotel Clerk','manansala_jeff1897@yahoo.com','One Archers Place Bldg, Castro, Malate, Manila','09274765103','Coffee Service',1),(9,'Company L','Carol Hazel','Park','Assistant Owner','park_hazel444@gmail.com','Dagupan, Philippines','09228157573','Retail',1),(10,'Company Q','Jenifer','Magundayao','Bookkeeper','magundayao_jenifer@gmail.com','Ortigas Center Meralco Avenue, Pasig City','09062127770','Coffee Service',1),(11,'Company FF','Josephine','Tabajonda','Owner','tabajondajosephine@gmail.com','Camp John Hay, Baguio City','4450486','Retail',1),(12,'Company GG','Kim','Aquino','Owner','aquinokimgil@gmail.com','MacArthur Highway, San Juan, 2514 La Union','09177010526','Retail',1),(13,'Company II','Alvin','Buen','Front Desk Supervisor','buenbuenalvin@yahoo.com','PEZA Admin Building, Loakan Rd, Loakan, Baguio, 2600 Benguet','09175407492','Coffee Service',1),(14,'Company JJ','Cynthia','Gueco','President','guecocynthia@gmail.com','Leonard Wood Rd, Baguio, Benguet','09288140814','Coffee Service',1),(15,'Company KK','Jun','Tugade','Sales Clerk','tugadesantossa@yahoo.com','68, Roces Compound, Kisad Rd, Brgy. Burnham - Legarda, Baguio, 2600 Benguet','09177155473','Coffee Service',1),(16,'Company LL','Nora','Lazona','Accountant','lazonanora@yahoo.com','43 Polaris Street Bel-Air Village, Makati','8904123','Retail',1),(17,'Company PP','Robert','Tilbe','F and B Manager','roberttilbe@gmail.com','The Manor, Loakan Rd, Camp John Hay, Baguio, Benguet','09175854521','Coffee Service',1),(18,'Company R','Colleen','Curran','Owner','colleen920@yahoo.com','Quezon Hill, Baguio City','09176448577','Retail',1),(19,'Company B','Dick','Evasco','President','evasco21@gmail.com','Atok, Benguet, Philippines','09206636879','Coffee Service',1),(20,'Company OO','Leo','Pablo','Purchasing Staff','pable_leo@gmail.com','The Manor, Loakan Rd, Camp John Hay, Baguio, Benguet','09216631771','Retail',1),(21,'Company QQ','Jaymond','Incio','Bookkeeper','incio_pablo@yahoo.com','The Manor, Loakan Rd, Camp John Hay, Baguio, Benguet','4240910','Coffee Service',1),(22,'Company A','Marlon','Ramos','Chef','marlonramos@gmail.com','15/F ELJ Communications Center, Eugenio Lopez St., 1103 Quezon City','09245467656','Retail',1),(23,'Company MM','Michelle','Mendoza','Purchasing Head','mendoza_m@yahoo.com','Panaque City','09126324514','Coffee Service',1),(24,'Company NN','Emylou','Gabiola','Finance Supervisor','gabiola_emy019@gmail.com','Loakan Road, Baguio City','09175020776','Coffee Service',1),(25,'Company S','Julie','Delos Santos','Assistant Manager','julie_santos@gmail.com','Mandaluyong City','09275349837','Coffee Service',1),(26,'Company SS','Cindy','Urado','Event Manager','cindy_u1997@gmail.com','26 Outlook Dr S, Baguio, 2600 Benguet','4232278','Coffee Service',1),(27,'Company RR','Jeanet','Picato','Finance Supervisor','jeannette234@yahoo.com','Benguet','09158808904','Retail',1),(28,'Company T','Joel','Cosalan','Owner','cosalan713@gmail.com','Teacher\'s Camp, Baguio City, Benguet','09209210141','Coffee Service',1),(29,'Company TT','Jayson','Herrero','VP for Hotel Operations','herrerojayson@gmail.com','Subic Bay Freeport Zone, Zambales','2502480','Retail',1),(30,'Company U','Edwin','Hui','Coffee Shop Manager','edwinhui@yahoo.com','Camp 7, Baguio City','09178987221','Retail',1),(31,'Company UU','Mary','Grace','Accountant','graciously_2345@gmail.com','Upper Session Rd, Baguio, 2600 Benguet','09052973384','Coffee Service',1),(32,'Company VV','Bobby','Ling','Purchasing Manager','bobbyling@yahoo.com','191 Tomas Morato Ave, Diliman, Quezon City, 1103 Metro Manila','3766210','Retail',1),(33,'Company V','Carol','Connie','Employee','caroline@gmail.com','Legarda Rd.,Baguio City','09253287159','Coffee Service',1),(34,'Company WW','Tony','Ramos','Director','tony_ramos@gmail.com','Marcoville St, Baguio, Benguet','09228081848','Coffee Service',1),(35,'Company X','Anna','Brillon','Employee','anna090@yahoo.com','55 Rock Quarry, Baguio City, Benguet','09175664352','Coffee Service',1),(36,'Company XX','Valentino','Macanes','Director IHFSA','macanes_val@yahoo.com','Aurora Hill, Baguio City','09163402041','Retail',1),(37,'Company YY','Kim','Ballatong','Manager','kim22@gmail.com','Zambales','09053217558','Retail',1),(38,'Company BB','Justine','Cuadra','Purchasing Staff','justine@gmail.com','Manila','09053286552','Retail',1),(39,'Company CC','Alvin','San Jose','Crew','alvin@gmail.com','Leonard Wood Rd','09268755641','Retail',1),(40,'Company M','Aye Grace','Dela Cruz','Crew','ayegrace@outlook.com','Camp John Hay, Baguio City','09896755434','Retail',1),(41,'Company BBB','Michelle','Mendoza','Employee','mendzmichelle@yahoo.com','Old Wack Wack Rd, Mandaluyong City, Manila','09277230665','Coffee Service',1),(42,'Company D','Marlon','Samson','Assistant Manager','samlon0092@gmail.com','Makati, Philippines','8997888','Coffee Service',1),(43,'Company C','Tess','Canave','Purchasing Manager','cantess97@yahoo.com','Camp John Hay Baguio City','6192050','Coffee Service',1),(44,'Company Y','Marissa','Ling','Head Manager','lingmar@gmail.com','Inarawan, Antipolo Rizal','09086983519','Coffee Service',1),(45,'Company E','Alowa','Lavarias','Branch Operation Manager','lavarias_aloja@gmail.com','SM City Baguio','09995202455','Coffee Service',0),(46,'Company F','Lito','Benitez','General Manager','lito1987@yahoo.com','Buiguias Benguet','09178916524','Coffee Service',1),(47,'Company AA','Kelly','Santos','Chef','santoskelly@gmail.com','SM City, Baguio','09175431907','Retail',1),(48,'Company Z','Dennies','Hagad','Sales Clerk','dennieshagad@gmail.com','SM City Baguio','09237448996','Coffee Service',1),(49,'Company HH','Keir','Calpito','Manager','keir22@gmail.com','Pasig, Baguio City','09053217558','Coffee Service',1),(50,'Company DD','Neri','Saad','Manager','nerisaan@gmail.com','333 B.P. Guavera St., Little Baguio, San Juan','09128757888','Coffee Service',1),(51,'Company ZZ','Andrew','Calimlim','Manager','andrew22@gmail.com','Ortigas Avenue, Pasig City','09053287525','Coffee Service',1),(52,'Company K','Burt','Tomines','CEO','burt_10@gmail.com','#13 Bagong Bayan, Imus Cavite','09053258996','Retail',0),(53,'Company AAA','Rene','Dimagiba','Manager','rene_dimagiba@gmail.com','#14 M.H. Del Pilar St., Dagupan City','09053285118','Retail',1),(54,'Company EE','Carlo','Mabutas','Manager','carlo22@yahoo.com','# 15 Toledo Street, Silang Cavite','09102584225','Retail',1);
/*!40000 ALTER TABLE `contracted_client` ENABLE KEYS */;
UNLOCK TABLES;

--
-- Table structure for table `contracted_po`
--

DROP TABLE IF EXISTS `contracted_po`;
/*!40101 SET @saved_cs_client     = @@character_set_client */;
/*!40101 SET character_set_client = utf8 */;
CREATE TABLE `contracted_po` (
  `contractPO_id` int(11) NOT NULL AUTO_INCREMENT,
  `client_id` int(11) NOT NULL,
  `blend_id` int(11) NOT NULL,
  `sticker_id` int(11) DEFAULT NULL,
  `contractPO_date` date NOT NULL,
  `contractPO_qty` int(11) NOT NULL,
  `delivered_qty` int(11) NOT NULL DEFAULT '0',
  `delivery_stat` varchar(20) NOT NULL DEFAULT 'pending',
  `undoDel` int(11) NOT NULL DEFAULT '0',
  `roast` varchar(10) NOT NULL DEFAULT 'No',
  `inv_stat` varchar(45) NOT NULL DEFAULT '0',
  `pckng_stat` varchar(45) NOT NULL DEFAULT '0',
  `stckr_stat` varchar(45) NOT NULL DEFAULT '0',
  `date_roasted` date DEFAULT NULL,
  PRIMARY KEY (`contractPO_id`)
) ENGINE=InnoDB AUTO_INCREMENT=142 DEFAULT CHARSET=latin1;
/*!40101 SET character_set_client = @saved_cs_client */;

--
-- Dumping data for table `contracted_po`
--

LOCK TABLES `contracted_po` WRITE;
/*!40000 ALTER TABLE `contracted_po` DISABLE KEYS */;
INSERT INTO `contracted_po` VALUES (1,22,119,NULL,'2018-01-24',300,300,'delivered',0,'Yes','0','1','1',NULL),(2,19,115,NULL,'2018-01-25',300,300,'delivered',0,'Yes','0','1','1',NULL),(3,43,141,NULL,'2018-01-24',200,200,'delivered',0,'Yes','0','1','1',NULL),(4,43,141,NULL,'2018-01-26',200,200,'delivered',0,'Yes','0','1','1',NULL),(5,42,140,NULL,'2018-01-20',300,300,'delivered',0,'Yes','0','1','1',NULL),(6,42,140,NULL,'2018-01-27',300,300,'delivered',0,'Yes','0','1','1',NULL),(7,45,143,NULL,'2018-01-25',350,350,'delivered',0,'Yes','0','1','1',NULL),(8,46,144,NULL,'2018-01-19',250,250,'delivered',0,'Yes','0','1','1',NULL),(9,2,116,NULL,'2018-01-23',250,250,'delivered',0,'Yes','0','1','1',NULL),(10,5,148,NULL,'2018-01-20',250,250,'delivered',0,'Yes','0','1','1',NULL),(11,4,138,NULL,'2018-01-26',250,250,'delivered',0,'Yes','0','1','1',NULL),(12,3,127,NULL,'2018-01-16',250,250,'delivered',0,'Yes','0','1','1',NULL),(13,9,153,NULL,'2018-01-23',250,250,'delivered',0,'Yes','0','1','1',NULL),(14,40,139,NULL,'2018-01-27',200,200,'delivered',0,'Yes','0','1','1',NULL),(15,8,152,NULL,'2018-01-27',250,250,'delivered',0,'Yes','0','1','1',NULL),(16,6,150,NULL,'2018-01-31',300,300,'delivered',0,'Yes','0','1','1',NULL),(17,7,151,NULL,'2018-01-27',250,250,'delivered',0,'Yes','0','1','1',NULL),(18,10,106,NULL,'2018-01-21',300,300,'delivered',0,'Yes','0','1','1',NULL),(19,18,114,NULL,'2018-01-22',250,250,'delivered',0,'Yes','0','1','1',NULL),(20,25,122,NULL,'2018-01-23',250,250,'delivered',0,'Yes','0','1','1',NULL),(21,28,125,NULL,'2018-01-24',300,300,'delivered',0,'Yes','0','1','1',NULL),(22,30,128,NULL,'2018-01-25',250,250,'delivered',0,'Yes','0','1','1',NULL),(23,33,131,NULL,'2018-01-26',250,250,'delivered',0,'Yes','0','1','1',NULL),(24,1,105,NULL,'2018-01-29',300,300,'delivered',0,'Yes','0','1','1',NULL),(25,35,133,NULL,'2018-01-28',250,250,'delivered',0,'Yes','0','1','1',NULL),(26,44,142,NULL,'2018-01-20',300,300,'delivered',0,'Yes','0','1','1',NULL),(27,48,146,NULL,'2018-01-21',250,250,'delivered',0,'Yes','0','1','1',NULL),(28,47,145,NULL,'2018-01-22',300,300,'delivered',0,'Yes','0','1','1',NULL),(29,38,136,NULL,'2018-01-23',300,300,'delivered',0,'Yes','0','1','1',NULL),(30,39,137,NULL,'2018-01-24',300,300,'delivered',0,'Yes','0','1','1',NULL),(31,50,149,NULL,'2018-01-27',300,300,'delivered',0,'Yes','0','1','1',NULL),(32,54,155,NULL,'2018-01-24',300,300,'delivered',0,'Yes','0','1','1',NULL),(33,11,107,NULL,'2018-01-24',250,250,'delivered',0,'Yes','0','1','1',NULL),(34,12,108,NULL,'2018-01-24',300,300,'delivered',0,'Yes','0','1','1',NULL),(35,49,147,NULL,'2018-01-24',250,250,'delivered',0,'Yes','0','1','1',NULL),(36,13,109,NULL,'2018-01-26',250,250,'delivered',0,'Yes','0','1','1',NULL),(37,14,110,NULL,'2018-01-27',250,250,'delivered',0,'Yes','0','1','1',NULL),(38,15,111,NULL,'2018-01-28',300,300,'delivered',0,'Yes','0','1','1',NULL),(39,16,112,NULL,'2018-01-27',300,300,'delivered',0,'Yes','0','1','1',NULL),(40,23,121,NULL,'2018-01-28',250,250,'delivered',0,'Yes','0','1','1',NULL),(41,24,120,NULL,'2018-01-28',250,250,'delivered',0,'Yes','0','1','1',NULL),(42,20,117,NULL,'2018-01-26',300,300,'delivered',0,'Yes','0','1','1',NULL),(43,17,113,NULL,'2018-01-21',200,200,'delivered',0,'Yes','0','1','1',NULL),(44,21,118,NULL,'2018-01-25',200,200,'delivered',0,'Yes','0','1','1',NULL),(45,27,124,NULL,'2018-01-23',300,300,'delivered',0,'Yes','0','1','1',NULL),(46,26,123,NULL,'2018-01-24',250,250,'delivered',0,'Yes','0','1','1',NULL),(47,29,126,NULL,'2018-01-21',300,300,'delivered',0,'Yes','0','1','1',NULL),(48,31,129,NULL,'2018-01-28',200,200,'delivered',0,'Yes','0','1','1',NULL),(49,34,132,NULL,'2018-01-22',200,200,'delivered',0,'Yes','0','1','1',NULL),(50,36,134,NULL,'2018-01-20',250,250,'delivered',0,'Yes','0','1','1',NULL),(51,37,135,NULL,'2018-01-21',250,250,'delivered',0,'Yes','0','1','1',NULL),(52,51,154,NULL,'2018-01-27',250,250,'delivered',0,'Yes','0','1','1',NULL),(53,53,157,NULL,'2018-01-26',250,250,'delivered',0,'Yes','0','1','1',NULL),(54,41,104,NULL,'2018-01-28',300,300,'delivered',0,'Yes','0','1','1',NULL),(55,22,119,NULL,'2018-02-01',300,300,'delivered',0,'Yes','0','1','1',NULL),(56,19,115,NULL,'2018-02-02',300,300,'delivered',0,'Yes','0','1','1',NULL),(57,43,141,NULL,'2018-02-03',200,200,'delivered',0,'Yes','0','1','1',NULL),(58,42,140,NULL,'2018-02-04',300,300,'delivered',0,'Yes','0','1','1',NULL),(59,45,143,NULL,'2018-02-05',350,350,'delivered',0,'Yes','0','1','1',NULL),(60,46,144,NULL,'2018-02-05',250,250,'delivered',0,'Yes','0','1','1',NULL),(61,2,116,NULL,'2018-02-06',250,250,'delivered',0,'Yes','0','1','1',NULL),(62,5,148,NULL,'2018-02-06',250,250,'delivered',0,'Yes','0','1','1',NULL),(63,4,138,NULL,'2018-02-07',250,250,'delivered',0,'Yes','0','1','1',NULL),(64,3,127,NULL,'2018-02-07',250,250,'delivered',0,'Yes','0','1','1',NULL),(65,9,153,NULL,'2018-02-08',250,250,'delivered',0,'Yes','0','1','1',NULL),(66,40,139,NULL,'2018-02-07',200,200,'delivered',0,'Yes','0','1','1',NULL),(67,8,152,NULL,'2018-02-08',250,250,'delivered',0,'Yes','0','1','1',NULL),(68,6,150,NULL,'2018-02-09',300,300,'delivered',0,'Yes','0','1','1',NULL),(69,7,151,NULL,'2018-02-09',250,250,'delivered',0,'Yes','0','1','1',NULL),(70,10,106,NULL,'2018-02-10',300,300,'delivered',0,'Yes','0','1','1',NULL),(71,18,114,NULL,'2018-02-10',250,250,'delivered',0,'Yes','0','1','1',NULL),(72,25,122,NULL,'2018-02-10',250,250,'delivered',0,'Yes','0','1','1',NULL),(73,28,125,NULL,'2018-02-13',300,300,'delivered',0,'Yes','0','1','1',NULL),(74,30,128,NULL,'2018-02-14',250,250,'delivered',0,'Yes','0','1','1',NULL),(75,33,131,NULL,'2018-03-05',250,250,'delivered',0,'Yes','0','1','1',NULL),(76,1,105,NULL,'2018-03-05',300,300,'delivered',0,'Yes','0','1','1',NULL),(77,35,133,NULL,'2018-03-06',250,250,'delivered',0,'Yes','0','1','1',NULL),(78,44,142,NULL,'2018-03-07',300,300,'delivered',0,'Yes','0','1','1',NULL),(79,48,146,NULL,'2018-03-08',250,250,'delivered',0,'Yes','0','1','1',NULL),(80,38,136,NULL,'2018-03-08',300,300,'delivered',0,'Yes','0','1','1',NULL),(81,39,137,NULL,'2018-03-08',300,300,'delivered',0,'Yes','0','1','1',NULL),(82,50,149,NULL,'2018-03-09',300,300,'delivered',0,'Yes','0','1','1',NULL),(83,54,155,NULL,'2018-03-16',300,300,'delivered',0,'Yes','0','1','1',NULL),(84,11,107,NULL,'2018-04-02',250,250,'delivered',0,'Yes','0','1','1',NULL),(85,12,108,NULL,'2018-04-03',300,300,'delivered',0,'Yes','0','1','1',NULL),(86,49,147,NULL,'2018-04-04',250,250,'delivered',0,'Yes','0','1','1',NULL),(87,13,109,NULL,'2018-04-05',250,250,'delivered',0,'Yes','0','1','1',NULL),(88,14,110,NULL,'2018-04-06',250,250,'delivered',0,'Yes','0','1','1',NULL),(89,15,111,NULL,'2018-04-13',300,300,'delivered',0,'Yes','0','1','1',NULL),(90,16,112,NULL,'2018-04-13',300,300,'delivered',0,'Yes','0','1','1',NULL),(91,16,112,NULL,'2018-04-17',300,300,'delivered',0,'Yes','0','1','1',NULL),(92,23,121,NULL,'2018-04-18',250,250,'delivered',0,'Yes','0','1','1',NULL),(93,24,120,NULL,'2018-04-19',250,250,'delivered',0,'Yes','0','1','1',NULL),(94,24,120,NULL,'2018-04-19',250,250,'delivered',0,'Yes','0','1','1',NULL),(95,20,117,NULL,'2018-05-18',300,300,'delivered',0,'Yes','0','1','1',NULL),(96,17,113,NULL,'2018-04-20',200,200,'delivered',0,'Yes','0','1','1',NULL),(97,22,119,NULL,'2018-05-02',300,0,'pending',0,'Yes','0','0','0',NULL),(98,19,115,NULL,'2018-05-03',300,0,'pending',1,'Yes','0','0','0',NULL),(99,43,141,NULL,'2018-05-01',200,0,'pending',0,'Yes','0','0','0',NULL),(100,42,140,NULL,'2018-05-04',300,300,'delivered',0,'Yes','0','0','0',NULL),(101,46,144,NULL,'2018-05-05',250,150,'partial delivery',0,'Yes','0','0','0',NULL),(102,2,116,NULL,'2018-05-06',250,0,'pending',0,'Yes','0','0','0',NULL),(103,9,153,NULL,'2018-05-07',250,200,'partial delivery',0,'Yes','0','0','0',NULL),(104,40,139,NULL,'2018-05-08',200,200,'delivered',0,'Yes','0','0','0',NULL),(105,8,152,NULL,'2018-05-09',250,0,'pending',0,'Yes','0','0','0',NULL),(106,7,151,NULL,'2018-05-10',250,180,'partial delivery',0,'Yes','0','0','0',NULL),(107,10,106,NULL,'2018-05-11',300,300,'delivered',0,'Yes','0','0','0',NULL),(108,30,128,NULL,'2018-05-12',250,0,'pending',0,'Yes','0','0','0',NULL),(109,33,131,NULL,'2018-05-13',250,0,'pending',0,'Yes','0','0','0',NULL),(110,1,105,NULL,'2018-05-14',300,0,'pending',0,'Yes','0','0','0',NULL),(111,35,133,NULL,'2018-05-14',250,0,'pending',0,'Yes','0','0','0',NULL),(112,35,133,NULL,'2018-05-14',250,0,'pending',0,'Yes','0','0','0',NULL),(113,44,142,NULL,'2018-05-14',300,0,'pending',0,'Yes','0','0','0',NULL),(114,48,146,NULL,'2018-05-15',250,0,'pending',0,'Yes','0','0','0',NULL),(115,38,136,NULL,'2018-05-16',300,0,'pending',0,'Yes','0','0','0',NULL),(116,50,149,NULL,'2018-05-17',300,0,'pending',0,'Yes','0','0','0',NULL),(117,11,107,NULL,'2018-05-18',250,0,'pending',0,'Yes','0','0','0',NULL),(118,12,108,NULL,'2018-05-19',300,300,'delivered',0,'Yes','0','0','0',NULL),(119,41,104,NULL,'2018-05-19',300,300,'delivered',0,'Yes','0','0','0',NULL),(120,53,157,NULL,'2018-05-20',250,0,'pending',0,'No','0','0','0',NULL),(121,51,154,NULL,'2018-05-21',250,0,'pending',0,'No','0','0','0',NULL),(122,36,134,NULL,'2018-05-22',250,0,'pending',0,'Yes','0','0','0',NULL),(123,34,132,NULL,'2018-05-23',200,0,'pending',0,'No','0','0','0',NULL),(124,32,130,NULL,'2018-05-24',300,0,'pending',0,'No','0','0','0',NULL),(125,37,135,NULL,'2018-05-24',250,0,'pending',0,'Yes','0','0','0',NULL),(126,31,129,NULL,'2018-05-25',200,100,'partial delivery',0,'Yes','0','0','0',NULL),(127,29,126,NULL,'2018-05-26',300,300,'delivered',0,'Yes','0','0','0',NULL),(128,26,123,NULL,'2018-05-27',250,0,'pending',0,'No','0','0','0',NULL),(129,27,124,NULL,'2018-05-17',300,0,'pending',0,'No','0','0','0',NULL),(130,21,118,NULL,'2018-05-08',200,200,'delivered',0,'Yes','0','0','0',NULL),(131,17,113,NULL,'2018-05-28',200,0,'pending',0,'No','0','0','0',NULL),(132,20,117,NULL,'2018-05-25',300,0,'pending',0,'Yes','0','0','0',NULL),(133,23,121,NULL,'2018-05-18',250,0,'pending',0,'No','0','0','0',NULL),(134,16,112,NULL,'2018-05-11',300,0,'pending',0,'No','0','0','0',NULL),(135,16,112,NULL,'2018-05-03',300,0,'pending',0,'No','0','0','0',NULL),(136,13,109,NULL,'2018-05-02',250,0,'pending',0,'Yes','0','0','0',NULL),(137,49,147,NULL,'2018-05-13',250,0,'pending',0,'No','0','0','0',NULL),(138,12,108,NULL,'2018-05-20',300,300,'delivered',0,'Yes','0','0','0',NULL),(139,54,155,NULL,'2018-05-20',300,0,'pending',0,'No','0','0','0',NULL),(140,11,107,NULL,'2018-05-17',250,0,'pending',0,'No','0','0','0',NULL),(141,39,137,NULL,'2018-05-21',300,300,'delivered',0,'Yes','0','0','0',NULL);
/*!40000 ALTER TABLE `contracted_po` ENABLE KEYS */;
UNLOCK TABLES;
/*!50003 SET @saved_cs_client      = @@character_set_client */ ;
/*!50003 SET @saved_cs_results     = @@character_set_results */ ;
/*!50003 SET @saved_col_connection = @@collation_connection */ ;
/*!50003 SET character_set_client  = utf8mb4 */ ;
/*!50003 SET character_set_results = utf8mb4 */ ;
/*!50003 SET collation_connection  = utf8mb4_general_ci */ ;
/*!50003 SET @saved_sql_mode       = @@sql_mode */ ;
/*!50003 SET sql_mode              = 'NO_AUTO_VALUE_ON_ZERO' */ ;
DELIMITER ;;
/*!50003 CREATE*/ /*!50017 DEFINER=`root`@`localhost`*/ /*!50003 TRIGGER `update_del_stat` BEFORE UPDATE ON `contracted_po` FOR EACH ROW IF NEW.contractPO_qty = NEW.delivered_qty THEN
	SET NEW.delivery_stat = 'delivered';
END IF */;;
DELIMITER ;
/*!50003 SET sql_mode              = @saved_sql_mode */ ;
/*!50003 SET character_set_client  = @saved_cs_client */ ;
/*!50003 SET character_set_results = @saved_cs_results */ ;
/*!50003 SET collation_connection  = @saved_col_connection */ ;

--
-- Table structure for table `inv_transact`
--

DROP TABLE IF EXISTS `inv_transact`;
/*!40101 SET @saved_cs_client     = @@character_set_client */;
/*!40101 SET character_set_client = utf8 */;
CREATE TABLE `inv_transact` (
  `trans_id` int(11) NOT NULL AUTO_INCREMENT,
  `transact_date` date NOT NULL,
  `company_returnID` int(11) DEFAULT NULL,
  `client_returnID` int(11) DEFAULT NULL,
  `po_supplier` int(11) DEFAULT NULL,
  `po_client` int(11) DEFAULT NULL,
  `sales_inv` int(11) DEFAULT NULL,
  `walkin_return` int(11) DEFAULT NULL,
  `type` varchar(45) NOT NULL DEFAULT 'IN',
  PRIMARY KEY (`trans_id`),
  KEY `inv_trans1_idx` (`company_returnID`),
  KEY `inv_trans2_idx` (`client_returnID`),
  KEY `inv_trans3_idx` (`po_supplier`),
  KEY `inv_trans4_idx` (`po_client`),
  KEY `inv_trans5_idx` (`sales_inv`),
  KEY `inv_trans6_idx` (`walkin_return`)
) ENGINE=InnoDB AUTO_INCREMENT=216 DEFAULT CHARSET=latin1;
/*!40101 SET character_set_client = @saved_cs_client */;

--
-- Dumping data for table `inv_transact`
--

LOCK TABLES `inv_transact` WRITE;
/*!40000 ALTER TABLE `inv_transact` DISABLE KEYS */;
INSERT INTO `inv_transact` VALUES (1,'2018-01-08',NULL,NULL,1,NULL,NULL,NULL,'IN'),(2,'2018-01-08',NULL,NULL,2,NULL,NULL,NULL,'IN'),(3,'2018-01-09',NULL,NULL,3,NULL,NULL,NULL,'IN'),(4,'2018-01-10',NULL,NULL,4,NULL,NULL,NULL,'IN'),(5,'2018-01-17',NULL,NULL,6,NULL,NULL,NULL,'IN'),(6,'2018-01-17',NULL,NULL,7,NULL,NULL,NULL,'IN'),(7,'2018-01-19',NULL,NULL,7,NULL,NULL,NULL,'IN'),(8,'2018-01-06',NULL,NULL,5,NULL,NULL,NULL,'IN'),(9,'2018-01-10',NULL,NULL,8,NULL,NULL,NULL,'IN'),(10,'2018-01-13',NULL,NULL,9,NULL,NULL,NULL,'IN'),(11,'2018-01-08',NULL,NULL,10,NULL,NULL,NULL,'IN'),(12,'2018-01-17',NULL,NULL,11,NULL,NULL,NULL,'IN'),(13,'2018-01-17',NULL,NULL,11,NULL,NULL,NULL,'IN'),(14,'2018-01-06',NULL,NULL,12,NULL,NULL,NULL,'IN'),(15,'2018-01-18',NULL,NULL,13,NULL,NULL,NULL,'IN'),(16,'2018-01-17',NULL,NULL,14,NULL,NULL,NULL,'IN'),(17,'2018-01-09',NULL,NULL,16,NULL,NULL,NULL,'IN'),(18,'2018-01-09',NULL,NULL,15,NULL,NULL,NULL,'IN'),(19,'2018-01-08',NULL,NULL,17,NULL,NULL,NULL,'IN'),(20,'2018-01-09',NULL,NULL,18,NULL,NULL,NULL,'IN'),(21,'2018-01-15',NULL,NULL,19,NULL,NULL,NULL,'IN'),(22,'2018-01-16',NULL,NULL,21,NULL,NULL,NULL,'IN'),(23,'2018-01-13',NULL,NULL,20,NULL,NULL,NULL,'IN'),(24,'2018-01-05',NULL,NULL,22,NULL,NULL,NULL,'IN'),(25,'2018-01-12',NULL,NULL,23,NULL,NULL,NULL,'IN'),(26,'2018-01-23',NULL,NULL,24,NULL,NULL,NULL,'IN'),(27,'2018-01-24',NULL,NULL,NULL,1,NULL,NULL,'OUT'),(28,'2018-01-25',NULL,NULL,NULL,7,NULL,NULL,'OUT'),(29,'2018-01-25',NULL,NULL,NULL,2,NULL,NULL,'OUT'),(30,'2018-01-27',NULL,NULL,NULL,6,NULL,NULL,'OUT'),(31,'2018-01-23',NULL,NULL,NULL,9,NULL,NULL,'OUT'),(32,'2018-01-26',NULL,NULL,NULL,4,NULL,NULL,'OUT'),(33,'2018-01-20',NULL,NULL,NULL,5,NULL,NULL,'OUT'),(34,'2018-01-24',NULL,NULL,NULL,3,NULL,NULL,'OUT'),(35,'2018-01-26',NULL,NULL,NULL,11,NULL,NULL,'OUT'),(36,'2018-01-19',NULL,NULL,NULL,8,NULL,NULL,'OUT'),(37,'2018-01-16',NULL,NULL,NULL,12,NULL,NULL,'OUT'),(38,'2018-01-16',NULL,NULL,NULL,12,NULL,NULL,'OUT'),(39,'2018-01-16',NULL,NULL,NULL,12,NULL,NULL,'OUT'),(40,'2018-01-16',NULL,NULL,NULL,12,NULL,NULL,'OUT'),(41,'2018-01-20',NULL,NULL,NULL,10,NULL,NULL,'OUT'),(42,'2018-01-26',NULL,NULL,NULL,23,NULL,NULL,'OUT'),(43,'2018-01-25',NULL,NULL,NULL,22,NULL,NULL,'OUT'),(44,'2018-01-24',NULL,NULL,NULL,21,NULL,NULL,'OUT'),(45,'2018-01-31',NULL,NULL,25,NULL,NULL,NULL,'IN'),(46,'2018-01-31',NULL,NULL,26,NULL,NULL,NULL,'IN'),(47,'2018-01-31',NULL,NULL,27,NULL,NULL,NULL,'IN'),(48,'2018-01-31',NULL,NULL,28,NULL,NULL,NULL,'IN'),(49,'2018-01-31',NULL,NULL,29,NULL,NULL,NULL,'IN'),(50,'2018-01-23',NULL,NULL,NULL,13,NULL,NULL,'OUT'),(51,'2018-01-27',NULL,NULL,NULL,14,NULL,NULL,'OUT'),(52,'2018-01-27',NULL,NULL,NULL,14,NULL,NULL,'OUT'),(53,'2018-01-27',NULL,NULL,NULL,15,NULL,NULL,'OUT'),(54,'2018-01-31',NULL,NULL,NULL,16,NULL,NULL,'OUT'),(55,'2018-01-27',NULL,NULL,NULL,17,NULL,NULL,'OUT'),(56,'2018-01-21',NULL,NULL,NULL,18,NULL,NULL,'OUT'),(57,'2018-01-22',NULL,NULL,NULL,19,NULL,NULL,'OUT'),(58,'2018-01-23',NULL,NULL,NULL,20,NULL,NULL,'OUT'),(59,'2018-01-29',NULL,NULL,NULL,24,NULL,NULL,'OUT'),(60,'2018-01-28',NULL,NULL,NULL,25,NULL,NULL,'OUT'),(61,'2018-01-20',NULL,NULL,NULL,26,NULL,NULL,'OUT'),(62,'2018-01-21',NULL,NULL,NULL,27,NULL,NULL,'OUT'),(63,'2018-01-22',NULL,NULL,NULL,28,NULL,NULL,'OUT'),(64,'2018-01-23',NULL,NULL,NULL,29,NULL,NULL,'OUT'),(65,'2018-01-24',NULL,NULL,NULL,30,NULL,NULL,'OUT'),(66,'2018-01-27',NULL,NULL,NULL,15,NULL,NULL,'OUT'),(67,'2018-01-27',NULL,NULL,NULL,31,NULL,NULL,'OUT'),(68,'2018-01-24',NULL,NULL,NULL,32,NULL,NULL,'OUT'),(69,'2018-01-24',NULL,NULL,NULL,33,NULL,NULL,'OUT'),(70,'2018-01-24',NULL,NULL,NULL,34,NULL,NULL,'OUT'),(71,'2018-01-24',NULL,NULL,NULL,35,NULL,NULL,'OUT'),(72,'2018-01-26',NULL,NULL,NULL,36,NULL,NULL,'OUT'),(73,'2018-01-27',NULL,NULL,NULL,37,NULL,NULL,'OUT'),(74,'2018-01-28',NULL,NULL,NULL,38,NULL,NULL,'OUT'),(75,'2018-01-27',NULL,NULL,NULL,39,NULL,NULL,'OUT'),(76,'2018-01-28',NULL,NULL,NULL,40,NULL,NULL,'OUT'),(77,'2018-01-28',NULL,NULL,NULL,41,NULL,NULL,'OUT'),(78,'2018-01-26',NULL,NULL,NULL,42,NULL,NULL,'OUT'),(79,'2018-01-28',NULL,NULL,NULL,54,NULL,NULL,'OUT'),(80,'2018-01-26',NULL,NULL,NULL,53,NULL,NULL,'OUT'),(81,'2018-01-21',NULL,NULL,NULL,51,NULL,NULL,'OUT'),(82,'2018-02-06',NULL,NULL,30,NULL,NULL,NULL,'IN'),(83,'2018-01-28',NULL,NULL,NULL,48,NULL,NULL,'OUT'),(84,'2018-01-20',NULL,NULL,NULL,50,NULL,NULL,'OUT'),(85,'2018-02-06',NULL,NULL,31,NULL,NULL,NULL,'IN'),(86,'2018-01-21',NULL,NULL,NULL,47,NULL,NULL,'OUT'),(87,'2018-01-24',NULL,NULL,NULL,46,NULL,NULL,'OUT'),(88,'2018-01-21',NULL,NULL,NULL,43,NULL,NULL,'OUT'),(89,'2018-01-22',NULL,NULL,NULL,49,NULL,NULL,'OUT'),(90,'2018-01-27',NULL,NULL,NULL,52,NULL,NULL,'OUT'),(91,'2018-02-06',NULL,NULL,32,NULL,NULL,NULL,'IN'),(92,'2018-01-25',NULL,NULL,NULL,44,NULL,NULL,'OUT'),(93,'2018-02-06',NULL,NULL,33,NULL,NULL,NULL,'IN'),(94,'2018-02-06',NULL,NULL,34,NULL,NULL,NULL,'IN'),(95,'2018-02-06',NULL,NULL,35,NULL,NULL,NULL,'IN'),(96,'2018-01-23',NULL,NULL,NULL,45,NULL,NULL,'OUT'),(97,'2018-02-14',NULL,NULL,NULL,NULL,0,NULL,'OUT'),(98,'2018-02-09',NULL,NULL,NULL,NULL,0,NULL,'OUT'),(99,'2018-02-09',NULL,NULL,NULL,NULL,0,NULL,'OUT'),(100,'2018-02-09',NULL,NULL,NULL,NULL,0,NULL,'OUT'),(101,'2018-02-09',NULL,NULL,NULL,NULL,0,NULL,'OUT'),(102,'2018-02-01',NULL,NULL,NULL,55,NULL,NULL,'OUT'),(103,'2018-02-02',NULL,NULL,NULL,56,NULL,NULL,'OUT'),(104,'2018-02-03',NULL,NULL,NULL,57,NULL,NULL,'OUT'),(105,'2018-02-04',NULL,NULL,NULL,58,NULL,NULL,'OUT'),(106,'2018-02-05',NULL,NULL,NULL,59,NULL,NULL,'OUT'),(108,'2018-02-05',NULL,NULL,NULL,60,NULL,NULL,'OUT'),(109,'2018-02-06',NULL,NULL,NULL,61,NULL,NULL,'OUT'),(110,'2018-02-06',NULL,NULL,NULL,62,NULL,NULL,'OUT'),(111,'2018-02-07',NULL,NULL,NULL,63,NULL,NULL,'OUT'),(112,'2018-02-07',NULL,NULL,NULL,64,NULL,NULL,'OUT'),(113,'2018-02-08',NULL,NULL,NULL,65,NULL,NULL,'OUT'),(114,'2018-02-07',NULL,NULL,NULL,66,NULL,NULL,'OUT'),(115,'2018-02-08',NULL,NULL,NULL,67,NULL,NULL,'OUT'),(116,'2018-02-09',NULL,NULL,NULL,68,NULL,NULL,'OUT'),(117,'2018-02-09',NULL,NULL,NULL,69,NULL,NULL,'OUT'),(118,'2018-02-10',NULL,NULL,NULL,70,NULL,NULL,'OUT'),(119,'2018-02-10',NULL,NULL,NULL,71,NULL,NULL,'OUT'),(120,'2018-02-02',NULL,NULL,36,NULL,NULL,NULL,'IN'),(121,'2018-02-10',NULL,NULL,NULL,72,NULL,NULL,'OUT'),(122,'2018-02-13',NULL,NULL,NULL,73,NULL,NULL,'OUT'),(123,'2018-02-03',NULL,NULL,37,NULL,NULL,NULL,'IN'),(124,'2018-02-14',NULL,NULL,NULL,74,NULL,NULL,'OUT'),(125,'2018-02-03',NULL,NULL,38,NULL,NULL,NULL,'IN'),(126,'2018-02-06',NULL,NULL,39,NULL,NULL,NULL,'IN'),(127,'2018-02-06',NULL,NULL,39,NULL,NULL,NULL,'IN'),(128,'2018-02-06',NULL,NULL,39,NULL,NULL,NULL,'IN'),(129,'2018-02-06',NULL,NULL,39,NULL,NULL,NULL,'IN'),(130,'2018-02-07',NULL,NULL,40,NULL,NULL,NULL,'IN'),(131,'2018-02-08',NULL,NULL,41,NULL,NULL,NULL,'IN'),(132,'2018-03-05',NULL,NULL,NULL,75,NULL,NULL,'OUT'),(133,'2018-03-05',NULL,NULL,NULL,76,NULL,NULL,'OUT'),(134,'2018-03-06',NULL,NULL,NULL,77,NULL,NULL,'OUT'),(135,'2018-03-07',NULL,NULL,NULL,78,NULL,NULL,'OUT'),(136,'2018-03-08',NULL,NULL,NULL,80,NULL,NULL,'OUT'),(137,'2018-03-08',NULL,NULL,NULL,81,NULL,NULL,'OUT'),(138,'2018-03-09',NULL,NULL,NULL,82,NULL,NULL,'OUT'),(139,'2018-03-02',NULL,NULL,42,NULL,NULL,NULL,'IN'),(140,'2018-03-16',NULL,NULL,NULL,83,NULL,NULL,'OUT'),(141,'2018-03-08',NULL,NULL,NULL,79,NULL,NULL,'OUT'),(142,'2018-05-28',NULL,NULL,NULL,NULL,0,NULL,'OUT'),(143,'2018-05-28',NULL,NULL,NULL,NULL,0,NULL,'OUT'),(144,'2018-03-24',NULL,NULL,NULL,NULL,0,NULL,'OUT'),(145,'2018-05-28',NULL,NULL,NULL,NULL,0,NULL,'OUT'),(146,'2018-03-16',NULL,NULL,NULL,NULL,0,NULL,'OUT'),(147,'2018-03-05',NULL,NULL,NULL,NULL,0,NULL,'OUT'),(148,'2018-03-19',NULL,NULL,NULL,NULL,0,NULL,'OUT'),(149,'2018-03-15',NULL,NULL,NULL,NULL,0,NULL,'OUT'),(150,'2018-02-17',NULL,NULL,NULL,NULL,0,NULL,'OUT'),(151,'2018-02-05',NULL,NULL,NULL,NULL,0,NULL,'OUT'),(152,'2018-02-05',NULL,NULL,NULL,NULL,0,NULL,'OUT'),(153,'2018-02-17',NULL,NULL,NULL,NULL,0,NULL,'OUT'),(154,'2018-02-09',NULL,NULL,NULL,NULL,0,NULL,'OUT'),(155,'2018-02-24',NULL,NULL,NULL,NULL,0,NULL,'OUT'),(156,'2018-01-17',NULL,NULL,NULL,NULL,0,NULL,'OUT'),(157,'2018-01-17',NULL,NULL,NULL,NULL,0,NULL,'OUT'),(158,'2018-04-02',NULL,NULL,NULL,84,NULL,NULL,'OUT'),(159,'2018-04-03',NULL,NULL,NULL,85,NULL,NULL,'OUT'),(160,'2018-04-04',NULL,NULL,NULL,86,NULL,NULL,'OUT'),(161,'2018-04-05',NULL,NULL,NULL,87,NULL,NULL,'OUT'),(162,'2018-04-06',NULL,NULL,NULL,88,NULL,NULL,'OUT'),(163,'2018-04-13',NULL,NULL,NULL,89,NULL,NULL,'OUT'),(164,'2018-04-13',NULL,NULL,NULL,90,NULL,NULL,'OUT'),(165,'2018-04-18',NULL,NULL,NULL,92,NULL,NULL,'OUT'),(166,'2018-04-17',NULL,NULL,NULL,91,NULL,NULL,'OUT'),(167,'2018-04-19',NULL,NULL,NULL,93,NULL,NULL,'OUT'),(168,'2018-04-19',NULL,NULL,NULL,94,NULL,NULL,'OUT'),(169,'2018-05-18',NULL,NULL,NULL,95,NULL,NULL,'OUT'),(170,'2018-04-20',NULL,NULL,NULL,96,NULL,NULL,'OUT'),(171,'2018-04-03',NULL,NULL,43,NULL,NULL,NULL,'IN'),(172,'2018-04-08',NULL,NULL,44,NULL,NULL,NULL,'IN'),(173,'2018-05-03',NULL,NULL,45,NULL,NULL,NULL,'IN'),(174,'2018-05-04',NULL,NULL,46,NULL,NULL,NULL,'IN'),(175,'2018-05-07',NULL,NULL,45,NULL,NULL,NULL,'IN'),(176,'2018-05-02',NULL,NULL,NULL,97,NULL,NULL,'OUT'),(177,'2018-05-01',NULL,NULL,NULL,99,NULL,NULL,'OUT'),(178,'2018-05-04',NULL,NULL,NULL,100,NULL,NULL,'OUT'),(179,'2018-05-05',NULL,NULL,NULL,101,NULL,NULL,'OUT'),(180,'2018-05-06',NULL,NULL,NULL,102,NULL,NULL,'OUT'),(181,'2018-05-07',NULL,NULL,NULL,103,NULL,NULL,'OUT'),(182,'2018-05-02',NULL,NULL,47,NULL,NULL,NULL,'IN'),(183,'2018-05-08',NULL,NULL,NULL,104,NULL,NULL,'OUT'),(184,'2018-05-03',NULL,NULL,47,NULL,NULL,NULL,'IN'),(185,'2018-05-09',NULL,NULL,NULL,105,NULL,NULL,'OUT'),(186,'2018-05-10',NULL,NULL,NULL,106,NULL,NULL,'OUT'),(187,'2018-05-03',NULL,NULL,48,NULL,NULL,NULL,'IN'),(188,'2018-05-03',NULL,NULL,NULL,98,NULL,NULL,'OUT'),(189,'2018-05-08',NULL,NULL,51,NULL,NULL,NULL,'IN'),(190,'2018-05-11',NULL,NULL,NULL,107,NULL,NULL,'OUT'),(191,'2018-05-12',NULL,NULL,NULL,108,NULL,NULL,'OUT'),(192,'2018-05-13',NULL,NULL,NULL,109,NULL,NULL,'OUT'),(193,'2018-05-14',NULL,NULL,NULL,110,NULL,NULL,'OUT'),(194,'2018-05-14',NULL,NULL,NULL,111,NULL,NULL,'OUT'),(195,'2018-05-14',NULL,NULL,NULL,112,NULL,NULL,'OUT'),(196,'2018-05-14',NULL,NULL,NULL,113,NULL,NULL,'OUT'),(197,'2018-05-04',NULL,NULL,49,NULL,NULL,NULL,'IN'),(198,'2018-05-15',NULL,NULL,NULL,114,NULL,NULL,'OUT'),(199,'2018-05-16',NULL,NULL,NULL,115,NULL,NULL,'OUT'),(200,'2018-05-05',NULL,NULL,50,NULL,NULL,NULL,'IN'),(201,'2018-05-17',NULL,NULL,NULL,116,NULL,NULL,'OUT'),(202,'2018-05-18',NULL,NULL,NULL,117,NULL,NULL,'OUT'),(203,'2018-05-19',NULL,NULL,NULL,118,NULL,NULL,'OUT'),(204,'2018-05-09',NULL,NULL,52,NULL,NULL,NULL,'IN'),(205,'2018-05-19',NULL,NULL,NULL,119,NULL,NULL,'OUT'),(206,'2018-05-09',NULL,NULL,52,NULL,NULL,NULL,'IN'),(207,'2018-05-26',NULL,NULL,NULL,127,NULL,NULL,'OUT'),(208,'2018-05-25',NULL,NULL,NULL,126,NULL,NULL,'OUT'),(209,'2018-05-24',NULL,NULL,NULL,125,NULL,NULL,'OUT'),(210,'2018-05-02',NULL,NULL,NULL,136,NULL,NULL,'OUT'),(211,'2018-05-20',NULL,NULL,NULL,138,NULL,NULL,'OUT'),(212,'2018-05-25',NULL,NULL,NULL,132,NULL,NULL,'OUT'),(213,'2018-05-22',NULL,NULL,NULL,122,NULL,NULL,'OUT'),(214,'2018-05-21',NULL,NULL,NULL,141,NULL,NULL,'OUT'),(215,'2018-05-08',NULL,NULL,NULL,130,NULL,NULL,'OUT');
/*!40000 ALTER TABLE `inv_transact` ENABLE KEYS */;
UNLOCK TABLES;

--
-- Table structure for table `machine`
--

DROP TABLE IF EXISTS `machine`;
/*!40101 SET @saved_cs_client     = @@character_set_client */;
/*!40101 SET character_set_client = utf8 */;
CREATE TABLE `machine` (
  `mach_id` int(11) NOT NULL AUTO_INCREMENT,
  `brewer` varchar(50) NOT NULL,
  `brewer_type` varchar(50) NOT NULL,
  `mach_reorder` int(11) NOT NULL,
  `mach_stocks` int(11) NOT NULL,
  `mach_physcount` int(11) NOT NULL DEFAULT '0',
  `mach_remarks` varchar(45) DEFAULT NULL,
  `mach_discrepancy` int(11) NOT NULL DEFAULT '0',
  `inventory_date` date DEFAULT NULL,
  `unitPrice` decimal(11,0) DEFAULT NULL,
  `sup_id` varchar(11) NOT NULL,
  `mach_activation` int(11) NOT NULL DEFAULT '1',
  `category` varchar(45) DEFAULT '4',
  PRIMARY KEY (`mach_id`)
) ENGINE=InnoDB AUTO_INCREMENT=11 DEFAULT CHARSET=latin1;
/*!40101 SET character_set_client = @saved_cs_client */;

--
-- Dumping data for table `machine`
--

LOCK TABLES `machine` WRITE;
/*!40000 ALTER TABLE `machine` DISABLE KEYS */;
INSERT INTO `machine` VALUES (1,'Machine A','Double Cup Espresso',10,11,12,'',0,'2018-04-30',2800,'12',1,'4'),(2,'Machine B','Double Cup Espresso',10,11,14,'',0,'2018-04-30',2800,'8',1,'4'),(3,'Machine C','Triple Cup Espresso',10,12,13,'',0,'2018-04-30',3500,'12',1,'4'),(4,'Machine D','Single Cup Espresso',10,9,11,'',0,'2018-04-30',1900,'12',1,'4'),(5,'Machine E','Double Cup Espresso',10,28,29,'',0,'2018-04-30',2500,'13',1,'4'),(6,'Machine F','Triple Cup Espresso',10,14,10,'',0,'2018-04-30',3400,'13',1,'4'),(7,'Machine G','Single Cup Espresso',10,14,7,'',0,'2018-04-30',1700,'8',1,'4'),(8,'Machine H','Double Cup Espresso',10,9,11,'',0,'2018-04-30',2100,'11',1,'4'),(9,'Machine I','Double Cup Espresso',10,28,29,'',0,'2018-04-30',2700,'8',1,'4'),(10,'Machine J','Triple Cup Espresso',10,13,13,'',0,'2018-04-30',3750,'11',1,'4');
/*!40000 ALTER TABLE `machine` ENABLE KEYS */;
UNLOCK TABLES;

--
-- Table structure for table `machine_out`
--

DROP TABLE IF EXISTS `machine_out`;
/*!40101 SET @saved_cs_client     = @@character_set_client */;
/*!40101 SET character_set_client = utf8 */;
CREATE TABLE `machine_out` (
  `mach_salesID` int(11) NOT NULL AUTO_INCREMENT,
  `mach_id` int(11) NOT NULL,
  `mach_serial` varchar(60) NOT NULL,
  `date` date NOT NULL,
  `mach_qty` int(11) NOT NULL,
  `client_id` int(11) NOT NULL,
  `remarks` varchar(60) NOT NULL DEFAULT 'Received',
  `status` varchar(60) NOT NULL,
  `mach_stat` varchar(45) NOT NULL DEFAULT '0',
  `contract_id` varchar(45) DEFAULT NULL,
  PRIMARY KEY (`mach_salesID`)
) ENGINE=InnoDB AUTO_INCREMENT=121 DEFAULT CHARSET=latin1;
/*!40101 SET character_set_client = @saved_cs_client */;

--
-- Dumping data for table `machine_out`
--

LOCK TABLES `machine_out` WRITE;
/*!40000 ALTER TABLE `machine_out` DISABLE KEYS */;
INSERT INTO `machine_out` VALUES (3,5,'SN597','2018-04-11',7,10,'Received','rented','1','2'),(5,8,'SN578','2018-04-01',9,33,'Received','rented','1','9'),(8,7,'SN578','2018-11-15',15,13,'Received','rented','1','10'),(11,6,'SN548','2018-12-07',4,8,'Received','rented','1','29'),(14,6,'SN200','2018-03-07',3,15,'Received','rented','1','5'),(18,8,'SN300','2018-07-18',8,5,'Received','rented','1','35'),(19,6,'SN500','2018-03-22',3,7,'Received','rented','1','26'),(20,4,'SN6523','2018-05-24',9,3,'Received','sold','1',NULL),(21,4,'SN9501','2018-05-22',8,6,'Received','sold','1',NULL),(22,5,'SN9831','2018-05-24',6,3,'Received','sold','1',NULL),(23,7,'SN9844','2018-01-18',13,1,'Received','sold','1',NULL),(24,2,'SN9562','2018-05-24',5,1,'Received','sold','1',NULL),(25,3,'SN789','2018-01-11',4,45,'Received','rented','1','25'),(27,9,'SN680','2018-08-22',6,43,'Received','rented','1','39'),(30,0,'0','2018-04-20',0,40,'Received','rented','0',NULL),(32,0,'0','2018-04-30',0,39,'Received','rented','0',NULL),(33,0,'0','2018-05-17',0,37,'Received','rented','0',NULL),(36,0,'0','2018-05-28',0,1,'Received','rented','0',NULL),(38,0,'0','2018-02-08',0,12,'Received','rented','0',NULL),(40,0,'0','2018-02-07',0,11,'Received','rented','0',NULL),(41,0,'0','2018-04-12',0,16,'Received','rented','0',NULL),(42,0,'0','2018-04-06',0,18,'Received','rented','0',NULL),(43,0,'0','2018-10-09',0,2,'Received','rented','0',NULL),(48,0,'0','2018-05-03',0,20,'Received','rented','0',NULL),(49,0,'0','2018-09-07',0,22,'Received','rented','0',NULL),(50,0,'0','2018-11-16',0,27,'Received','rented','0',NULL),(51,0,'0','2018-08-09',0,29,'Received','rented','0',NULL),(52,0,'0','2018-09-23',0,37,'Received','rented','0',NULL),(53,0,'0','2018-03-03',0,30,'Received','rented','0',NULL),(54,0,'0','2018-06-01',0,38,'Received','rented','0',NULL),(55,0,'0','2018-02-05',0,32,'Received','rented','0',NULL),(56,0,'0','2018-06-01',0,39,'Received','rented','0',NULL),(57,0,'0','2018-10-05',0,36,'Received','rented','0',NULL),(58,0,'0','2018-06-08',0,47,'Received','rented','0',NULL),(59,0,'0','2018-06-23',0,40,'Received','rented','0',NULL),(60,0,'0','2018-09-01',0,6,'Received','rented','0',NULL),(61,0,'0','2018-07-09',0,9,'Received','rented','0',NULL),(64,4,'SN850','2018-02-07',6,50,'Received','rented','1','27'),(65,5,'SN570','2018-08-17',5,23,'Received','rented','1','28'),(67,9,'SN852','2018-02-01',6,46,'Received','rented','1','30'),(68,5,'SN728','2018-12-06',5,35,'Received','rented','1','31'),(71,6,'SN850','2018-02-15',3,3,'Received','rented','1','32'),(72,9,'SN572','2018-12-14',6,48,'Received','rented','1','33'),(73,3,'SN930','2018-07-13',3,49,'Received','rented','1','34'),(75,5,'SN963','2018-10-12',5,4,'Received','rented','1','36'),(76,6,'SN784','2018-08-17',4,41,'Received','rented','1','37'),(77,8,'SN258','2018-08-15',8,42,'Received','rented','1',''),(79,6,'SN678','2018-09-14',3,44,'Received','rented','1','40'),(80,9,'SN159','2018-09-20',6,14,'Received','rented','1','41'),(81,5,'SN357','2018-07-06',5,17,'Received','rented','1','42'),(82,7,'SN986','2018-07-19',12,19,'Received','rented','1','43'),(83,8,'SN745','2018-01-31',9,21,'Received','rented','1','44'),(84,5,'SN145','2018-03-07',5,24,'Received','rented','1','45'),(85,5,'SN365','2018-12-07',5,25,'Received','rented','1','46'),(86,9,'SN321','2018-03-22',6,26,'Received','rented','1','47'),(87,1,'SN654','2018-04-26',4,28,'Received','rented','1','48'),(88,10,'SN978','2018-03-09',2,31,'Received','rented','1','49'),(89,8,'SN328','2018-04-26',8,34,'Received','rented','1','50'),(90,9,'SN152','2018-04-20',6,51,'Received','rented','1','51'),(91,0,'0','2018-04-26',0,53,'Received','rented','0','52'),(92,0,'0','2018-05-16',0,54,'Received','rented','0','53'),(93,5,'SN963','2018-03-10',4,8,'Received','sold','1',NULL),(94,9,'SN246','2018-05-28',5,29,'Received','sold','1',NULL),(95,7,'SN807','2018-03-05',11,12,'Received','sold','1',NULL),(96,4,'SN444','2018-03-22',5,18,'Received','sold','1',NULL),(97,7,'SN018','2018-02-20',8,14,'Received','sold','1',NULL),(98,8,'SN002','2018-02-09',7,14,'Received','sold','1',NULL),(99,1,'SN178','2018-04-20',3,1,'Received','sold','1',NULL),(100,2,'SN189','2018-04-20',4,2,'Received','sold','1',NULL),(101,3,'SN190','2018-04-21',2,3,'Received','sold','1',NULL),(102,4,'SN200','2018-04-21',4,4,'Received','sold','1',NULL),(103,5,'SN201','2018-04-21',3,5,'Received','sold','1',NULL),(104,6,'SN212','2018-04-20',2,10,'Received','sold','1',NULL),(105,7,'SN213','2018-04-20',6,11,'Received','sold','1',NULL),(106,8,'SN214','2018-04-21',4,12,'Received','sold','1',NULL),(107,9,'SN215','2018-04-21',2,13,'Received','sold','1',NULL),(108,9,'SN216','2018-04-21',2,16,'Received','sold','1',NULL),(109,7,'SN227','2018-04-21',5,8,'Received','sold','1',NULL),(110,1,'SN236','2018-05-28',1,3,'Received','sold','0',NULL),(111,2,'SN096','2018-05-09',3,6,'Received','sold','0',NULL),(112,3,'SN781','2018-05-11',1,12,'Received','sold','0',NULL),(113,4,'SN655','2018-05-14',2,15,'Received','sold','0',NULL),(114,5,'SN715','2018-05-16',1,1,'Received','sold','0',NULL),(115,7,'SN095','2018-05-28',3,22,'Received','sold','0',NULL),(116,8,'SN674','2018-05-18',2,20,'Received','sold','0',NULL),(117,9,'SN627','2018-05-18',1,20,'Received','sold','0',NULL),(118,8,'SN791','2018-05-21',1,4,'Received','sold','0',NULL),(119,2,'SN650','2018-05-22',1,25,'Received','sold','0',NULL),(120,6,'SN661','2018-05-23',1,51,'Received','sold','0',NULL);
/*!40000 ALTER TABLE `machine_out` ENABLE KEYS */;
UNLOCK TABLES;

--
-- Table structure for table `packaging`
--

DROP TABLE IF EXISTS `packaging`;
/*!40101 SET @saved_cs_client     = @@character_set_client */;
/*!40101 SET character_set_client = utf8 */;
CREATE TABLE `packaging` (
  `package_id` int(11) NOT NULL AUTO_INCREMENT,
  `package_type` varchar(20) NOT NULL,
  `package_size` varchar(20) NOT NULL,
  `package_reorder` int(11) NOT NULL,
  `package_stock` int(11) NOT NULL,
  `package_physcount` int(11) NOT NULL DEFAULT '0',
  `package_remarks` varchar(45) DEFAULT NULL,
  `package_discrepancy` int(11) NOT NULL DEFAULT '0',
  `inventory_date` date DEFAULT NULL,
  `unitPrice` decimal(11,0) NOT NULL,
  `sup_id` int(11) NOT NULL,
  `pack_activation` int(11) NOT NULL DEFAULT '1',
  `category` varchar(45) DEFAULT '2',
  PRIMARY KEY (`package_id`)
) ENGINE=InnoDB AUTO_INCREMENT=7 DEFAULT CHARSET=latin1;
/*!40101 SET character_set_client = @saved_cs_client */;

--
-- Dumping data for table `packaging`
--

LOCK TABLES `packaging` WRITE;
/*!40000 ALTER TABLE `packaging` DISABLE KEYS */;
INSERT INTO `packaging` VALUES (1,'clear bag','250',1000,13094,16044,'',0,'2018-04-30',2,9,1,'2'),(2,'clear bag','500',1000,6895,8245,'',0,'2018-04-30',4,12,1,'2'),(3,'clear bag','1000',1000,8941,9741,'',0,'2018-04-30',6,3,1,'2'),(4,'brown bag','250',1000,6142,7542,'',0,'2018-04-30',3,9,1,'2'),(5,'brown bag','500',1000,3597,5397,'',0,'2018-04-30',5,5,1,'2'),(6,'brown bag','1000',1000,9194,9394,'',0,'2018-04-30',7,6,1,'2');
/*!40000 ALTER TABLE `packaging` ENABLE KEYS */;
UNLOCK TABLES;

--
-- Table structure for table `payment_contracted`
--

DROP TABLE IF EXISTS `payment_contracted`;
/*!40101 SET @saved_cs_client     = @@character_set_client */;
/*!40101 SET character_set_client = utf8 */;
CREATE TABLE `payment_contracted` (
  `paid_id` int(11) NOT NULL AUTO_INCREMENT,
  `client_deliveryID` int(11) NOT NULL,
  `collection_no` varchar(20) NOT NULL,
  `payment_mode` varchar(20) NOT NULL,
  `paid_date` date NOT NULL,
  `paid_amount` int(11) NOT NULL,
  `withheld` int(11) NOT NULL,
  `remarks` varchar(20) NOT NULL,
  PRIMARY KEY (`paid_id`)
) ENGINE=InnoDB AUTO_INCREMENT=90 DEFAULT CHARSET=latin1;
/*!40101 SET character_set_client = @saved_cs_client */;

--
-- Dumping data for table `payment_contracted`
--

LOCK TABLES `payment_contracted` WRITE;
/*!40000 ALTER TABLE `payment_contracted` DISABLE KEYS */;
INSERT INTO `payment_contracted` VALUES (1,1,'CR001','Bank deposit','2018-05-27',87000,0,''),(2,2,'CR002','Cheque','2018-02-27',96000,0,''),(3,3,'CR004','Cash on Delivery','2018-02-27',62000,0,''),(4,4,'CR005','Bank deposit','2018-02-27',60000,2000,'withheld'),(5,5,'CR006','Cheque','2018-02-23',83000,1000,'withheld'),(6,6,'CR008','Bank deposit','2018-02-15',84000,0,''),(7,7,'CR007','Bank deposit','2018-02-14',122500,0,''),(8,8,'CR008','Bank deposit','2018-02-01',103000,2000,'withheld'),(9,9,'CR010','Bank deposit','2018-02-26',80000,0,''),(10,10,'CR011','Cash on Delivery','2018-01-28',85000,0,''),(11,11,'CR012','Bank deposit','2018-02-12',70000,0,''),(12,12,'DR013','Cheque','2018-02-12',69000,1000,'withheld'),(13,13,'CR014','Bank deposit','2018-02-14',70000,0,''),(14,14,'CR015','Cheque','2018-02-22',50000,0,''),(15,15,'CR016','Bank deposit','2018-02-27',100000,0,''),(16,16,'CR017','Cheque','2018-05-27',86000,1000,'withheld'),(17,17,'CR018','Bank deposit','2018-02-12',90000,0,''),(18,18,'CR019','Bank deposit','2018-02-27',90000,0,''),(19,19,'CR20','Bank deposit','2018-02-27',77000,500,''),(20,20,'CR021','Bank deposit','2018-02-15',84000,1000,'withheld'),(21,21,'CR022','Cheque','2018-02-23',95000,1000,'withheld'),(22,22,'CR023','Bank deposit','2018-02-15',80000,0,''),(23,23,'CR024','Cash on Delivery','2018-02-16',74000,1000,''),(24,25,'CR025','Bank deposit','2018-02-06',90000,0,''),(25,27,'CR026','Cheque','2018-02-02',80000,0,''),(26,29,'CR027','Bank deposit','2018-02-28',121000,2000,'withheld'),(27,32,'CR028','Cash on Delivery','2018-02-26',87000,500,'withheld'),(28,33,'CR029','Bank deposit','2018-02-16',114000,0,''),(29,35,'CR030','Bank deposit','2018-05-27',72000,0,''),(30,36,'CR031','Bank deposit','2018-02-28',73000,2000,'withheld'),(31,24,'CR124','Bank deposit','2018-02-19',87000,0,''),(32,26,'CR125','Cash on Delivery','2018-02-16',83000,1000,'withheld'),(33,28,'CR126','Cheque','2018-02-27',102000,500,'withheld'),(34,30,'CR127','Cash on Delivery','2018-02-12',114000,0,''),(35,31,'CR128','Cash on Delivery','2018-02-26',102500,0,''),(36,34,'CR129','Bank deposit','2018-02-27',70000,0,''),(37,37,'CR120','Bank deposit','2018-05-27',77000,500,'withheld'),(38,44,'CR133','Bank deposit','2018-02-14',70000,0,''),(39,40,'CR121','Cheque','2018-02-05',96000,0,''),(40,42,'CR122','Cash on Delivery','2018-05-27',62000,1000,'withheld'),(41,46,'CR134','Cheque','2018-05-27',113500,500,'Withheld'),(42,43,'CR131','Cash on Delivery','2018-02-15',104000,1000,''),(43,39,'CR051','Bank deposit','2018-02-12',80000,0,''),(44,41,'CR052','Bank deposit','2018-02-27',70000,0,''),(45,45,'CR053','Bank deposit','2018-02-12',67000,500,'withheld'),(46,48,'CR054','Cash on Delivery','2018-02-18',75000,0,''),(47,47,'CR136','Cash on Delivery','2018-02-20',62000,0,''),(48,49,'CR138','Cash on Delivery','2018-02-18',56000,0,''),(49,50,'CR139','Bank deposit','2018-02-15',68000,0,''),(50,52,'CR140','Cheque','2018-02-15',56000,0,''),(51,51,'CR045','Bank deposit','2018-02-07',95500,500,'Withheld'),(52,38,'CR050','Bank deposit','2018-02-12',87000,500,'withheld'),(53,54,'CR142','Bank deposit','2018-02-15',83000,1000,'withheld'),(54,53,'CR046','Cash on Delivery','2018-02-08',72000,500,''),(55,55,'CR501','Bank deposit','2018-03-01',87000,0,''),(56,56,'CR502','Bank deposit','2018-03-02',96000,0,''),(57,57,'CR503','Cheque','2018-03-02',61000,1000,'withheld'),(58,58,'CR504','Bank deposit','2018-03-06',83000,1000,'withheld'),(59,59,'CR505','Cheque','2018-03-07',122000,500,'withheld'),(60,62,'CR506','Bank deposit','2018-03-08',105000,0,''),(61,64,'CR507','Cash on Delivery','2018-05-28',80000,0,''),(62,66,'CR605','Cheque','2018-05-28',77000,500,'Withheld'),(63,63,'CR603','Bank deposit','2018-03-12',85000,0,''),(64,67,'CR508','Cash on Delivery','2018-03-07',85000,0,''),(65,74,'CR610','Cash on Delivery','2018-03-07',50000,0,''),(66,60,'CR601','Cash on Delivery','2018-03-06',96000,0,''),(67,69,'CR509','Bank deposit','2018-03-08',70000,0,''),(68,72,'CR510','Cash on Delivery','2018-03-08',70000,0,''),(69,61,'CR602','Bank deposit','2018-03-13',80000,0,''),(70,73,'CR511','Bank deposit','2018-03-08',70000,0,''),(71,71,'CR608','Cash on Delivery','2018-03-07',100000,0,''),(72,70,'CR607','Cheque','2018-05-28',87000,0,''),(73,68,'CR606','Bank deposit','2018-03-08',90000,0,''),(74,65,'CR604','Bank deposit','2018-03-07',90000,0,''),(75,75,'CR521','Bank deposit','2018-04-02',74000,1000,'withheld'),(76,76,'CR522','Bank deposit','2018-04-04',90000,0,''),(77,79,'CR523','Bank deposit','2018-04-11',80000,0,''),(78,82,'CR524','Bank deposit','2018-04-12',121000,2000,'withheld'),(79,83,'CR525','Bank deposit','2018-04-13',87500,0,''),(80,81,'CR623','Cheque','2018-04-16',72000,0,''),(81,84,'CR531','Bank deposit','2018-05-01',102500,0,''),(82,86,'CR532','Bank deposit','2018-05-02',113000,1000,'withheld'),(83,87,'CR533','Cheque','2018-05-08',102000,500,'withheld'),(84,89,'CR534','Bank deposit','2018-05-09',70000,0,''),(85,85,'CR630','Cash on Delivery','2018-05-10',77000,500,'withheld'),(86,98,'CR552','Cash on Delivery','2018-05-16',30000,0,''),(87,88,'CR631','Cheque','2018-05-28',61500,500,'Withheld'),(88,106,'CR830','Bank deposit','2018-05-13',64300,500,'Withheld'),(89,103,'CR558','Cash on Delivery','2018-05-16',30000,0,'');
/*!40000 ALTER TABLE `payment_contracted` ENABLE KEYS */;
UNLOCK TABLES;

--
-- Table structure for table `payment_supplier`
--

DROP TABLE IF EXISTS `payment_supplier`;
/*!40101 SET @saved_cs_client     = @@character_set_client */;
/*!40101 SET character_set_client = utf8 */;
CREATE TABLE `payment_supplier` (
  `supPayment_id` int(11) NOT NULL AUTO_INCREMENT,
  `supPO_id` int(11) NOT NULL,
  `supPayment_date` date NOT NULL,
  `supPayment_amount` int(11) NOT NULL,
  `sup_balance` int(11) NOT NULL,
  `supPayment_status` varchar(20) NOT NULL,
  PRIMARY KEY (`supPayment_id`)
) ENGINE=InnoDB DEFAULT CHARSET=latin1;
/*!40101 SET character_set_client = @saved_cs_client */;

--
-- Dumping data for table `payment_supplier`
--

LOCK TABLES `payment_supplier` WRITE;
/*!40000 ALTER TABLE `payment_supplier` DISABLE KEYS */;
/*!40000 ALTER TABLE `payment_supplier` ENABLE KEYS */;
UNLOCK TABLES;

--
-- Table structure for table `proportions`
--

DROP TABLE IF EXISTS `proportions`;
/*!40101 SET @saved_cs_client     = @@character_set_client */;
/*!40101 SET character_set_client = utf8 */;
CREATE TABLE `proportions` (
  `proportion_id` int(11) NOT NULL AUTO_INCREMENT,
  `blend_id` int(11) NOT NULL,
  `raw_id` int(11) NOT NULL,
  `percentage` int(11) NOT NULL,
  PRIMARY KEY (`proportion_id`),
  KEY `raw_prop_idx` (`raw_id`),
  KEY `blend_prop_idx` (`blend_id`)
) ENGINE=InnoDB AUTO_INCREMENT=2827 DEFAULT CHARSET=latin1;
/*!40101 SET character_set_client = @saved_cs_client */;

--
-- Dumping data for table `proportions`
--

LOCK TABLES `proportions` WRITE;
/*!40000 ALTER TABLE `proportions` DISABLE KEYS */;
INSERT INTO `proportions` VALUES (1,1,1,30),(2,1,2,30),(3,1,3,40),(4,1,4,0),(5,1,5,0),(6,1,6,0),(7,1,7,0),(8,1,8,0),(9,1,9,0),(10,1,10,0),(11,1,11,0),(12,1,12,0),(13,1,13,0),(14,1,14,0),(15,1,15,0),(16,1,16,0),(17,1,17,0),(18,1,18,0),(19,2,1,30),(20,2,2,30),(21,2,3,40),(22,2,4,0),(23,2,5,0),(24,2,6,0),(25,2,7,0),(26,2,8,0),(27,2,9,0),(28,2,10,0),(29,2,11,0),(30,2,12,0),(31,2,13,0),(32,2,14,0),(33,2,15,0),(34,2,16,0),(35,2,17,0),(36,2,18,0),(37,3,1,30),(38,3,2,30),(39,3,3,40),(40,3,4,0),(41,3,5,0),(42,3,6,0),(43,3,7,0),(44,3,8,0),(45,3,9,0),(46,3,10,0),(47,3,11,0),(48,3,12,0),(49,3,13,0),(50,3,14,0),(51,3,15,0),(52,3,16,0),(53,3,17,0),(54,3,18,0),(55,4,1,30),(56,4,2,30),(57,4,3,40),(58,4,4,0),(59,4,5,0),(60,4,6,0),(61,4,7,0),(62,4,8,0),(63,4,9,0),(64,4,10,0),(65,4,11,0),(66,4,12,0),(67,4,13,0),(68,4,14,0),(69,4,15,0),(70,4,16,0),(71,4,17,0),(72,4,18,0),(73,5,1,30),(74,5,2,30),(75,5,3,40),(76,5,4,0),(77,5,5,0),(78,5,6,0),(79,5,7,0),(80,5,8,0),(81,5,9,0),(82,5,10,0),(83,5,11,0),(84,5,12,0),(85,5,13,0),(86,5,14,0),(87,5,15,0),(88,5,16,0),(89,5,17,0),(90,5,18,0),(91,6,1,30),(92,6,2,30),(93,6,3,40),(94,6,4,0),(95,6,5,0),(96,6,6,0),(97,6,7,0),(98,6,8,0),(99,6,9,0),(100,6,10,0),(101,6,11,0),(102,6,12,0),(103,6,13,0),(104,6,14,0),(105,6,15,0),(106,6,16,0),(107,6,17,0),(108,6,18,0),(109,7,1,0),(110,7,2,0),(111,7,3,0),(112,7,4,40),(113,7,5,0),(114,7,6,0),(115,7,7,0),(116,7,8,0),(117,7,9,0),(118,7,10,0),(119,7,11,30),(120,7,12,30),(121,7,13,0),(122,7,14,0),(123,7,15,0),(124,7,16,0),(125,7,17,0),(126,7,18,0),(127,8,1,100),(128,8,2,0),(129,8,3,0),(130,8,4,0),(131,8,5,0),(132,8,6,0),(133,8,7,0),(134,8,8,0),(135,8,9,0),(136,8,10,0),(137,8,11,0),(138,8,12,0),(139,8,13,0),(140,8,14,0),(141,8,15,0),(142,8,16,0),(143,8,17,0),(144,8,18,0),(145,9,1,0),(146,9,2,0),(147,9,3,0),(148,9,4,40),(149,9,5,0),(150,9,6,0),(151,9,7,0),(152,9,8,0),(153,9,9,0),(154,9,10,0),(155,9,11,30),(156,9,12,30),(157,9,13,0),(158,9,14,0),(159,9,15,0),(160,9,16,0),(161,9,17,0),(162,9,18,0),(163,10,1,0),(164,10,2,0),(165,10,3,0),(166,10,4,40),(167,10,5,0),(168,10,6,0),(169,10,7,0),(170,10,8,0),(171,10,9,0),(172,10,10,0),(173,10,11,30),(174,10,12,30),(175,10,13,0),(176,10,14,0),(177,10,15,0),(178,10,16,0),(179,10,17,0),(180,10,18,0),(181,11,1,0),(182,11,2,0),(183,11,3,0),(184,11,4,40),(185,11,5,0),(186,11,6,0),(187,11,7,0),(188,11,8,0),(189,11,9,0),(190,11,10,0),(191,11,11,30),(192,11,12,30),(193,11,13,0),(194,11,14,0),(195,11,15,0),(196,11,16,0),(197,11,17,0),(198,11,18,0),(199,12,1,0),(200,12,2,0),(201,12,3,0),(202,12,4,0),(203,12,5,0),(204,12,6,0),(205,12,7,0),(206,12,8,50),(207,12,9,0),(208,12,10,0),(209,12,11,0),(210,12,12,20),(211,12,13,0),(212,12,14,0),(213,12,15,0),(214,12,16,30),(215,12,17,0),(216,12,18,0),(217,13,1,0),(218,13,2,40),(219,13,3,0),(220,13,4,0),(221,13,5,0),(222,13,6,0),(223,13,7,0),(224,13,8,0),(225,13,9,0),(226,13,10,20),(227,13,11,0),(228,13,12,0),(229,13,13,0),(230,13,14,0),(231,13,15,0),(232,13,16,0),(233,13,17,0),(234,13,18,40),(235,14,1,25),(236,14,2,25),(237,14,3,25),(238,14,4,25),(239,14,5,0),(240,14,6,0),(241,14,7,0),(242,14,8,0),(243,15,1,0),(244,14,9,0),(245,15,2,0),(246,14,10,0),(247,15,3,0),(248,14,11,0),(249,15,4,40),(250,14,12,0),(251,15,5,0),(252,14,13,0),(253,15,6,0),(254,14,14,0),(255,15,7,0),(256,14,15,0),(257,15,8,0),(258,14,16,0),(259,15,9,0),(260,14,17,0),(261,15,10,0),(262,14,18,0),(263,15,11,30),(264,15,12,30),(265,15,13,0),(266,15,14,0),(267,15,15,0),(268,15,16,0),(269,15,17,0),(270,15,18,0),(271,16,1,0),(272,16,2,0),(273,16,3,0),(274,16,4,40),(275,16,5,0),(276,16,6,0),(277,16,7,0),(278,16,8,0),(279,16,9,0),(280,16,10,0),(281,16,11,30),(282,16,12,30),(283,16,13,0),(284,16,14,0),(285,16,15,0),(286,16,16,0),(287,16,17,0),(288,16,18,0),(289,17,1,0),(290,17,2,0),(291,17,3,0),(292,17,4,0),(293,17,5,30),(294,17,6,30),(295,17,7,40),(296,17,8,0),(297,17,9,0),(298,17,10,0),(299,17,11,0),(300,17,12,0),(301,17,13,0),(302,17,14,0),(303,17,15,0),(304,17,16,0),(305,17,17,0),(306,17,18,0),(307,18,1,0),(308,18,2,0),(309,18,3,0),(310,18,4,0),(311,18,5,30),(312,18,6,30),(313,18,7,40),(314,18,8,0),(315,18,9,0),(316,18,10,0),(317,18,11,0),(318,18,12,0),(319,18,13,0),(320,18,14,0),(321,18,15,0),(322,18,16,0),(323,18,17,0),(324,18,18,0),(325,19,1,25),(326,19,2,0),(327,19,3,0),(328,19,4,0),(329,19,5,0),(330,19,6,0),(331,19,7,0),(332,19,8,0),(333,19,9,0),(334,19,10,0),(335,19,11,0),(336,19,12,0),(337,19,13,0),(338,19,14,0),(339,19,15,0),(340,19,16,0),(341,19,17,0),(342,19,18,0),(343,20,1,0),(344,20,2,0),(345,20,3,0),(346,20,4,0),(347,20,5,30),(348,20,6,30),(349,20,7,40),(350,20,8,0),(351,20,9,0),(352,20,10,0),(353,20,11,0),(354,20,12,0),(355,20,13,0),(356,20,14,0),(357,20,15,0),(358,20,16,0),(359,20,17,0),(360,20,18,0),(361,21,1,25),(362,21,2,0),(363,21,3,0),(364,21,4,0),(365,21,5,0),(366,21,6,0),(367,21,7,0),(368,21,8,0),(369,21,9,0),(370,21,10,0),(371,21,11,0),(372,21,12,0),(373,21,13,0),(374,21,14,0),(375,21,15,0),(376,21,16,0),(377,21,17,0),(378,21,18,0),(379,22,1,0),(380,22,2,0),(381,22,3,0),(382,22,4,0),(383,22,5,30),(384,22,6,30),(385,22,7,40),(386,22,8,0),(387,22,9,0),(388,22,10,0),(389,22,11,0),(390,22,12,0),(391,22,13,0),(392,22,14,0),(393,22,15,0),(394,22,16,0),(395,22,17,0),(396,22,18,0),(397,23,1,0),(398,23,2,0),(399,23,3,0),(400,23,4,0),(401,23,5,50),(402,23,6,0),(403,23,7,0),(404,23,8,0),(405,23,9,0),(406,23,10,25),(407,23,11,0),(408,23,12,0),(409,23,13,0),(410,23,14,0),(411,23,15,25),(412,23,16,0),(413,23,17,0),(414,23,18,0),(415,24,1,0),(416,24,2,0),(417,24,3,0),(418,24,4,0),(419,24,5,30),(420,24,6,30),(421,24,7,40),(422,24,8,0),(423,24,9,0),(424,24,10,0),(425,24,11,0),(426,24,12,0),(427,24,13,0),(428,24,14,0),(429,24,15,0),(430,24,16,0),(431,24,17,0),(432,24,18,0),(433,25,1,50),(434,25,2,25),(435,25,3,25),(436,25,4,0),(437,25,5,0),(438,25,6,0),(439,25,7,0),(440,25,8,0),(441,25,9,0),(442,25,10,0),(443,25,11,0),(444,25,12,0),(445,25,13,0),(446,25,14,0),(447,25,15,0),(448,25,16,0),(449,25,17,0),(450,25,18,0),(451,26,1,0),(452,26,2,0),(453,26,3,0),(454,26,4,0),(455,26,5,0),(456,26,6,0),(457,26,7,0),(458,26,8,0),(459,26,9,0),(460,26,10,0),(461,26,11,25),(462,26,12,0),(463,26,13,25),(464,26,14,0),(465,26,15,25),(466,26,16,0),(467,26,17,25),(468,26,18,0),(469,27,1,0),(470,27,2,0),(471,27,3,0),(472,27,4,0),(473,27,5,0),(474,27,6,0),(475,27,7,0),(476,27,8,0),(477,27,9,10),(478,27,10,0),(479,27,11,0),(480,27,12,0),(481,27,13,50),(482,27,14,0),(483,27,15,0),(484,27,16,0),(485,27,17,0),(486,27,18,40),(487,28,1,0),(488,28,2,0),(489,28,3,0),(490,28,4,0),(491,28,5,0),(492,28,6,0),(493,28,7,0),(494,28,8,0),(495,28,9,0),(496,28,10,0),(497,28,11,0),(498,28,12,0),(499,28,13,20),(500,28,14,20),(501,28,15,20),(502,28,16,20),(503,28,17,20),(504,28,18,0),(505,29,1,0),(506,29,2,0),(507,29,3,0),(508,29,4,0),(509,29,5,0),(510,29,6,30),(511,29,7,0),(512,29,8,0),(513,29,9,0),(514,29,10,0),(515,29,11,30),(516,29,12,0),(517,29,13,0),(518,29,14,0),(519,29,15,0),(520,29,16,40),(521,29,17,0),(522,29,18,0),(523,30,1,0),(524,30,2,0),(525,30,3,0),(526,30,4,0),(527,30,5,30),(528,30,6,30),(529,30,7,40),(530,30,8,0),(531,30,9,0),(532,30,10,0),(533,30,11,0),(534,30,12,0),(535,30,13,0),(536,30,14,0),(537,30,15,0),(538,30,16,0),(539,30,17,0),(540,30,18,0),(541,31,1,0),(542,31,2,0),(543,31,3,0),(544,31,4,25),(545,31,5,0),(546,31,6,0),(547,31,7,0),(548,31,8,0),(549,31,9,0),(550,31,10,0),(551,31,11,0),(552,31,12,0),(553,31,13,0),(554,31,14,0),(555,31,15,0),(556,31,16,0),(557,31,17,0),(558,31,18,0),(559,32,1,0),(560,32,2,0),(561,32,3,0),(562,32,4,20),(563,32,5,80),(564,32,6,0),(565,32,7,0),(566,32,8,0),(567,32,9,0),(568,32,10,0),(569,32,11,0),(570,32,12,0),(571,32,13,0),(572,32,14,0),(573,32,15,0),(574,32,16,0),(575,32,17,0),(576,32,18,0),(577,33,1,0),(578,33,2,0),(579,33,3,0),(580,33,4,0),(581,33,5,0),(582,33,6,0),(583,33,7,0),(584,33,8,0),(585,33,9,25),(586,33,10,0),(587,33,11,0),(588,33,12,25),(589,33,13,25),(590,33,14,0),(591,33,15,0),(592,33,16,0),(593,33,17,0),(594,33,18,25),(595,34,1,0),(596,34,2,0),(597,34,3,0),(598,34,4,0),(599,34,5,0),(600,34,6,0),(601,34,7,0),(602,34,8,0),(603,34,9,0),(604,34,10,40),(605,34,11,0),(606,34,12,10),(607,34,13,10),(608,34,14,20),(609,34,15,0),(610,34,16,20),(611,34,17,0),(612,34,18,0),(613,35,1,0),(614,35,2,0),(615,35,3,0),(616,35,4,0),(617,35,5,0),(618,35,6,0),(619,35,7,0),(620,35,8,0),(621,35,9,0),(622,35,10,0),(623,35,11,0),(624,35,12,0),(625,35,13,30),(626,35,14,30),(627,35,15,40),(628,35,16,0),(629,35,17,0),(630,35,18,0),(631,36,1,25),(632,36,2,0),(633,36,3,0),(634,36,4,25),(635,36,5,0),(636,36,6,0),(637,36,7,0),(638,36,8,0),(639,36,9,0),(640,36,10,0),(641,36,11,0),(642,36,12,0),(643,36,13,0),(644,36,14,0),(645,36,15,0),(646,36,16,0),(647,36,17,0),(648,36,18,0),(649,37,1,0),(650,37,2,0),(651,37,3,0),(652,37,4,0),(653,37,5,0),(654,37,6,0),(655,37,7,0),(656,37,8,0),(657,37,9,20),(658,37,10,20),(659,37,11,20),(660,37,12,20),(661,37,13,20),(662,37,14,0),(663,37,15,0),(664,37,16,0),(665,37,17,0),(666,37,18,0),(667,38,1,0),(668,38,2,0),(669,38,3,0),(670,39,1,0),(671,38,4,0),(672,39,2,0),(673,38,5,0),(674,39,3,0),(675,38,6,0),(676,39,4,0),(677,38,7,0),(678,39,5,0),(679,38,8,50),(680,39,6,0),(681,38,9,0),(682,39,7,0),(683,38,10,10),(684,39,8,0),(685,38,11,0),(686,39,9,0),(687,38,12,0),(688,39,10,0),(689,38,13,40),(690,39,11,0),(691,38,14,0),(692,39,12,0),(693,38,15,0),(694,39,13,30),(695,38,16,0),(696,39,14,30),(697,38,17,0),(698,39,15,40),(699,38,18,0),(700,39,16,0),(701,39,17,0),(702,39,18,0),(703,40,1,0),(704,40,2,0),(705,40,3,25),(706,40,4,25),(707,40,5,0),(708,40,6,0),(709,40,7,0),(710,40,8,0),(711,40,9,0),(712,40,10,25),(713,40,11,0),(714,40,12,0),(715,40,13,0),(716,40,14,0),(717,40,15,25),(718,40,16,0),(719,40,17,0),(720,40,18,0),(721,41,1,0),(722,41,2,0),(723,41,3,0),(724,41,4,0),(725,41,5,0),(726,41,6,0),(727,41,7,40),(728,41,8,10),(729,41,9,0),(730,41,10,40),(731,41,11,10),(732,41,12,0),(733,41,13,0),(734,41,14,0),(735,41,15,0),(736,41,16,0),(737,41,17,0),(738,41,18,0),(739,42,1,0),(740,42,2,0),(741,42,3,0),(742,42,4,0),(743,42,5,0),(744,42,6,0),(745,42,7,0),(746,42,8,0),(747,42,9,0),(748,42,10,0),(749,42,11,0),(750,42,12,0),(751,42,13,30),(752,42,14,30),(753,42,15,40),(754,42,16,0),(755,42,17,0),(756,42,18,0),(757,43,1,0),(758,43,2,0),(759,43,3,25),(760,43,4,0),(761,43,5,25),(762,43,6,0),(763,43,7,0),(764,43,8,25),(765,43,9,0),(766,43,10,0),(767,43,11,0),(768,43,12,0),(769,43,13,0),(770,43,14,0),(771,43,15,25),(772,43,16,0),(773,43,17,0),(774,43,18,0),(775,44,1,0),(776,44,2,0),(777,44,3,0),(778,44,4,0),(779,44,5,0),(780,44,6,0),(781,44,7,0),(782,44,8,0),(783,44,9,0),(784,44,10,10),(785,44,11,0),(786,44,12,0),(787,44,13,80),(788,44,14,0),(789,44,15,10),(790,44,16,0),(791,44,17,0),(792,44,18,0),(793,45,1,0),(794,45,2,25),(795,45,3,25),(796,45,4,25),(797,45,5,0),(798,45,6,0),(799,45,7,25),(800,45,8,0),(801,45,9,0),(802,45,10,0),(803,45,11,0),(804,45,12,0),(805,45,13,0),(806,45,14,0),(807,45,15,0),(808,45,16,0),(809,45,17,0),(810,45,18,0),(811,46,1,0),(812,46,2,0),(813,46,3,0),(814,46,4,0),(815,46,5,0),(816,46,6,0),(817,46,7,0),(818,46,8,0),(819,46,9,0),(820,46,10,30),(821,46,11,30),(822,46,12,30),(823,46,13,10),(824,46,14,0),(825,46,15,0),(826,46,16,0),(827,46,17,0),(828,46,18,0),(829,47,1,30),(830,47,2,0),(831,47,3,0),(832,47,4,0),(833,47,5,0),(834,47,6,0),(835,47,7,20),(836,47,8,0),(837,47,9,0),(838,47,10,0),(839,47,11,0),(840,47,12,0),(841,47,13,0),(842,47,14,20),(843,47,15,0),(844,47,16,30),(845,47,17,0),(846,47,18,0),(847,48,1,0),(848,48,2,0),(849,48,3,0),(850,48,4,0),(851,48,5,0),(852,48,6,0),(853,48,7,25),(854,48,8,0),(855,48,9,0),(856,48,10,0),(857,48,11,0),(858,48,12,25),(859,48,13,25),(860,48,14,0),(861,48,15,0),(862,48,16,0),(863,48,17,0),(864,48,18,25),(865,49,1,25),(866,49,2,0),(867,49,3,25),(868,49,4,0),(869,49,5,0),(870,49,6,0),(871,49,7,0),(872,49,8,25),(873,49,9,0),(874,49,10,0),(875,49,11,25),(876,49,12,0),(877,49,13,0),(878,49,14,0),(879,49,15,0),(880,49,16,0),(881,49,17,0),(882,49,18,0),(883,50,1,0),(884,50,2,0),(885,50,3,0),(886,50,4,20),(887,50,5,0),(888,50,6,0),(889,50,7,0),(890,50,8,40),(891,50,9,0),(892,50,10,0),(893,50,11,0),(894,50,12,0),(895,50,13,40),(896,50,14,0),(897,50,15,0),(898,50,16,0),(899,50,17,0),(900,50,18,0),(901,51,1,0),(902,51,2,0),(903,51,3,0),(904,51,4,0),(905,51,5,0),(906,51,6,0),(907,51,7,0),(908,51,8,0),(909,51,9,0),(910,51,10,0),(911,51,11,0),(912,51,12,0),(913,51,13,0),(914,51,14,0),(915,51,15,100),(916,51,16,0),(917,51,17,0),(918,51,18,0),(919,52,1,20),(920,52,2,20),(921,52,3,50),(922,52,4,10),(923,52,5,0),(924,52,6,0),(925,52,7,0),(926,52,8,0),(927,52,9,0),(928,52,10,0),(929,52,11,0),(930,52,12,0),(931,52,13,0),(932,52,14,0),(933,52,15,0),(934,52,16,0),(935,52,17,0),(936,52,18,0),(937,53,1,0),(938,53,2,0),(939,53,3,0),(940,53,4,20),(941,53,5,30),(942,53,6,20),(943,53,7,30),(944,53,8,0),(945,53,9,0),(946,53,10,0),(947,53,11,0),(948,53,12,0),(949,53,13,0),(950,53,14,0),(951,53,15,0),(952,53,16,0),(953,53,17,0),(954,53,18,0),(955,54,1,0),(956,54,2,0),(957,54,3,0),(958,54,4,30),(959,54,5,0),(960,54,6,30),(961,54,7,0),(962,54,8,0),(963,54,9,0),(964,54,10,40),(965,54,11,0),(966,54,12,0),(967,54,13,0),(968,54,14,0),(969,54,15,0),(970,54,16,0),(971,54,17,0),(972,54,18,0),(973,55,1,0),(974,55,2,0),(975,55,3,0),(976,55,4,0),(977,55,5,0),(978,55,6,0),(979,55,7,0),(980,55,8,0),(981,55,9,0),(982,55,10,0),(983,55,11,0),(984,55,12,0),(985,55,13,30),(986,55,14,30),(987,55,15,40),(988,55,16,0),(989,55,17,0),(990,55,18,0),(991,56,1,0),(992,56,2,0),(993,56,3,0),(994,56,4,0),(995,56,5,0),(996,56,6,0),(997,56,7,0),(998,56,8,0),(999,56,9,0),(1000,56,10,0),(1001,56,11,0),(1002,56,12,0),(1003,56,13,30),(1004,56,14,30),(1005,56,15,40),(1006,56,16,0),(1007,56,17,0),(1008,56,18,0),(1009,57,1,40),(1010,57,2,0),(1011,57,3,0),(1012,57,4,0),(1013,57,5,20),(1014,57,6,0),(1015,57,7,0),(1016,57,8,0),(1017,57,9,0),(1018,57,10,0),(1019,57,11,0),(1020,57,12,0),(1021,57,13,0),(1022,57,14,0),(1023,57,15,0),(1024,57,16,40),(1025,57,17,0),(1026,57,18,0),(1027,58,1,0),(1028,58,2,0),(1029,58,3,0),(1030,58,4,20),(1031,58,5,80),(1032,58,6,0),(1033,58,7,0),(1034,58,8,0),(1035,58,9,0),(1036,58,10,0),(1037,58,11,0),(1038,58,12,0),(1039,58,13,0),(1040,58,14,0),(1041,58,15,0),(1042,58,16,0),(1043,58,17,0),(1044,58,18,0),(1045,59,1,40),(1046,59,2,0),(1047,59,3,0),(1048,59,4,0),(1049,59,5,10),(1050,59,6,0),(1051,59,7,25),(1052,59,8,0),(1053,59,9,0),(1054,59,10,25),(1055,59,11,0),(1056,59,12,0),(1057,59,13,0),(1058,59,14,0),(1059,59,15,0),(1060,59,16,0),(1061,59,17,0),(1062,59,18,0),(1063,60,1,0),(1064,60,2,0),(1065,60,3,0),(1066,60,4,0),(1067,60,5,0),(1068,60,6,0),(1069,60,7,0),(1070,60,8,0),(1071,60,9,0),(1072,60,10,0),(1073,60,11,0),(1074,60,12,0),(1075,60,13,30),(1076,60,14,30),(1077,60,15,40),(1078,60,16,0),(1079,60,17,0),(1080,60,18,0),(1081,61,1,0),(1082,61,2,0),(1083,61,3,0),(1084,61,4,0),(1085,61,5,0),(1086,61,6,0),(1087,61,7,0),(1088,61,8,20),(1089,61,9,30),(1090,61,10,20),(1091,61,11,0),(1092,61,12,30),(1093,61,13,0),(1094,61,14,0),(1095,61,15,0),(1096,61,16,0),(1097,61,17,0),(1098,61,18,0),(1099,62,1,0),(1100,62,2,0),(1101,62,3,0),(1102,62,4,25),(1103,62,5,25),(1104,62,6,25),(1105,62,7,25),(1106,62,8,0),(1107,62,9,0),(1108,62,10,0),(1109,62,11,0),(1110,62,12,0),(1111,62,13,0),(1112,62,14,0),(1113,62,15,0),(1114,62,16,0),(1115,62,17,0),(1116,62,18,0),(1117,63,1,20),(1118,63,2,20),(1119,63,3,20),(1120,63,4,20),(1121,63,5,20),(1122,63,6,0),(1123,63,7,0),(1124,63,8,0),(1125,63,9,0),(1126,63,10,0),(1127,63,11,0),(1128,63,12,0),(1129,63,13,0),(1130,63,14,0),(1131,63,15,0),(1132,63,16,0),(1133,63,17,0),(1134,63,18,0),(1135,64,1,0),(1136,64,2,0),(1137,64,3,0),(1138,64,4,0),(1139,64,5,0),(1140,64,6,0),(1141,64,7,0),(1142,64,8,0),(1143,64,9,20),(1144,64,10,0),(1145,64,11,30),(1146,64,12,20),(1147,64,13,0),(1148,64,14,30),(1149,64,15,0),(1150,64,16,0),(1151,64,17,0),(1152,64,18,0),(1153,65,1,0),(1154,65,2,0),(1155,65,3,0),(1156,65,4,0),(1157,65,5,15),(1158,65,6,35),(1159,65,7,15),(1160,65,8,35),(1161,65,9,0),(1162,65,10,0),(1163,65,11,0),(1164,65,12,0),(1165,65,13,0),(1166,65,14,0),(1167,65,15,0),(1168,65,16,0),(1169,65,17,0),(1170,65,18,0),(1171,66,1,0),(1172,66,2,0),(1173,66,3,0),(1174,66,4,0),(1175,66,5,0),(1176,66,6,0),(1177,66,7,0),(1178,66,8,0),(1179,66,9,0),(1180,66,10,0),(1181,66,11,0),(1182,66,12,0),(1183,66,13,0),(1184,66,14,0),(1185,66,15,0),(1186,66,16,30),(1187,66,17,30),(1188,66,18,40),(1189,67,1,0),(1190,67,2,0),(1191,67,3,0),(1192,67,4,25),(1193,67,5,25),(1194,67,6,25),(1195,67,7,25),(1196,67,8,0),(1197,67,9,0),(1198,67,10,0),(1199,67,11,0),(1200,67,12,0),(1201,67,13,0),(1202,67,14,0),(1203,67,15,0),(1204,67,16,0),(1205,67,17,0),(1206,67,18,0),(1207,68,1,50),(1208,68,2,50),(1209,68,3,0),(1210,68,4,0),(1211,68,5,0),(1212,68,6,0),(1213,68,7,0),(1214,68,8,0),(1215,68,9,0),(1216,68,10,0),(1217,68,11,0),(1218,68,12,0),(1219,68,13,0),(1220,68,14,0),(1221,68,15,0),(1222,68,16,0),(1223,68,17,0),(1224,68,18,0),(1225,69,1,0),(1226,69,2,0),(1227,69,3,0),(1228,69,4,0),(1229,69,5,0),(1230,69,6,0),(1231,69,7,0),(1232,69,8,0),(1233,69,9,40),(1234,69,10,0),(1235,69,11,10),(1236,69,12,0),(1237,69,13,50),(1238,69,14,0),(1239,69,15,0),(1240,69,16,0),(1241,69,17,0),(1242,69,18,0),(1243,70,1,30),(1244,70,2,30),(1245,70,3,30),(1246,70,4,10),(1247,70,5,0),(1248,70,6,0),(1249,70,7,0),(1250,70,8,0),(1251,70,9,0),(1252,70,10,0),(1253,70,11,0),(1254,70,12,0),(1255,70,13,0),(1256,70,14,0),(1257,70,15,0),(1258,70,16,0),(1259,70,17,0),(1260,70,18,0),(1261,71,1,20),(1262,71,2,20),(1263,71,3,20),(1264,71,4,20),(1265,71,5,20),(1266,71,6,0),(1267,71,7,0),(1268,71,8,0),(1269,71,9,0),(1270,71,10,0),(1271,71,11,0),(1272,71,12,0),(1273,71,13,0),(1274,71,14,0),(1275,71,15,0),(1276,71,16,0),(1277,71,17,0),(1278,71,18,0),(1279,72,1,0),(1280,72,2,0),(1281,72,3,0),(1282,72,4,0),(1283,72,5,0),(1284,72,6,0),(1285,72,7,0),(1286,72,8,0),(1287,72,9,0),(1288,72,10,0),(1289,72,11,0),(1290,72,12,0),(1291,72,13,0),(1292,72,14,0),(1293,72,15,0),(1294,72,16,30),(1295,72,17,30),(1296,72,18,40),(1297,73,1,0),(1298,73,2,0),(1299,73,3,0),(1300,73,4,0),(1301,73,5,0),(1302,73,6,0),(1303,73,7,0),(1304,73,8,0),(1305,73,9,0),(1306,73,10,0),(1307,73,11,0),(1308,73,12,0),(1309,73,13,0),(1310,73,14,0),(1311,73,15,0),(1312,73,16,30),(1313,73,17,30),(1314,73,18,40),(1315,74,1,0),(1316,74,2,0),(1317,74,3,0),(1318,74,4,0),(1319,74,5,0),(1320,74,6,0),(1321,74,7,0),(1322,74,8,0),(1323,74,9,0),(1324,74,10,0),(1325,74,11,0),(1326,74,12,0),(1327,74,13,0),(1328,74,14,0),(1329,74,15,0),(1330,74,16,30),(1331,74,17,30),(1332,74,18,40),(1333,75,1,0),(1334,75,2,0),(1335,75,3,0),(1336,75,4,0),(1337,75,5,0),(1338,75,6,0),(1339,75,7,0),(1340,75,8,0),(1341,75,9,0),(1342,75,10,0),(1343,75,11,0),(1344,75,12,0),(1345,75,13,0),(1346,75,14,0),(1347,75,15,0),(1348,75,16,30),(1349,75,17,30),(1350,75,18,40),(1351,76,1,0),(1352,76,2,0),(1353,76,3,0),(1354,76,4,0),(1355,76,5,0),(1356,76,6,0),(1357,76,7,0),(1358,76,8,0),(1359,76,9,0),(1360,76,10,0),(1361,76,11,0),(1362,76,12,0),(1363,76,13,0),(1364,76,14,0),(1365,76,15,0),(1366,76,16,30),(1367,76,17,30),(1368,76,18,40),(1369,77,1,0),(1370,77,2,0),(1371,77,3,0),(1372,77,4,0),(1373,77,5,0),(1374,77,6,0),(1375,77,7,0),(1376,77,8,30),(1377,77,9,30),(1378,77,10,40),(1379,77,11,0),(1380,77,12,0),(1381,77,13,0),(1382,77,14,0),(1383,77,15,0),(1384,77,16,0),(1385,77,17,0),(1386,77,18,0),(1387,78,1,0),(1388,78,2,0),(1389,78,3,0),(1390,78,4,0),(1391,78,5,0),(1392,78,6,0),(1393,78,7,0),(1394,78,8,30),(1395,78,9,30),(1396,78,10,40),(1397,78,11,0),(1398,78,12,0),(1399,78,13,0),(1400,78,14,0),(1401,78,15,0),(1402,78,16,0),(1403,78,17,0),(1404,78,18,0),(1405,79,1,0),(1406,79,2,0),(1407,79,3,0),(1408,79,4,0),(1409,79,5,0),(1410,79,6,0),(1411,79,7,0),(1412,79,8,0),(1413,79,9,0),(1414,79,10,0),(1415,79,11,0),(1416,79,12,0),(1417,79,13,25),(1418,79,14,25),(1419,79,15,25),(1420,79,16,25),(1421,79,17,0),(1422,79,18,0),(1423,80,1,0),(1424,80,2,0),(1425,80,3,0),(1426,80,4,0),(1427,80,5,0),(1428,80,6,0),(1429,80,7,0),(1430,80,8,30),(1431,80,9,30),(1432,80,10,40),(1433,80,11,0),(1434,80,12,0),(1435,80,13,0),(1436,80,14,0),(1437,80,15,0),(1438,80,16,0),(1439,80,17,0),(1440,80,18,0),(1441,81,1,0),(1442,81,2,0),(1443,81,3,0),(1444,81,4,0),(1445,81,5,0),(1446,81,6,0),(1447,81,7,0),(1448,81,8,30),(1449,81,9,30),(1450,81,10,40),(1451,81,11,0),(1452,81,12,0),(1453,81,13,0),(1454,81,14,0),(1455,81,15,0),(1456,81,16,0),(1457,81,17,0),(1458,81,18,0),(1459,82,1,0),(1460,82,2,0),(1461,82,3,0),(1462,82,4,0),(1463,82,5,0),(1464,82,6,0),(1465,82,7,0),(1466,82,8,30),(1467,82,9,30),(1468,82,10,40),(1469,82,11,0),(1470,82,12,0),(1471,82,13,0),(1472,82,14,0),(1473,82,15,0),(1474,82,16,0),(1475,82,17,0),(1476,82,18,0),(1477,83,1,0),(1478,83,2,0),(1479,83,3,0),(1480,83,4,0),(1481,83,5,0),(1482,83,6,0),(1483,83,7,0),(1484,83,8,30),(1485,83,9,30),(1486,83,10,40),(1487,83,11,0),(1488,83,12,0),(1489,83,13,0),(1490,83,14,0),(1491,83,15,0),(1492,83,16,0),(1493,83,17,0),(1494,83,18,0),(1495,84,1,50),(1496,84,2,0),(1497,84,3,0),(1498,84,4,50),(1499,84,5,0),(1500,84,6,0),(1501,84,7,0),(1502,84,8,0),(1503,84,9,0),(1504,84,10,0),(1505,84,11,0),(1506,84,12,0),(1507,84,13,0),(1508,84,14,0),(1509,84,15,0),(1510,84,16,0),(1511,84,17,0),(1512,84,18,0),(1513,85,1,50),(1514,85,2,0),(1515,85,3,0),(1516,85,4,50),(1517,85,5,0),(1518,85,6,0),(1519,85,7,0),(1520,85,8,0),(1521,85,9,0),(1522,85,10,0),(1523,85,11,0),(1524,85,12,0),(1525,85,13,0),(1526,85,14,0),(1527,85,15,0),(1528,85,16,0),(1529,85,17,0),(1530,85,18,0),(1531,86,1,50),(1532,86,2,0),(1533,86,3,0),(1534,86,4,50),(1535,86,5,0),(1536,86,6,0),(1537,86,7,0),(1538,86,8,0),(1539,86,9,0),(1540,86,10,0),(1541,86,11,0),(1542,86,12,0),(1543,86,13,0),(1544,86,14,0),(1545,86,15,0),(1546,86,16,0),(1547,86,17,0),(1548,86,18,0),(1549,87,1,50),(1550,87,2,0),(1551,87,3,0),(1552,87,4,50),(1553,87,5,0),(1554,87,6,0),(1555,87,7,0),(1556,87,8,0),(1557,87,9,0),(1558,87,10,0),(1559,87,11,0),(1560,87,12,0),(1561,87,13,0),(1562,87,14,0),(1563,87,15,0),(1564,87,16,0),(1565,87,17,0),(1566,87,18,0),(1567,88,1,50),(1568,88,2,0),(1569,88,3,0),(1570,88,4,50),(1571,88,5,0),(1572,88,6,0),(1573,88,7,0),(1574,88,8,0),(1575,88,9,0),(1576,88,10,0),(1577,88,11,0),(1578,88,12,0),(1579,88,13,0),(1580,88,14,0),(1581,88,15,0),(1582,88,16,0),(1583,88,17,0),(1584,88,18,0),(1585,89,1,50),(1586,89,2,0),(1587,89,3,0),(1588,89,4,50),(1589,89,5,0),(1590,89,6,0),(1591,89,7,0),(1592,89,8,0),(1593,89,9,0),(1594,89,10,0),(1595,89,11,0),(1596,89,12,0),(1597,89,13,0),(1598,89,14,0),(1599,89,15,0),(1600,89,16,0),(1601,89,17,0),(1602,89,18,0),(1603,90,1,0),(1604,90,2,20),(1605,90,3,0),(1606,90,4,0),(1607,90,5,0),(1608,90,6,20),(1609,90,7,0),(1610,90,8,0),(1611,90,9,20),(1612,90,10,0),(1613,90,11,20),(1614,90,12,0),(1615,90,13,20),(1616,90,14,0),(1617,90,15,0),(1618,90,16,0),(1619,90,17,0),(1620,90,18,0),(1621,91,1,0),(1622,91,2,20),(1623,91,3,0),(1624,91,4,0),(1625,91,5,0),(1626,91,6,20),(1627,91,7,0),(1628,91,8,0),(1629,91,9,20),(1630,91,10,0),(1631,91,11,20),(1632,91,12,0),(1633,91,13,0),(1634,91,14,20),(1635,91,15,0),(1636,91,16,0),(1637,91,17,0),(1638,91,18,0),(1639,92,1,0),(1640,92,2,20),(1641,92,3,0),(1642,92,4,0),(1643,92,5,0),(1644,92,6,20),(1645,92,7,0),(1646,92,8,0),(1647,92,9,20),(1648,92,10,0),(1649,92,11,20),(1650,92,12,0),(1651,92,13,0),(1652,92,14,20),(1653,92,15,0),(1654,92,16,0),(1655,92,17,0),(1656,92,18,0),(1657,93,1,0),(1658,93,2,20),(1659,93,3,0),(1660,93,4,0),(1661,93,5,0),(1662,93,6,20),(1663,93,7,0),(1664,93,8,0),(1665,93,9,20),(1666,93,10,0),(1667,93,11,20),(1668,93,12,0),(1669,93,13,0),(1670,93,14,20),(1671,93,15,0),(1672,93,16,0),(1673,93,17,0),(1674,93,18,0),(1675,94,1,0),(1676,94,2,20),(1677,94,3,0),(1678,94,4,0),(1679,94,5,0),(1680,94,6,20),(1681,94,7,0),(1682,94,8,0),(1683,94,9,20),(1684,94,10,0),(1685,94,11,20),(1686,94,12,0),(1687,94,13,0),(1688,94,14,20),(1689,94,15,0),(1690,94,16,0),(1691,94,17,0),(1692,94,18,0),(1693,95,1,0),(1694,95,2,20),(1695,95,3,0),(1696,95,4,0),(1697,95,5,0),(1698,95,6,20),(1699,95,7,0),(1700,95,8,0),(1701,95,9,20),(1702,95,10,0),(1703,95,11,20),(1704,95,12,0),(1705,95,13,0),(1706,95,14,20),(1707,95,15,0),(1708,95,16,0),(1709,95,17,0),(1710,95,18,0),(1711,96,1,20),(1712,96,2,0),(1713,96,3,0),(1714,96,4,0),(1715,96,5,20),(1716,96,6,0),(1717,96,7,0),(1718,96,8,20),(1719,96,9,0),(1720,96,10,0),(1721,96,11,0),(1722,96,12,20),(1723,96,13,20),(1724,96,14,0),(1725,96,15,0),(1726,96,16,0),(1727,96,17,0),(1728,96,18,0),(1729,97,1,20),(1730,97,2,0),(1731,97,3,0),(1732,97,4,0),(1733,97,5,20),(1734,97,6,0),(1735,97,7,0),(1736,97,8,20),(1737,97,9,0),(1738,97,10,0),(1739,97,11,0),(1740,97,12,20),(1741,97,13,20),(1742,97,14,0),(1743,97,15,0),(1744,97,16,0),(1745,97,17,0),(1746,97,18,0),(1747,98,1,20),(1748,98,2,0),(1749,98,3,0),(1750,98,4,0),(1751,98,5,20),(1752,98,6,0),(1753,98,7,0),(1754,98,8,20),(1755,98,9,0),(1756,98,10,0),(1757,98,11,0),(1758,98,12,20),(1759,98,13,20),(1760,98,14,0),(1761,98,15,0),(1762,98,16,0),(1763,98,17,0),(1764,98,18,0),(1765,99,1,20),(1766,99,2,0),(1767,99,3,0),(1768,99,4,0),(1769,99,5,20),(1770,99,6,0),(1771,99,7,0),(1772,99,8,20),(1773,99,9,0),(1774,99,10,0),(1775,99,11,0),(1776,99,12,20),(1777,99,13,20),(1778,99,14,0),(1779,99,15,0),(1780,99,16,0),(1781,99,17,0),(1782,99,18,0),(1783,100,1,20),(1784,100,2,0),(1785,100,3,0),(1786,100,4,0),(1787,100,5,20),(1788,100,6,0),(1789,100,7,0),(1790,100,8,20),(1791,100,9,0),(1792,100,10,0),(1793,100,11,0),(1794,100,12,20),(1795,100,13,20),(1796,100,14,0),(1797,100,15,0),(1798,100,16,0),(1799,100,17,0),(1800,100,18,0),(1801,101,1,20),(1802,101,2,0),(1803,101,3,0),(1804,101,4,0),(1805,101,5,20),(1806,101,6,0),(1807,101,7,0),(1808,101,8,20),(1809,101,9,0),(1810,101,10,0),(1811,101,11,0),(1812,101,12,20),(1813,101,13,20),(1814,101,14,0),(1815,101,15,0),(1816,101,16,0),(1817,101,17,0),(1818,101,18,0),(1819,102,1,50),(1820,102,2,50),(1821,102,3,0),(1822,102,4,0),(1823,102,5,0),(1824,102,6,0),(1825,102,7,0),(1826,102,8,0),(1827,102,9,0),(1828,102,10,0),(1829,102,11,0),(1830,102,12,0),(1831,102,13,0),(1832,102,14,0),(1833,102,15,0),(1834,102,16,0),(1835,102,17,0),(1836,102,18,0),(1837,103,1,50),(1838,103,2,50),(1839,103,3,0),(1840,103,4,0),(1841,103,5,0),(1842,103,6,0),(1843,103,7,0),(1844,103,8,0),(1845,103,9,0),(1846,103,10,0),(1847,103,11,0),(1848,103,12,0),(1849,103,13,0),(1850,103,14,0),(1851,103,15,0),(1852,103,16,0),(1853,103,17,0),(1854,103,18,0),(1855,104,1,25),(1856,104,2,0),(1857,104,3,25),(1858,104,4,0),(1859,104,5,0),(1860,104,6,0),(1861,104,7,0),(1862,104,8,0),(1863,104,9,50),(1864,104,10,0),(1865,104,11,0),(1866,104,12,0),(1867,104,13,0),(1868,104,14,0),(1869,104,15,0),(1870,104,16,0),(1871,104,17,0),(1872,104,18,0),(1873,105,1,60),(1874,105,2,20),(1875,105,3,20),(1876,105,4,0),(1877,105,5,0),(1878,105,6,0),(1879,105,7,0),(1880,105,8,0),(1881,105,9,0),(1882,105,10,0),(1883,105,11,0),(1884,105,12,0),(1885,105,13,0),(1886,105,14,0),(1887,105,15,0),(1888,105,16,0),(1889,105,17,0),(1890,105,18,0),(1891,106,1,0),(1892,106,2,0),(1893,106,3,0),(1894,106,4,0),(1895,106,5,0),(1896,106,6,0),(1897,106,7,0),(1898,106,8,25),(1899,106,9,0),(1900,106,10,0),(1901,106,11,25),(1902,106,12,0),(1903,106,13,0),(1904,106,14,25),(1905,106,15,0),(1906,106,16,0),(1907,106,17,25),(1908,106,18,0),(1909,107,1,0),(1910,107,2,0),(1911,107,3,0),(1912,107,4,0),(1913,107,5,0),(1914,107,6,0),(1915,107,7,0),(1916,107,8,0),(1917,107,9,0),(1918,107,10,60),(1919,107,11,0),(1920,107,12,0),(1921,107,13,40),(1922,107,14,0),(1923,107,15,0),(1924,107,16,0),(1925,107,17,0),(1926,107,18,0),(1927,108,1,0),(1928,108,2,0),(1929,108,3,0),(1930,108,4,0),(1931,108,5,0),(1932,108,6,0),(1933,108,7,0),(1934,108,8,0),(1935,108,9,20),(1936,108,10,0),(1937,108,11,20),(1938,108,12,0),(1939,108,13,20),(1940,108,14,0),(1941,108,15,20),(1942,108,16,0),(1943,108,17,20),(1944,108,18,0),(1945,109,1,0),(1946,109,2,0),(1947,109,3,0),(1948,109,4,0),(1949,109,5,0),(1950,109,6,0),(1951,109,7,0),(1952,109,8,50),(1953,109,9,0),(1954,109,10,50),(1955,109,11,0),(1956,109,12,0),(1957,109,13,0),(1958,109,14,0),(1959,109,15,0),(1960,109,16,0),(1961,109,17,0),(1962,109,18,0),(1963,110,1,0),(1964,110,2,0),(1965,110,3,0),(1966,110,4,0),(1967,110,5,0),(1968,110,6,0),(1969,110,7,0),(1970,110,8,0),(1971,110,9,60),(1972,110,10,0),(1973,110,11,40),(1974,110,12,0),(1975,110,13,0),(1976,110,14,0),(1977,110,15,0),(1978,110,16,0),(1979,110,17,0),(1980,110,18,0),(1981,111,1,0),(1982,111,2,0),(1983,111,3,0),(1984,111,4,25),(1985,111,5,0),(1986,111,6,25),(1987,111,7,0),(1988,111,8,0),(1989,111,9,10),(1990,111,10,40),(1991,111,11,0),(1992,111,12,0),(1993,111,13,0),(1994,111,14,0),(1995,111,15,0),(1996,111,16,0),(1997,111,17,0),(1998,111,18,0),(1999,112,1,20),(2000,112,2,0),(2001,112,3,20),(2002,112,4,0),(2003,112,5,0),(2004,112,6,60),(2005,112,7,0),(2006,112,8,0),(2007,112,9,0),(2008,112,10,0),(2009,112,11,0),(2010,112,12,0),(2011,112,13,0),(2012,112,14,0),(2013,112,15,0),(2014,112,16,0),(2015,112,17,0),(2016,112,18,0),(2017,113,1,20),(2018,113,2,0),(2019,113,3,40),(2020,113,4,0),(2021,113,5,25),(2022,113,6,15),(2023,113,7,0),(2024,113,8,0),(2025,113,9,0),(2026,113,10,0),(2027,113,11,0),(2028,113,12,0),(2029,113,13,0),(2030,113,14,0),(2031,113,15,0),(2032,113,16,0),(2033,113,17,0),(2034,113,18,0),(2035,114,1,0),(2036,114,2,0),(2037,114,3,0),(2038,114,4,0),(2039,114,5,0),(2040,114,6,0),(2041,114,7,0),(2042,114,8,30),(2043,114,9,0),(2044,114,10,30),(2045,114,11,0),(2046,114,12,40),(2047,114,13,0),(2048,114,14,0),(2049,114,15,0),(2050,114,16,0),(2051,114,17,0),(2052,114,18,0),(2053,115,1,0),(2054,115,2,0),(2055,115,3,0),(2056,115,4,0),(2057,115,5,0),(2058,115,6,0),(2059,115,7,0),(2060,115,8,0),(2061,115,9,30),(2062,115,10,60),(2063,115,11,0),(2064,115,12,0),(2065,115,13,0),(2066,115,14,0),(2067,115,15,0),(2068,115,16,0),(2069,115,17,0),(2070,115,18,10),(2071,116,1,25),(2072,116,2,0),(2073,116,3,25),(2074,116,4,0),(2075,116,5,25),(2076,116,6,0),(2077,116,7,25),(2078,116,8,0),(2079,116,9,0),(2080,116,10,0),(2081,116,11,0),(2082,116,12,0),(2083,116,13,0),(2084,116,14,0),(2085,116,15,0),(2086,116,16,0),(2087,116,17,0),(2088,116,18,0),(2089,117,1,60),(2090,117,2,0),(2091,117,3,40),(2092,117,4,0),(2093,117,5,0),(2094,117,6,0),(2095,117,7,0),(2096,117,8,0),(2097,117,9,0),(2098,117,10,0),(2099,117,11,0),(2100,117,12,0),(2101,117,13,0),(2102,117,14,0),(2103,117,15,0),(2104,117,16,0),(2105,117,17,0),(2106,117,18,0),(2107,118,1,0),(2108,118,2,50),(2109,118,3,0),(2110,118,4,40),(2111,118,5,10),(2112,118,6,0),(2113,118,7,0),(2114,118,8,0),(2115,118,9,0),(2116,118,10,0),(2117,118,11,0),(2118,118,12,0),(2119,118,13,0),(2120,118,14,0),(2121,118,15,0),(2122,118,16,0),(2123,118,17,0),(2124,118,18,0),(2125,119,1,0),(2126,119,2,0),(2127,119,3,0),(2128,119,4,0),(2129,119,5,0),(2130,119,6,25),(2131,119,7,0),(2132,119,8,0),(2133,119,9,0),(2134,119,10,0),(2135,119,11,15),(2136,119,12,0),(2137,119,13,0),(2138,119,14,30),(2139,119,15,0),(2140,119,16,0),(2141,119,17,0),(2142,119,18,30),(2143,120,1,0),(2144,120,2,0),(2145,120,3,0),(2146,120,4,0),(2147,120,5,0),(2148,120,6,0),(2149,120,7,0),(2150,120,8,25),(2151,120,9,0),(2152,120,10,25),(2153,120,11,25),(2154,120,12,0),(2155,120,13,0),(2156,120,14,0),(2157,120,15,25),(2158,120,16,0),(2159,120,17,0),(2160,120,18,0),(2161,121,1,0),(2162,121,2,30),(2163,121,3,0),(2164,121,4,30),(2165,121,5,0),(2166,121,6,10),(2167,121,7,0),(2168,121,8,0),(2169,121,9,30),(2170,121,10,0),(2171,121,11,0),(2172,121,12,0),(2173,121,13,0),(2174,121,14,0),(2175,121,15,0),(2176,121,16,0),(2177,121,17,0),(2178,121,18,0),(2179,122,1,0),(2180,122,2,10),(2181,122,3,0),(2182,122,4,0),(2183,122,5,40),(2184,122,6,0),(2185,122,7,0),(2186,122,8,25),(2187,122,9,0),(2188,122,10,0),(2189,122,11,25),(2190,122,12,0),(2191,122,13,0),(2192,122,14,0),(2193,122,15,0),(2194,122,16,0),(2195,122,17,0),(2196,122,18,0),(2197,123,1,0),(2198,123,2,0),(2199,123,3,10),(2200,123,4,0),(2201,123,5,0),(2202,123,6,0),(2203,123,7,0),(2204,123,8,0),(2205,123,9,0),(2206,123,10,0),(2207,123,11,0),(2208,123,12,0),(2209,123,13,60),(2210,123,14,0),(2211,123,15,0),(2212,123,16,0),(2213,123,17,10),(2214,123,18,20),(2215,124,1,30),(2216,124,2,0),(2217,124,3,20),(2218,124,4,0),(2219,124,5,0),(2220,124,6,25),(2221,124,7,0),(2222,124,8,0),(2223,124,9,0),(2224,124,10,0),(2225,124,11,0),(2226,124,12,0),(2227,124,13,0),(2228,124,14,0),(2229,124,15,0),(2230,124,16,0),(2231,124,17,0),(2232,124,18,25),(2233,125,1,0),(2234,125,2,0),(2235,125,3,0),(2236,125,4,0),(2237,125,5,0),(2238,125,6,0),(2239,125,7,0),(2240,125,8,0),(2241,125,9,0),(2242,125,10,20),(2243,125,11,0),(2244,125,12,0),(2245,125,13,30),(2246,125,14,0),(2247,125,15,0),(2248,125,16,50),(2249,125,17,0),(2250,125,18,0),(2251,126,1,0),(2252,126,2,0),(2253,126,3,20),(2254,126,4,0),(2255,126,5,0),(2256,126,6,20),(2257,126,7,0),(2258,126,8,60),(2259,126,9,0),(2260,126,10,0),(2261,126,11,0),(2262,126,12,0),(2263,126,13,0),(2264,126,14,0),(2265,126,15,0),(2266,126,16,0),(2267,126,17,0),(2268,126,18,0),(2269,127,1,0),(2270,127,2,20),(2271,127,3,30),(2272,127,4,0),(2273,127,5,30),(2274,127,6,0),(2275,127,7,0),(2276,127,8,0),(2277,127,9,0),(2278,127,10,0),(2279,127,11,0),(2280,127,12,0),(2281,127,13,10),(2282,127,14,0),(2283,127,15,0),(2284,127,16,10),(2285,127,17,0),(2286,127,18,0),(2287,128,1,0),(2288,128,2,0),(2289,128,3,25),(2290,128,4,0),(2291,128,5,50),(2292,128,6,0),(2293,128,7,0),(2294,128,8,0),(2295,128,9,25),(2296,128,10,0),(2297,128,11,0),(2298,128,12,0),(2299,128,13,0),(2300,128,14,0),(2301,128,15,0),(2302,128,16,0),(2303,128,17,0),(2304,128,18,0),(2305,129,1,0),(2306,129,2,30),(2307,129,3,0),(2308,129,4,30),(2309,129,5,0),(2310,129,6,40),(2311,129,7,0),(2312,129,8,0),(2313,129,9,0),(2314,129,10,0),(2315,129,11,0),(2316,129,12,0),(2317,129,13,0),(2318,129,14,0),(2319,129,15,0),(2320,129,16,0),(2321,129,17,0),(2322,129,18,0),(2323,130,1,0),(2324,130,2,40),(2325,130,3,0),(2326,130,4,0),(2327,130,5,0),(2328,130,6,0),(2329,130,7,0),(2330,130,8,0),(2331,130,9,40),(2332,130,10,0),(2333,130,11,0),(2334,130,12,0),(2335,130,13,0),(2336,130,14,0),(2337,130,15,0),(2338,130,16,0),(2339,130,17,20),(2340,130,18,0),(2341,131,1,0),(2342,131,2,0),(2343,131,3,0),(2344,131,4,25),(2345,131,5,0),(2346,131,6,50),(2347,131,7,0),(2348,131,8,25),(2349,131,9,0),(2350,131,10,0),(2351,131,11,0),(2352,131,12,0),(2353,131,13,0),(2354,131,14,0),(2355,131,15,0),(2356,131,16,0),(2357,131,17,0),(2358,131,18,0),(2359,132,1,0),(2360,132,2,0),(2361,132,3,25),(2362,132,4,0),(2363,132,5,0),(2364,132,6,0),(2365,132,7,0),(2366,132,8,0),(2367,132,9,0),(2368,132,10,25),(2369,132,11,0),(2370,132,12,0),(2371,132,13,0),(2372,132,14,20),(2373,132,15,0),(2374,132,16,0),(2375,132,17,30),(2376,132,18,0),(2377,133,1,0),(2378,133,2,0),(2379,133,3,0),(2380,133,4,30),(2381,133,5,30),(2382,133,6,30),(2383,133,7,10),(2384,133,8,0),(2385,133,9,0),(2386,133,10,0),(2387,133,11,0),(2388,133,12,0),(2389,133,13,0),(2390,133,14,0),(2391,133,15,0),(2392,133,16,0),(2393,133,17,0),(2394,133,18,0),(2395,134,1,0),(2396,134,2,0),(2397,134,3,0),(2398,134,4,35),(2399,134,5,0),(2400,134,6,20),(2401,134,7,10),(2402,134,8,0),(2403,134,9,0),(2404,134,10,35),(2405,134,11,0),(2406,134,12,0),(2407,134,13,0),(2408,134,14,0),(2409,134,15,0),(2410,134,16,0),(2411,134,17,0),(2412,134,18,0),(2413,135,1,0),(2414,135,2,0),(2415,135,3,0),(2416,135,4,0),(2417,135,5,0),(2418,135,6,0),(2419,135,7,0),(2420,135,8,0),(2421,135,9,0),(2422,135,10,10),(2423,135,11,0),(2424,135,12,0),(2425,135,13,20),(2426,135,14,0),(2427,135,15,20),(2428,135,16,0),(2429,135,17,50),(2430,135,18,0),(2431,136,1,0),(2432,136,2,0),(2433,136,3,0),(2434,136,4,0),(2435,136,5,0),(2436,136,6,0),(2437,136,7,0),(2438,136,8,50),(2439,136,9,0),(2440,136,10,50),(2441,136,11,0),(2442,136,12,0),(2443,136,13,0),(2444,136,14,0),(2445,136,15,0),(2446,136,16,0),(2447,136,17,0),(2448,136,18,0),(2449,137,1,0),(2450,137,2,0),(2451,137,3,0),(2452,137,4,0),(2453,137,5,0),(2454,137,6,0),(2455,137,7,0),(2456,137,8,0),(2457,137,9,0),(2458,137,10,0),(2459,137,11,0),(2460,137,12,0),(2461,137,13,30),(2462,137,14,30),(2463,137,15,0),(2464,137,16,30),(2465,137,17,10),(2466,137,18,0),(2467,138,1,0),(2468,138,2,0),(2469,138,3,20),(2470,138,4,0),(2471,138,5,0),(2472,138,6,0),(2473,138,7,0),(2474,138,8,0),(2475,138,9,0),(2476,138,10,60),(2477,138,11,0),(2478,138,12,0),(2479,138,13,0),(2480,138,14,0),(2481,138,15,0),(2482,138,16,0),(2483,138,17,20),(2484,138,18,0),(2485,139,1,0),(2486,139,2,0),(2487,139,3,0),(2488,139,4,0),(2489,139,5,0),(2490,139,6,0),(2491,139,7,0),(2492,139,8,10),(2493,139,9,10),(2494,139,10,10),(2495,139,11,10),(2496,139,12,10),(2497,139,13,10),(2498,139,14,10),(2499,139,15,10),(2500,139,16,10),(2501,139,17,10),(2502,139,18,0),(2503,140,1,0),(2504,140,2,0),(2505,140,3,0),(2506,140,4,0),(2507,140,5,0),(2508,140,6,0),(2509,140,7,0),(2510,140,8,0),(2511,140,9,0),(2512,140,10,50),(2513,140,11,25),(2514,140,12,0),(2515,140,13,0),(2516,140,14,0),(2517,140,15,0),(2518,140,16,0),(2519,140,17,0),(2520,140,18,25),(2521,141,1,0),(2522,141,2,30),(2523,141,3,0),(2524,141,4,0),(2525,141,5,0),(2526,141,6,0),(2527,141,7,0),(2528,141,8,0),(2529,141,9,0),(2530,141,10,30),(2531,141,11,0),(2532,141,12,20),(2533,141,13,0),(2534,141,14,20),(2535,141,15,0),(2536,141,16,0),(2537,141,17,0),(2538,141,18,0),(2539,142,1,0),(2540,142,2,0),(2541,142,3,0),(2542,142,4,25),(2543,142,5,0),(2544,142,6,0),(2545,142,7,25),(2546,142,8,0),(2547,142,9,0),(2548,142,10,50),(2549,142,11,0),(2550,142,12,0),(2551,142,13,0),(2552,142,14,0),(2553,142,15,0),(2554,142,16,0),(2555,142,17,0),(2556,142,18,0),(2557,143,1,0),(2558,143,2,0),(2559,143,3,25),(2560,143,4,0),(2561,143,5,30),(2562,143,6,0),(2563,143,7,20),(2564,143,8,0),(2565,143,9,0),(2566,143,10,25),(2567,143,11,0),(2568,143,12,0),(2569,143,13,0),(2570,143,14,0),(2571,143,15,0),(2572,143,16,0),(2573,143,17,0),(2574,143,18,0),(2575,144,1,0),(2576,144,2,0),(2577,144,3,0),(2578,144,4,0),(2579,144,5,0),(2580,144,6,0),(2581,144,7,0),(2582,144,8,30),(2583,144,9,0),(2584,144,10,0),(2585,144,11,30),(2586,144,12,0),(2587,144,13,0),(2588,144,14,30),(2589,144,15,0),(2590,144,16,0),(2591,144,17,0),(2592,144,18,10),(2593,145,1,0),(2594,145,2,25),(2595,145,3,0),(2596,145,4,0),(2597,145,5,0),(2598,145,6,25),(2599,145,7,0),(2600,145,8,0),(2601,145,9,0),(2602,145,10,0),(2603,145,11,0),(2604,145,12,0),(2605,145,13,50),(2606,145,14,0),(2607,145,15,0),(2608,145,16,0),(2609,145,17,0),(2610,145,18,0),(2611,146,1,10),(2612,146,2,0),(2613,146,3,0),(2614,146,4,0),(2615,146,5,0),(2616,146,6,0),(2617,146,7,0),(2618,146,8,0),(2619,146,9,0),(2620,146,10,30),(2621,146,11,0),(2622,146,12,0),(2623,146,13,30),(2624,146,14,0),(2625,146,15,0),(2626,146,16,30),(2627,146,17,0),(2628,146,18,0),(2629,147,1,0),(2630,147,2,0),(2631,147,3,0),(2632,147,4,20),(2633,147,5,0),(2634,147,6,0),(2635,147,7,30),(2636,147,8,0),(2637,147,9,0),(2638,147,10,0),(2639,147,11,0),(2640,147,12,0),(2641,147,13,0),(2642,147,14,0),(2643,147,15,0),(2644,147,16,20),(2645,147,17,0),(2646,147,18,30),(2647,148,1,0),(2648,148,2,0),(2649,148,3,0),(2650,148,4,0),(2651,148,5,0),(2652,148,6,0),(2653,148,7,0),(2654,148,8,0),(2655,148,9,25),(2656,148,10,25),(2657,148,11,0),(2658,148,12,0),(2659,148,13,0),(2660,148,14,0),(2661,148,15,0),(2662,148,16,0),(2663,148,17,50),(2664,148,18,0),(2665,149,1,0),(2666,149,2,20),(2667,149,3,0),(2668,149,4,20),(2669,149,5,0),(2670,149,6,60),(2671,149,7,0),(2672,149,8,0),(2673,149,9,0),(2674,149,10,0),(2675,149,11,0),(2676,149,12,0),(2677,149,13,0),(2678,149,14,0),(2679,149,15,0),(2680,149,16,0),(2681,149,17,0),(2682,149,18,0),(2683,150,1,0),(2684,150,2,30),(2685,150,3,0),(2686,150,4,0),(2687,150,5,30),(2688,150,6,0),(2689,150,7,0),(2690,150,8,0),(2691,150,9,0),(2692,150,10,0),(2693,150,11,30),(2694,150,12,0),(2695,150,13,0),(2696,150,14,0),(2697,150,15,0),(2698,150,16,0),(2699,150,17,0),(2700,150,18,10),(2701,151,1,0),(2702,151,2,20),(2703,151,3,0),(2704,151,4,20),(2705,151,5,0),(2706,151,6,0),(2707,151,7,20),(2708,151,8,0),(2709,151,9,0),(2710,151,10,0),(2711,151,11,0),(2712,151,12,0),(2713,151,13,0),(2714,151,14,20),(2715,151,15,0),(2716,151,16,0),(2717,151,17,20),(2718,151,18,0),(2719,152,1,0),(2720,152,2,0),(2721,152,3,50),(2722,152,4,0),(2723,152,5,0),(2724,152,6,0),(2725,152,7,0),(2726,152,8,0),(2727,152,9,0),(2728,152,10,0),(2729,152,11,0),(2730,152,12,0),(2731,152,13,0),(2732,152,14,0),(2733,152,15,0),(2734,152,16,0),(2735,152,17,0),(2736,152,18,50),(2737,153,1,0),(2738,153,2,0),(2739,153,3,0),(2740,153,4,0),(2741,153,5,0),(2742,153,6,0),(2743,153,7,0),(2744,153,8,0),(2745,153,9,30),(2746,153,10,0),(2747,153,11,0),(2748,153,12,0),(2749,153,13,0),(2750,153,14,0),(2751,153,15,0),(2752,153,16,10),(2753,153,17,30),(2754,153,18,30),(2755,154,1,50),(2756,154,2,0),(2757,154,3,0),(2758,154,4,50),(2759,154,5,0),(2760,154,6,0),(2761,154,7,0),(2762,154,8,0),(2763,154,9,0),(2764,154,10,0),(2765,154,11,0),(2766,154,12,0),(2767,154,13,0),(2768,154,14,0),(2769,154,15,0),(2770,154,16,0),(2771,154,17,0),(2772,154,18,0),(2773,155,1,25),(2774,155,2,25),(2775,155,3,25),(2776,155,4,25),(2777,155,5,0),(2778,155,6,0),(2779,155,7,0),(2780,155,8,0),(2781,155,9,0),(2782,155,10,0),(2783,155,11,0),(2784,155,12,0),(2785,155,13,0),(2786,155,14,0),(2787,155,15,0),(2788,155,16,0),(2789,155,17,0),(2790,155,18,0),(2791,156,1,0),(2792,156,2,30),(2793,156,3,0),(2794,156,4,0),(2795,156,5,30),(2796,156,6,0),(2797,156,7,10),(2798,156,8,0),(2799,156,9,0),(2800,156,10,0),(2801,156,11,30),(2802,156,12,0),(2803,156,13,0),(2804,156,14,0),(2805,156,15,0),(2806,156,16,0),(2807,156,17,0),(2808,156,18,0),(2809,157,1,0),(2810,157,2,0),(2811,157,3,0),(2812,157,4,0),(2813,157,5,0),(2814,157,6,0),(2815,157,7,0),(2816,157,8,0),(2817,157,9,0),(2818,157,10,60),(2819,157,11,0),(2820,157,12,0),(2821,157,13,0),(2822,157,14,0),(2823,157,15,0),(2824,157,16,0),(2825,157,17,20),(2826,157,18,20);
/*!40000 ALTER TABLE `proportions` ENABLE KEYS */;
UNLOCK TABLES;

--
-- Table structure for table `raw_coffee`
--

DROP TABLE IF EXISTS `raw_coffee`;
/*!40101 SET @saved_cs_client     = @@character_set_client */;
/*!40101 SET character_set_client = utf8 */;
CREATE TABLE `raw_coffee` (
  `raw_id` int(11) NOT NULL AUTO_INCREMENT,
  `raw_coffee` varchar(20) NOT NULL,
  `raw_reorder` int(11) NOT NULL,
  `raw_stock` int(50) NOT NULL,
  `unitPrice` decimal(11,0) NOT NULL,
  `sup_id` int(11) NOT NULL,
  `raw_physcount` int(11) NOT NULL DEFAULT '0',
  `raw_remarks` varchar(45) DEFAULT NULL,
  `raw_discrepancy` int(11) NOT NULL DEFAULT '0',
  `inventory_date` date DEFAULT NULL,
  `raw_activation` int(11) NOT NULL DEFAULT '1',
  `raw_type` varchar(50) NOT NULL,
  `category` varchar(45) DEFAULT '1',
  PRIMARY KEY (`raw_id`)
) ENGINE=InnoDB AUTO_INCREMENT=21 DEFAULT CHARSET=latin1;
/*!40101 SET character_set_client = @saved_cs_client */;

--
-- Dumping data for table `raw_coffee`
--

LOCK TABLES `raw_coffee` WRITE;
/*!40000 ALTER TABLE `raw_coffee` DISABLE KEYS */;
INSERT INTO `raw_coffee` VALUES (1,'Raw J',500000,635105,450,1,816980,'',5,'2018-04-30',1,'light roast','1'),(2,'Raw K',500000,555800,380,1,788300,'',0,'2018-04-30',1,'city roast','1'),(3,'Raw L',500000,451395,250,1,538270,'',0,'2018-04-30',1,'medium roast','1'),(4,'Raw A',500000,462705,250,2,739580,'',0,'2018-04-30',1,'light roast','1'),(5,'Raw B',500000,539045,360,2,674670,'',5,'2018-04-30',1,'medium roast','1'),(6,'Raw C',500000,9149180,460,2,9514180,'',0,'2018-04-30',1,'city roast','1'),(7,'Raw P',500000,600495,480,5,666120,'',0,'2018-04-30',1,'city roast','1'),(8,'Raw Q',500000,934430,390,10,1186930,'',5,'2018-04-30',1,'medium roast','1'),(9,'Raw R',500000,955030,270,10,1212530,'',5,'2018-04-30',1,'light roast','1'),(10,'Raw M',500000,3223005,240,5,3774880,'',0,'2018-04-30',1,'light roast','1'),(11,'Raw N',500000,404600,450,3,582100,'',0,'2018-04-30',1,'city roast','1'),(12,'Raw O',500000,704650,340,3,744650,'',0,'2018-04-30',1,'medium roast','1'),(13,'Raw D',500000,9975000,350,17,10190000,'',0,'2018-04-30',1,'city roast','1'),(14,'Raw E',500000,576700,250,17,552950,'',0,'2018-04-30',1,'medium roast','1'),(15,'Raw F',500000,541500,180,17,646500,'',0,'2018-04-30',1,'light roast','1'),(16,'Raw G',500000,475400,640,4,561650,'',0,'2018-04-30',1,'city roast','1'),(17,'Raw H',500000,420900,560,4,620900,'',0,'2018-04-30',1,'medium roast','1'),(18,'Raw I',500000,541830,415,4,698080,'',0,'2018-04-30',1,'light roast','1');
/*!40000 ALTER TABLE `raw_coffee` ENABLE KEYS */;
UNLOCK TABLES;

--
-- Table structure for table `sticker`
--

DROP TABLE IF EXISTS `sticker`;
/*!40101 SET @saved_cs_client     = @@character_set_client */;
/*!40101 SET character_set_client = utf8 */;
CREATE TABLE `sticker` (
  `sticker_id` int(11) NOT NULL AUTO_INCREMENT,
  `sticker` varchar(50) NOT NULL,
  `sticker_reorder` int(11) NOT NULL,
  `sticker_stock` int(11) NOT NULL,
  `sticker_physcount` int(11) NOT NULL DEFAULT '0',
  `sticker_remarks` varchar(45) DEFAULT NULL,
  `sticker_discrepancy` int(11) NOT NULL DEFAULT '0',
  `unitPrice` decimal(11,0) DEFAULT NULL,
  `sup_id` int(11) NOT NULL,
  `sticker_activation` int(11) NOT NULL DEFAULT '1',
  `sticker_type` varchar(45) DEFAULT NULL,
  `category` varchar(45) DEFAULT '3',
  `inventory_date` date DEFAULT NULL,
  PRIMARY KEY (`sticker_id`)
) ENGINE=InnoDB AUTO_INCREMENT=74 DEFAULT CHARSET=latin1;
/*!40101 SET character_set_client = @saved_cs_client */;

--
-- Dumping data for table `sticker`
--

LOCK TABLES `sticker` WRITE;
/*!40000 ALTER TABLE `sticker` DISABLE KEYS */;
INSERT INTO `sticker` VALUES (2,'Guatemala Rainforest Sticker',1000,1997,1997,'',0,5,16,1,'paper','3','2018-04-30'),(3,'Cordillera Sunrise Sticker',1000,1994,1994,'',0,5,15,1,'paper','3','2018-04-30'),(4,'Sumatra Night Sticker',1000,1998,1998,'',0,5,14,1,'paper','3','2018-04-30'),(5,'Chefs Blend Sticker',1000,1994,1994,'',0,5,15,1,'paper','3','2018-04-30'),(6,'Espresso Blend Sticker',1000,1995,1995,'',0,5,18,1,'paper','3','2018-04-30'),(7,'Breakfast Blend Sticker',1000,1999,1999,'',0,5,18,1,'paper','3','2018-04-30'),(8,'Mabuhay Blend Sticker',1000,1997,1997,'',0,5,19,1,'paper','3','2018-04-30'),(9,'Fiesta Blend Sticker',1000,1996,1996,'',0,5,19,1,'paper','3','2018-04-30'),(10,'Kalayaan Blend Sticker',1000,2000,2000,'',0,5,19,1,'paper','3','2018-04-30'),(14,'Sticker B',1000,1100,1400,'',0,5,16,1,'paper','3','2018-04-30'),(15,'Sticker OO',1000,1100,1400,'',0,5,16,1,'paper','3','2018-04-30'),(17,'Sticker RR',1000,1600,1800,'',0,5,16,1,'paper','3','2018-04-30'),(18,'Sticker QQ',1000,1500,1500,'',0,5,16,1,'paper','3','2018-04-30'),(19,'Sticker NN',1000,1250,1250,'',0,5,16,1,'paper','3','2018-04-30'),(20,'Sticker G',1000,1247,1497,'',0,10,20,1,'vinyl','3','2018-04-30'),(21,'Sticker TT',1000,1750,1750,'',0,5,16,1,'paper','3','2018-04-30'),(22,'Sticker SS',1000,1699,1699,'',0,5,16,1,'paper','3','2018-04-30'),(23,'Sticker S',1000,1500,1500,'',0,8,21,1,'plastic','3','2018-04-30'),(24,'Sticker W',1000,1100,1400,'',0,10,19,1,'vinyl','3','2018-04-30'),(25,'Sticker Q',1000,1100,1400,'',0,8,16,1,'plastic','3','2018-04-30'),(26,'Sticker T',1000,1400,1400,'',0,8,21,1,'plastic','3','2018-04-30'),(27,'Sticker BB',1000,1100,1400,'',0,10,21,1,'paper','3','2018-04-30'),(28,'Sticker UU',1000,1400,1700,'',0,5,20,1,'paper','3','2018-04-30'),(29,'Sticker A',1000,16400,16700,'',0,5,19,1,'paper','3','2018-04-30'),(30,'Sticker J',1000,11500,11500,'',0,10,20,1,'vinyl','3','2018-04-30'),(31,'Sticker GG',1000,1250,1500,'',0,8,14,1,'plastic','3','2018-04-30'),(32,'Sticker U',1000,1250,1500,'',0,8,20,1,'paper','3','2018-04-30'),(33,'Sticker F',1000,1250,1500,'',0,5,16,1,'paper','3','2018-04-30'),(34,'Sticker VV',1000,1600,1800,'',0,8,18,1,'paper','3','2018-04-30'),(35,'Sticker HH',1000,800,1400,'',0,8,20,1,'paper','3','2018-04-30'),(36,'Sticker CC',1000,1100,1400,'',0,8,14,1,'paper','3','2018-04-30'),(37,'Sticker AA',1000,1698,1698,'',0,8,15,1,'paper','3','2018-04-30'),(38,'Sticker JJ',1000,1250,1500,'',0,10,19,1,'vinyl','3','2018-04-30'),(39,'Sticker WW',1000,2000,2000,'',0,10,18,1,'vinyl','3','2018-04-30'),(40,'Sticker I',1000,1500,1500,'',0,5,18,1,'paper','3','2018-04-30'),(41,'Sticker II',1000,1500,1500,'',0,8,15,1,'paper','3','2018-04-30'),(42,'Sticker V',1000,1250,1500,'',0,8,21,1,'plastic','3','2018-04-30'),(43,'Sticker M',1000,1400,1600,'',0,10,18,1,'vinyl','3','2018-04-30'),(45,'Sticker KK',1000,1500,1500,'',0,8,14,1,'paper','3','2018-04-30'),(46,'Sticker EE',1000,1800,1800,'',0,8,15,1,'paper','3','2018-04-30'),(47,'Sticker BBB',1000,1400,1700,'',0,8,19,1,'paper','3','2018-04-30'),(48,'Sticker X',1000,1000,1500,'',0,8,20,1,'paper','3','2018-04-30'),(49,'Sticker LL',1000,1399,1399,'',0,10,16,1,'paper','3','2018-04-30'),(51,'Sticker MM',1000,1600,1100,'',0,10,15,1,'paper','3','2018-04-30'),(52,'Sticker XX',1000,1500,1750,'',0,5,21,1,'paper','3','2018-04-30'),(53,'Sticker D',1000,1300,1100,'',0,8,21,1,'paper','3','2018-04-30'),(54,'Sticker O',1000,1400,1400,'',0,8,16,1,'plastic','3','2018-04-30'),(55,'Sticker PP',1000,1600,1600,'',0,8,19,1,'plastic','3','2018-04-30'),(56,'Sticker C',1000,1200,1400,'',0,10,21,1,'paper','3','2018-04-30'),(57,'Sticker P',1000,1250,1500,'',0,8,14,1,'paper','3','2018-04-30'),(58,'Sticker N',1000,1250,1500,'',0,8,15,1,'paper','3','2018-04-30'),(59,'Sticker Y',1000,1100,1400,'',0,5,15,1,'paper','3','2018-04-30'),(60,'Sticker L',1000,1250,1500,'',0,8,15,1,'plastic','3','2018-04-30'),(61,'Sticker H',1000,2000,2000,'',0,8,20,1,'paper','3','2018-04-30'),(62,'Sticker R',1000,1500,1500,'',0,8,14,1,'plastic','3','2018-04-30'),(63,'Sticker E',1000,3300,3300,'',0,8,14,1,'plastic','3','2018-04-30'),(64,'Sticker YY',1000,1500,1750,'',0,8,20,1,'plastic','3','2018-04-30'),(65,'Sticker Z',1000,1250,1500,'',0,10,20,1,'vinyl','3','2018-04-30'),(66,'Sticker DD',1000,1100,1400,'',0,8,20,1,'plastic','3','2018-04-30'),(70,'Sticker ZZ',1000,1750,1750,'',0,10,16,1,'paper','3','2018-04-30'),(71,'Sticker K',1000,2000,2000,'',0,10,19,1,'vinyl','3','2018-04-30'),(72,'Sticker AAA',1000,1750,1750,'',0,8,20,1,'paper','3','2018-04-30'),(73,'Sticker FF',1000,1400,1400,'',0,5,15,1,'paper','3','2018-04-30');
/*!40000 ALTER TABLE `sticker` ENABLE KEYS */;
UNLOCK TABLES;

--
-- Table structure for table `supp_delivery`
--

DROP TABLE IF EXISTS `supp_delivery`;
/*!40101 SET @saved_cs_client     = @@character_set_client */;
/*!40101 SET character_set_client = utf8 */;
CREATE TABLE `supp_delivery` (
  `supp_delivery_id` int(50) NOT NULL AUTO_INCREMENT,
  `supp_po_ordered_id` int(50) NOT NULL,
  `supp_po_id` int(50) NOT NULL,
  `date_received` date NOT NULL,
  `received` decimal(50,3) NOT NULL DEFAULT '0.000',
  `yield_weight` decimal(50,3) NOT NULL,
  `yields` decimal(50,3) NOT NULL,
  `received_by` varchar(45) NOT NULL,
  `drNo` varchar(50) NOT NULL,
  PRIMARY KEY (`supp_delivery_id`)
) ENGINE=InnoDB AUTO_INCREMENT=140 DEFAULT CHARSET=latin1;
/*!40101 SET character_set_client = @saved_cs_client */;

--
-- Dumping data for table `supp_delivery`
--

LOCK TABLES `supp_delivery` WRITE;
/*!40000 ALTER TABLE `supp_delivery` DISABLE KEYS */;
INSERT INTO `supp_delivery` VALUES (1,3,1,'2018-01-08',1000000.000,998000.000,2000.000,'Arlene Ruelos','DR001'),(2,2,1,'2018-01-08',1000000.000,986000.000,14000.000,'Arlene Ruelos','DR001'),(3,1,1,'2018-01-08',1000000.000,978000.000,22000.000,'Arlene Ruelos','DR001'),(4,6,2,'2018-01-08',1000000.000,998000.000,2000.000,'Mario Benitez','DR002'),(5,5,2,'2018-01-08',1000000.000,985000.000,15000.000,'Mario Benitez','DR002'),(6,4,2,'2018-01-08',1000000.000,991000.000,9000.000,'Mario Benitez','DR002'),(7,9,3,'2018-01-09',1000000.000,986000.000,14000.000,'Arlene Ruelos','DR003'),(8,8,3,'2018-01-09',1000000.000,979000.000,21000.000,'Arlene Ruelos','DR003'),(9,7,3,'2018-01-09',1000000.000,969000.000,31000.000,'Arlene Ruelos','DR003'),(10,11,4,'2018-01-10',1000000.000,996000.000,4000.000,'Arlene Ruelos','DR005'),(11,10,4,'2018-01-10',1000000.000,991000.000,9000.000,'Arlene Ruelos','DR005'),(12,17,6,'2018-01-17',500000.000,500000.000,0.000,'Jerome DeGuzman','DR006'),(13,16,6,'2018-01-17',500000.000,500000.000,0.000,'Jerome DeGuzman','DR006'),(14,15,6,'2018-01-17',500000.000,500000.000,0.000,'Jerome DeGuzman','DR006'),(15,19,7,'2018-01-17',500000.000,498000.000,2000.000,'Marife Latayan','DR006'),(16,18,7,'2018-01-17',500000.000,485000.000,15000.000,'Marife Latayan','DR006'),(17,19,7,'2018-01-19',500000.000,498000.000,2000.000,'Arlene Ruelos','DR007'),(18,18,7,'2018-01-19',500000.000,485000.000,15000.000,'Arlene Ruelos','DR007'),(19,14,5,'2018-01-06',1000000.000,978000.000,22000.000,'Jerome DeGuzman','DR007'),(20,13,5,'2018-01-06',1000000.000,957000.000,43000.000,'Jerome DeGuzman','DR007'),(21,12,5,'2018-01-06',1000000.000,980000.000,20000.000,'Jerome DeGuzman','DR007'),(22,22,8,'2018-01-10',1000000.000,898000.000,102000.000,'Lester Ramos','DR008'),(23,21,8,'2018-01-10',1000000.000,966000.000,34000.000,'Lester Ramos','DR008'),(24,20,8,'2018-01-10',2000.000,2000.000,0.000,'Lester Ramos','DR008'),(25,24,9,'2018-01-13',1000000.000,959000.000,41000.000,'Stephanie Gomez','DR009'),(26,23,9,'2018-01-13',1000000.000,926000.000,74000.000,'Stephanie Gomez','DR009'),(27,29,10,'2018-01-08',2000.000,2000.000,0.000,'Rhianna Manzon','DR010'),(28,28,10,'2018-01-08',2000.000,2000.000,0.000,'Rhianna Manzon','DR010'),(29,26,10,'2018-01-08',2000.000,2000.000,0.000,'Rhianna Manzon','DR010'),(30,27,10,'2018-01-08',2000.000,2000.000,0.000,'Rhianna Manzon','DR010'),(31,25,10,'2018-01-08',2000.000,2000.000,0.000,'Rhianna Manzon','DR010'),(32,30,10,'2018-01-08',2000.000,2000.000,0.000,'Rhianna Manzon','DR010'),(33,31,10,'2018-01-08',2000.000,2000.000,0.000,'Rhianna Manzon','DR010'),(34,33,11,'2018-01-17',2000.000,2000.000,0.000,'Marife Latayan','DR011'),(35,37,11,'2018-01-17',2000.000,2000.000,0.000,'Marife Latayan','DR011'),(36,36,11,'2018-01-17',2000.000,2000.000,0.000,'Marife Latayan','DR011'),(37,38,11,'2018-01-17',2000.000,2000.000,0.000,'Marife Latayan','DR011'),(38,40,11,'2018-01-17',2000.000,2000.000,0.000,'Marife Latayan','DR011'),(39,35,11,'2018-01-17',2000.000,2000.000,0.000,'Marife Latayan','DR011'),(40,32,11,'2018-01-17',1997.000,1997.000,0.000,'Marife Latayan','DR011'),(41,34,11,'2018-01-17',2000.000,2000.000,0.000,'Marife Latayan','DR011'),(42,39,11,'2018-01-17',2000.000,2000.000,0.000,'Marife Latayan','DR011'),(43,32,11,'2018-01-17',3.000,3.000,0.000,'Arlene Ruelos','DR012'),(44,43,12,'2018-01-06',2000.000,2000.000,0.000,'Marife Latayan','DR013'),(45,45,12,'2018-01-06',2000.000,2000.000,0.000,'Marife Latayan','DR013'),(46,42,12,'2018-01-06',2000.000,2000.000,0.000,'Marife Latayan','DR013'),(47,41,12,'2018-01-06',2000.000,2000.000,0.000,'Marife Latayan','DR013'),(48,46,12,'2018-01-06',2000.000,2000.000,0.000,'Marife Latayan','DR013'),(49,44,12,'2018-01-06',2000.000,2000.000,0.000,'Marife Latayan','DR013'),(50,47,13,'2018-01-18',2000.000,2000.000,0.000,'Jenifer Reyes','DR0013'),(51,49,13,'2018-01-18',2000.000,2000.000,0.000,'Jenifer Reyes','DR0013'),(52,50,13,'2018-01-18',2000.000,2000.000,0.000,'Jenifer Reyes','DR0013'),(53,48,13,'2018-01-18',2000.000,2000.000,0.000,'Jenifer Reyes','DR0013'),(54,52,13,'2018-01-18',2000.000,2000.000,0.000,'Jenifer Reyes','DR0013'),(55,51,13,'2018-01-18',2000.000,2000.000,0.000,'Jenifer Reyes','DR0013'),(56,53,13,'2018-01-18',2000.000,2000.000,0.000,'Jenifer Reyes','DR0013'),(57,60,14,'2018-01-17',2000.000,2000.000,0.000,'Arlene Ruelos','DR015'),(58,61,14,'2018-01-17',2000.000,2000.000,0.000,'Arlene Ruelos','DR015'),(59,58,14,'2018-01-17',2000.000,2000.000,0.000,'Arlene Ruelos','DR015'),(60,55,14,'2018-01-17',2000.000,2000.000,0.000,'Arlene Ruelos','DR015'),(61,64,14,'2018-01-17',2000.000,2000.000,0.000,'Arlene Ruelos','DR015'),(62,57,14,'2018-01-17',2000.000,2000.000,0.000,'Arlene Ruelos','DR015'),(63,54,14,'2018-01-17',2000.000,2000.000,0.000,'Arlene Ruelos','DR015'),(64,62,14,'2018-01-17',2000.000,2000.000,0.000,'Arlene Ruelos','DR015'),(65,59,14,'2018-01-17',2000.000,2000.000,0.000,'Arlene Ruelos','DR015'),(66,63,14,'2018-01-17',2000.000,2000.000,0.000,'Arlene Ruelos','DR015'),(67,56,14,'2018-01-17',2000.000,2000.000,0.000,'Arlene Ruelos','DR015'),(68,89,16,'2018-01-09',2000.000,2000.000,0.000,'Lorlyn Manzano','DR017'),(69,81,16,'2018-01-09',2000.000,2000.000,0.000,'Lorlyn Manzano','DR017'),(70,87,16,'2018-01-09',2000.000,2000.000,0.000,'Lorlyn Manzano','DR017'),(71,86,16,'2018-01-09',2000.000,2000.000,0.000,'Lorlyn Manzano','DR017'),(72,82,16,'2018-01-09',2000.000,2000.000,0.000,'Lorlyn Manzano','DR017'),(73,85,16,'2018-01-09',2000.000,2000.000,0.000,'Lorlyn Manzano','DR017'),(74,88,16,'2018-01-09',2000.000,2000.000,0.000,'Lorlyn Manzano','DR017'),(75,80,16,'2018-01-09',2000.000,2000.000,0.000,'Lorlyn Manzano','DR017'),(76,84,16,'2018-01-09',2000.000,2000.000,0.000,'Lorlyn Manzano','DR017'),(77,83,16,'2018-01-09',2000.000,2000.000,0.000,'Lorlyn Manzano','DR017'),(78,79,16,'2018-01-09',2000.000,2000.000,0.000,'Lorlyn Manzano','DR017'),(79,73,15,'2018-01-09',2000.000,2000.000,0.000,'Grace Mendoza','DR016'),(80,77,15,'2018-01-09',2000.000,2000.000,0.000,'Grace Mendoza','DR016'),(81,70,15,'2018-01-09',2000.000,2000.000,0.000,'Grace Mendoza','DR016'),(82,68,15,'2018-01-09',2000.000,2000.000,0.000,'Grace Mendoza','DR016'),(83,69,15,'2018-01-09',2000.000,2000.000,0.000,'Grace Mendoza','DR016'),(84,71,15,'2018-01-09',2000.000,2000.000,0.000,'Grace Mendoza','DR016'),(85,66,15,'2018-01-09',2000.000,2000.000,0.000,'Grace Mendoza','DR016'),(86,67,15,'2018-01-09',2000.000,2000.000,0.000,'Grace Mendoza','DR016'),(87,74,15,'2018-01-09',2000.000,2000.000,0.000,'Grace Mendoza','DR016'),(88,76,15,'2018-01-09',2000.000,2000.000,0.000,'Grace Mendoza','DR016'),(89,72,15,'2018-01-09',2000.000,2000.000,0.000,'Grace Mendoza','DR016'),(90,78,15,'2018-01-09',2000.000,2000.000,0.000,'Grace Mendoza','DR016'),(91,75,15,'2018-01-09',2000.000,2000.000,0.000,'Grace Mendoza','DR016'),(92,65,15,'2018-01-09',2000.000,2000.000,0.000,'Grace Mendoza','DR016'),(93,90,17,'2018-01-08',2000.000,2000.000,0.000,'Rhianna Manzon','DR018'),(94,91,17,'2018-01-08',2000.000,2000.000,0.000,'Rhianna Manzon','DR018'),(95,92,18,'2018-01-09',15.000,15.000,0.000,'Jenifer Reyes','DR019'),(96,93,18,'2018-01-09',15.000,15.000,0.000,'Jenifer Reyes','DR019'),(97,94,19,'2018-01-15',15.000,15.000,0.000,'Arlene Ruelos','DR019'),(98,95,19,'2018-01-15',15.000,15.000,0.000,'Arlene Ruelos','DR019'),(99,96,19,'2018-01-15',15.000,15.000,0.000,'Arlene Ruelos','DR019'),(100,101,21,'2018-01-16',15.000,15.000,0.000,'Mario Benitez','DR20'),(101,100,21,'2018-01-16',15.000,15.000,0.000,'Mario Benitez','DR20'),(102,97,20,'2018-01-13',15.000,15.000,0.000,'Lorlyn Manzano','DR020'),(103,99,20,'2018-01-13',15.000,15.000,0.000,'Lorlyn Manzano','DR020'),(104,98,20,'2018-01-13',15.000,15.000,0.000,'Lorlyn Manzano','DR020'),(105,102,22,'2018-01-05',2000.000,2000.000,0.000,'Arlene Ruelos','DR022'),(106,103,23,'2018-01-12',2000.000,2000.000,0.000,'Tinango Caguioa','DR021'),(107,104,24,'2018-01-23',2000.000,2000.000,0.000,'Rhianna Manzon','DR023'),(108,105,25,'2018-01-31',5000000.000,5000000.000,0.000,'Jules Tomines','DR025'),(109,106,25,'2018-01-31',10000.000,10000.000,0.000,'Jules Tomines','DR025'),(110,107,26,'2018-01-31',10000.000,10000.000,0.000,'Mario Benitez','DR026'),(111,108,27,'2018-01-31',10000.000,10000.000,0.000,'Stephanie Gomez','DR027'),(112,109,28,'2018-01-31',25.000,25.000,0.000,'Marife Latayan','DR028'),(113,110,29,'2018-01-31',25.000,25.000,0.000,'Rhianna Manzon','DR029'),(114,111,30,'2018-02-06',10000000.000,10000000.000,0.000,'Lorlyn Manzano','DR030'),(115,112,31,'2018-02-06',10000.000,10000.000,0.000,'Arlene Ruelos','DR031'),(116,113,31,'2018-02-06',10000.000,10000.000,0.000,'Arlene Ruelos','DR031'),(117,114,32,'2018-02-06',10000.000,10000.000,0.000,'Lester Ramos','DR032'),(118,115,33,'2018-02-06',10000000.000,10000000.000,0.000,'Rhianna Manzon','DR033'),(119,116,34,'2018-02-06',10000.000,10000.000,0.000,'Jenifer Reyes','DR033'),(120,117,35,'2018-02-06',10000.000,10000.000,0.000,'Jules Tomines','DR034'),(121,118,36,'2018-02-02',100000.000,95000.000,5000.000,'Rhianna Manzon','DR821'),(122,119,37,'2018-02-03',200000.000,180000.000,20000.000,'Grace Mendoza','DR821'),(123,120,38,'2018-02-03',500000.000,460000.000,40000.000,'Mario Benitez','DR189'),(124,121,39,'2018-02-06',300000.000,240000.000,60000.000,'Jenifer Reyes','DR082'),(125,122,40,'2018-02-07',2000.000,2000.000,0.000,'Rhianna Manzon','DR824'),(126,123,41,'2018-02-08',400000.000,370000.000,30000.000,'Jerome DeGuzman','DR564'),(127,124,42,'2018-03-02',500000.000,450000.000,50000.000,'Arlene Ruelos','DR342'),(128,125,43,'2018-04-03',5.000,5.000,0.000,'Jenifer Reyes','DR562'),(129,126,44,'2018-04-08',5.000,5.000,0.000,'Arlene Ruelos','DR762'),(130,127,45,'2018-05-03',5.000,5.000,0.000,'Lester Ramos','DR321'),(131,128,46,'2018-05-04',5.000,5.000,0.000,'Jerome DeGuzman','DR322'),(132,127,45,'2018-05-07',5.000,5.000,0.000,'Jules Tomines','DR625'),(133,129,47,'2018-05-02',250.000,250.000,0.000,'Jenifer Reyes','DR672'),(134,129,47,'2018-05-03',250.000,250.000,0.000,'Mario Benitez','DR726'),(135,130,48,'2018-05-03',500.000,500.000,0.000,'Jules Tomines','DR782'),(136,131,49,'2018-05-04',200000.000,200000.000,0.000,'Arlene Ruelos','DR253'),(137,132,50,'2018-05-05',300000.000,270000.000,30000.000,'Evelyn Gascon','DR232'),(138,134,52,'2018-05-09',300000.000,280000.000,20000.000,'Evelyn Gascon','DR654'),(139,134,52,'2018-05-09',120000.000,100000.000,20000.000,'Lorlyn Manzano','DR787');
/*!40000 ALTER TABLE `supp_delivery` ENABLE KEYS */;
UNLOCK TABLES;

--
-- Table structure for table `supp_payment`
--

DROP TABLE IF EXISTS `supp_payment`;
/*!40101 SET @saved_cs_client     = @@character_set_client */;
/*!40101 SET character_set_client = utf8 */;
CREATE TABLE `supp_payment` (
  `supp_payment_id` int(50) NOT NULL AUTO_INCREMENT,
  `supp_po_id` int(50) NOT NULL,
  `date` date NOT NULL,
  `amount` decimal(20,2) NOT NULL,
  `bank` varchar(20) NOT NULL,
  PRIMARY KEY (`supp_payment_id`)
) ENGINE=InnoDB AUTO_INCREMENT=52 DEFAULT CHARSET=latin1;
/*!40101 SET character_set_client = @saved_cs_client */;

--
-- Dumping data for table `supp_payment`
--

LOCK TABLES `supp_payment` WRITE;
/*!40000 ALTER TABLE `supp_payment` DISABLE KEYS */;
INSERT INTO `supp_payment` VALUES (1,1,'2018-05-07',1080400.00,'BPI'),(2,2,'2018-05-07',1070400.00,'BDO'),(3,3,'2018-01-03',1615350.00,'BDO'),(4,5,'2018-01-09',780350.00,'BPI'),(5,4,'2018-01-12',660350.00,'BDO'),(6,6,'2018-01-12',540450.00,'BPI'),(7,8,'2018-01-12',802350.00,'BDO'),(8,7,'2018-01-17',660300.00,'BPI'),(9,9,'2018-01-12',720750.00,'BDO'),(10,10,'2018-01-08',114600.00,'BPI'),(11,11,'2018-01-17',132500.00,'BPI'),(12,12,'2018-01-03',86350.00,'BPI'),(13,13,'2018-01-17',106600.00,'BDO'),(14,14,'2018-01-17',156550.00,'BPI'),(15,15,'2018-01-08',178380.00,'BDO'),(16,16,'2018-01-10',182750.00,'BDO'),(17,17,'2018-01-05',10350.00,'BPI'),(18,18,'2018-01-05',88400.00,'BPI'),(19,19,'2018-01-15',108600.00,'BDO'),(20,20,'2018-01-10',123880.00,'BDO'),(21,21,'2018-01-10',89000.00,'BDO'),(22,22,'2018-01-05',14150.00,'BPI'),(23,23,'2018-01-12',10390.00,'BDO'),(24,24,'2018-01-24',8150.00,'BDO'),(25,25,'2018-01-31',1250300.00,'BDO'),(26,26,'2018-01-31',20150.00,'BPI'),(27,27,'2018-01-31',100200.00,'BPI'),(28,28,'2018-01-31',67700.00,'BPI'),(29,29,'2018-01-31',62700.00,'BDO'),(30,28,'2018-01-31',67700.00,'BDO'),(31,30,'2018-02-05',4600200.00,'BDO'),(32,39,'2018-02-07',124800.00,'BPI'),(33,31,'2018-02-07',50200.00,'BPI'),(34,41,'2018-02-09',144350.00,'Western Union'),(35,32,'2018-02-07',70250.00,'BDO'),(36,35,'2018-02-07',60200.00,'BDO'),(37,33,'2018-02-07',3500250.00,'BPI'),(38,33,'2018-02-07',3500250.00,'BPI'),(39,34,'2018-02-07',40250.00,'BDO'),(40,40,'2018-02-08',16190.00,'Western Union'),(41,36,'2018-02-05',41850.00,'BPI'),(42,38,'2018-05-04',225350.00,'BDO'),(43,37,'2018-02-05',112350.00,'BPI'),(44,42,'2018-03-05',125350.00,'BDO'),(45,43,'2018-04-05',9150.00,'BPI'),(46,44,'2018-04-10',11150.00,'BDO'),(47,45,'2018-05-04',17900.00,'BDO'),(48,46,'2018-05-04',17900.00,'BPI'),(49,47,'2018-05-02',5160.00,'BPI'),(50,48,'2018-05-04',4150.00,'BPI'),(51,49,'2018-05-07',50450.00,'BPI');
/*!40000 ALTER TABLE `supp_payment` ENABLE KEYS */;
UNLOCK TABLES;

--
-- Table structure for table `supp_po`
--

DROP TABLE IF EXISTS `supp_po`;
/*!40101 SET @saved_cs_client     = @@character_set_client */;
/*!40101 SET character_set_client = utf8 */;
CREATE TABLE `supp_po` (
  `supp_po_id` int(50) NOT NULL AUTO_INCREMENT,
  `supp_id` int(50) NOT NULL,
  `suppPO_date` date NOT NULL,
  `trucking_fee` decimal(20,2) NOT NULL,
  `supp_creditTerm` varchar(45) NOT NULL,
  `total_amount` decimal(20,2) NOT NULL DEFAULT '0.00',
  `delivery_stat` int(11) DEFAULT '0',
  `payment_stat` int(11) DEFAULT '0',
  `partial_stat` int(11) DEFAULT '0',
  `payment` decimal(20,2) DEFAULT NULL,
  `date_archived` date DEFAULT NULL,
  `archive` int(11) DEFAULT '1',
  `delete_archive` int(11) DEFAULT '0',
  PRIMARY KEY (`supp_po_id`)
) ENGINE=InnoDB AUTO_INCREMENT=54 DEFAULT CHARSET=latin1;
/*!40101 SET character_set_client = @saved_cs_client */;

--
-- Dumping data for table `supp_po`
--

LOCK TABLES `supp_po` WRITE;
/*!40000 ALTER TABLE `supp_po` DISABLE KEYS */;
INSERT INTO `supp_po` VALUES (1,1,'2016-01-03',400.00,'30',1080400.00,1,1,1,1080400.00,NULL,1,0),(2,2,'2016-01-03',400.00,'30',1070400.00,1,1,1,1070400.00,NULL,1,0),(3,4,'2016-01-03',350.00,'30',1615350.00,1,1,1,1615350.00,NULL,1,0),(4,10,'2016-01-05',350.00,'30',660350.00,1,1,1,660350.00,NULL,1,0),(5,17,'2016-01-03',350.00,'15',780350.00,1,1,1,780350.00,NULL,1,0),(6,1,'2016-01-09',450.00,'15',540450.00,1,1,1,540450.00,NULL,1,0),(7,10,'2016-01-15',300.00,'15',660300.00,1,1,1,660300.00,NULL,1,0),(8,3,'2016-01-09',350.00,'30',802350.00,1,1,1,802350.00,NULL,1,0),(9,5,'2016-01-10',750.00,'30',720750.00,1,1,1,720750.00,NULL,1,0),(10,21,'2016-01-05',600.00,'15',114600.00,1,1,1,114600.00,NULL,1,0),(11,19,'2016-01-15',500.00,'30',132500.00,1,1,1,132500.00,NULL,1,0),(12,18,'2016-01-03',350.00,'15',86350.00,1,1,1,86350.00,NULL,1,0),(13,14,'2016-01-15',600.00,'30',106600.00,1,1,1,106600.00,NULL,1,0),(14,15,'2016-01-15',550.00,'30',156550.00,1,1,1,156550.00,NULL,1,0),(15,16,'2016-01-05',380.00,'15',178380.00,1,1,1,178380.00,NULL,1,0),(16,20,'2016-01-08',750.00,'30',182750.00,1,1,1,182750.00,NULL,1,0),(17,9,'2016-01-03',350.00,'15',10350.00,1,1,1,10350.00,NULL,1,0),(18,11,'2016-01-03',650.00,'15',88400.00,1,1,1,88400.00,NULL,1,0),(19,8,'2016-01-08',600.00,'15',108600.00,1,1,1,108600.00,NULL,1,0),(20,12,'2016-01-06',880.00,'30',123880.00,1,1,1,123880.00,NULL,1,0),(21,13,'2016-01-08',500.00,'30',89000.00,1,1,1,89000.00,NULL,1,0),(22,6,'2016-01-03',150.00,'15',14150.00,1,1,1,14150.00,NULL,1,0),(23,5,'2016-01-10',390.00,'15',10390.00,1,1,1,10390.00,NULL,1,0),(24,12,'2016-01-22',150.00,'15',8150.00,1,1,1,8150.00,NULL,1,0),(25,5,'2018-01-29',300.00,'30',1250300.00,1,1,1,1250300.00,NULL,1,0),(26,9,'2018-01-29',150.00,'15',20150.00,1,1,1,20150.00,NULL,1,0),(27,20,'2018-01-29',200.00,'15',100200.00,1,1,1,100200.00,NULL,1,0),(28,8,'2018-01-29',200.00,'30',67700.00,1,1,1,135400.00,NULL,1,0),(29,13,'2018-01-29',200.00,'30',62700.00,1,1,1,62700.00,NULL,1,0),(30,2,'2018-02-05',200.00,'15',4600200.00,1,1,1,4600200.00,NULL,1,0),(31,9,'2018-02-05',200.00,'15',50200.00,1,1,1,50200.00,NULL,1,0),(32,6,'2018-02-05',250.00,'15',70250.00,1,1,1,70250.00,NULL,1,0),(33,17,'2018-02-05',250.00,'15',3500250.00,1,1,1,7000500.00,NULL,1,0),(34,12,'2018-02-05',250.00,'15',40250.00,1,1,1,40250.00,NULL,1,0),(35,3,'2018-02-05',200.00,'15',60200.00,1,1,1,60200.00,NULL,1,0),(36,4,'2018-02-01',350.00,'30',41850.00,1,1,1,41850.00,NULL,1,0),(37,4,'2018-02-02',350.00,'30',112350.00,1,1,1,112350.00,NULL,1,0),(38,3,'2018-02-02',350.00,'30',225350.00,1,1,1,225350.00,NULL,1,0),(39,4,'2018-02-05',300.00,'30',124800.00,1,1,1,124800.00,NULL,1,0),(40,14,'2018-02-06',190.00,'30',16190.00,1,1,1,16190.00,NULL,1,0),(41,2,'2018-02-07',350.00,'30',144350.00,1,1,1,144350.00,NULL,1,0),(42,2,'2018-03-01',350.00,'30',125350.00,1,1,1,125350.00,NULL,1,0),(43,8,'2018-04-02',650.00,'30',9150.00,1,1,1,9150.00,NULL,1,0),(44,11,'2018-04-07',650.00,'30',11150.00,1,1,1,11150.00,NULL,1,0),(45,8,'2018-05-01',900.00,'30',17900.00,1,1,1,17900.00,NULL,1,0),(46,13,'2018-05-02',900.00,'30',17900.00,1,1,1,17900.00,NULL,1,0),(47,15,'2018-05-01',160.00,'30',5160.00,1,1,1,5160.00,NULL,1,0),(48,21,'2018-05-02',150.00,'30',4150.00,1,1,1,4150.00,NULL,1,0),(49,17,'2018-05-03',450.00,'30',50450.00,1,1,1,50450.00,NULL,1,0),(50,4,'2018-05-04',450.00,'30',192450.00,1,0,1,NULL,NULL,1,0),(51,3,'2018-05-07',500.00,'30',144500.00,0,0,0,NULL,'2018-05-28',0,0),(52,1,'2018-05-08',580.00,'30',105580.00,1,0,1,NULL,NULL,1,0),(53,21,'2018-05-09',130.00,'30',8130.00,0,0,0,NULL,'2018-05-28',0,0);
/*!40000 ALTER TABLE `supp_po` ENABLE KEYS */;
UNLOCK TABLES;

--
-- Table structure for table `supp_po_ordered`
--

DROP TABLE IF EXISTS `supp_po_ordered`;
/*!40101 SET @saved_cs_client     = @@character_set_client */;
/*!40101 SET character_set_client = utf8 */;
CREATE TABLE `supp_po_ordered` (
  `supp_po_ordered_id` int(50) NOT NULL AUTO_INCREMENT,
  `supp_po_id` int(50) NOT NULL,
  `item` varchar(45) NOT NULL,
  `qty` decimal(50,3) NOT NULL,
  `amount` decimal(20,2) NOT NULL,
  `type` varchar(45) NOT NULL DEFAULT 'Type',
  `delivery_stat` varchar(45) DEFAULT '0',
  `payment_stat` varchar(45) DEFAULT '0',
  `payment` decimal(20,2) DEFAULT NULL,
  `received` decimal(50,3) DEFAULT '0.000',
  `categoryx` int(11) DEFAULT NULL,
  `inv_stat` varchar(45) NOT NULL DEFAULT '0',
  `pckng_stat` varchar(45) NOT NULL DEFAULT '0',
  `stckr_stat` varchar(45) NOT NULL DEFAULT '0',
  `mach_stat` varchar(45) NOT NULL DEFAULT '0',
  PRIMARY KEY (`supp_po_ordered_id`)
) ENGINE=InnoDB AUTO_INCREMENT=136 DEFAULT CHARSET=latin1;
/*!40101 SET character_set_client = @saved_cs_client */;

--
-- Dumping data for table `supp_po_ordered`
--

LOCK TABLES `supp_po_ordered` WRITE;
/*!40000 ALTER TABLE `supp_po_ordered` DISABLE KEYS */;
INSERT INTO `supp_po_ordered` VALUES (1,1,'Guatemala',1000000.000,250000.00,'light roast','1','0',NULL,1000000.000,1,'1','0','0','0'),(2,1,'Guatemala',1000000.000,380000.00,'medium roast','1','0',NULL,1000000.000,1,'1','0','0','0'),(3,1,'Guatemala',1000000.000,450000.00,'city roast','1','0',NULL,1000000.000,1,'1','0','0','0'),(4,2,'Barako',1000000.000,460000.00,'city roast','1','0',NULL,1000000.000,1,'1','0','0','0'),(5,2,'Barako',1000000.000,360000.00,'medium roast','1','0',NULL,1000000.000,1,'1','0','0','0'),(6,2,'Barako',1000000.000,250000.00,'light roast','1','0',NULL,1000000.000,1,'1','0','0','0'),(7,3,'Colombia',1000000.000,415000.00,'light roast','1','0',NULL,1000000.000,1,'1','0','0','0'),(8,3,'Colombia',1000000.000,560000.00,'medium roast','1','0',NULL,1000000.000,1,'1','0','0','0'),(9,3,'Colombia',1000000.000,640000.00,'city roast','1','0',NULL,1000000.000,1,'1','0','0','0'),(10,4,'Sumatra',1000000.000,270000.00,'light roast','1','0',NULL,1000000.000,1,'1','0','0','0'),(11,4,'Sumatra',1000000.000,390000.00,'medium roast','1','0',NULL,1000000.000,1,'1','0','0','0'),(12,5,'Benguet',1000000.000,180000.00,'light roast','1','0',NULL,1000000.000,1,'1','0','0','0'),(13,5,'Benguet',1000000.000,250000.00,'medium roast','1','0',NULL,1000000.000,1,'1','0','0','0'),(14,5,'Benguet',1000000.000,350000.00,'city roast','1','0',NULL,1000000.000,1,'1','0','0','0'),(15,6,'Guatemala',500000.000,125000.00,'medium roast','1','0',NULL,500000.000,1,'1','0','0','0'),(16,6,'Guatemala',500000.000,190000.00,'city roast','1','0',NULL,500000.000,1,'1','0','0','0'),(17,6,'Guatemala',500000.000,225000.00,'light roast','1','0',NULL,500000.000,1,'1','0','0','0'),(18,7,'Sumatra',1000000.000,270000.00,'light roast','1','0',NULL,1000000.000,1,'1','0','0','0'),(19,7,'Sumatra',1000000.000,390000.00,'medium roast','1','0',NULL,1000000.000,1,'1','0','0','0'),(20,8,'clear bag',2000.000,12000.00,'1000','1','0',NULL,2000.000,2,'0','1','0','0'),(21,8,'Robusta',1000000.000,340000.00,'medium roast','1','0',NULL,1000000.000,1,'1','0','0','0'),(22,8,'Robusta',1000000.000,450000.00,'city roast','1','0',NULL,1000000.000,1,'1','0','0','0'),(23,9,'Robusta',1000000.000,240000.00,'light roast','1','0',NULL,1000000.000,1,'1','0','0','0'),(24,9,'Sumatra',1000000.000,480000.00,'city roast','1','0',NULL,1000000.000,1,'1','0','0','0'),(25,10,'Professor Valentino Macanes Sticker',2000.000,10000.00,'paper','1','0',NULL,2000.000,3,'0','0','1','0'),(26,10,'GMA Sticker',2000.000,20000.00,'paper','1','0',NULL,2000.000,3,'0','0','1','0'),(27,10,'Escala Sticker',2000.000,16000.00,'plastic','1','0',NULL,2000.000,3,'0','0','1','0'),(28,10,'Cosys Cafe and Roasterie Sticker',2000.000,16000.00,'plastic','1','0',NULL,2000.000,3,'0','0','1','0'),(29,10,'Connies Kitchen Sticker',2000.000,16000.00,'plastic','1','0',NULL,2000.000,3,'0','0','1','0'),(30,10,'Best Western Oxford Suites Sticker',2000.000,16000.00,'paper','1','0',NULL,2000.000,3,'0','0','1','0'),(31,10,'Baguio Country Club Sticker',2000.000,20000.00,'paper','1','0',NULL,2000.000,3,'0','0','1','0'),(32,11,'Wackie Shop Sticker',2000.000,16000.00,'paper','1','0',NULL,2000.000,3,'0','0','1','0'),(33,11,'Mabuhay Blend Sticker',2000.000,10000.00,'paper','1','0',NULL,2000.000,3,'0','0','1','0'),(34,11,'Le Chef Manor Sticker',2000.000,16000.00,'plastic','1','0',NULL,2000.000,3,'0','0','1','0'),(35,11,'Kintetsu World Express Sticker',2000.000,20000.00,'vinyl','1','0',NULL,2000.000,3,'0','0','1','0'),(36,11,'Kalayaan Blend Sticker',2000.000,10000.00,'paper','1','0',NULL,2000.000,3,'0','0','1','0'),(37,11,'Fiesta Blend Sticker',2000.000,10000.00,'paper','1','0',NULL,2000.000,3,'0','0','1','0'),(38,11,'Eurotel Sticker',2000.000,20000.00,'vinyl','1','0',NULL,2000.000,3,'0','0','1','0'),(39,11,'Burt Company Sticker',2000.000,20000.00,'vinyl','1','0',NULL,2000.000,3,'0','0','1','0'),(40,11,'ABS CBN Sticker',2000.000,10000.00,'paper','1','0',NULL,2000.000,3,'0','0','1','0'),(41,12,'Marios Restaurant Manila Sticker',2000.000,20000.00,'vinyl','1','0',NULL,2000.000,3,'0','0','1','0'),(42,12,'Marios Restaurant Baguio Sticker',2000.000,16000.00,'paper','1','0',NULL,2000.000,3,'0','0','1','0'),(43,12,'Espresso Blend Sticker',2000.000,10000.00,'paper','1','0',NULL,2000.000,3,'0','0','1','0'),(44,12,'Cafe de Manor Sticker',2000.000,20000.00,'vinyl','1','0',NULL,2000.000,3,'0','0','1','0'),(45,12,'Breakfast Blend Sticker',2000.000,10000.00,'paper','1','0',NULL,2000.000,3,'0','0','1','0'),(46,12,'Bowknot Brewery Sticker',2000.000,10000.00,'paper','1','0',NULL,2000.000,3,'0','0','1','0'),(47,13,'Sumatra Night Sticker',2000.000,10000.00,'paper','1','0',NULL,2000.000,3,'0','0','1','0'),(48,13,'La Casa Blanca Sticker',2000.000,16000.00,'paper','1','0',NULL,2000.000,3,'0','0','1','0'),(49,13,'John Hay Water System Inc Sticker',2000.000,16000.00,'plastic','1','0',NULL,2000.000,3,'0','0','1','0'),(50,13,'Grumpy Joe Sticker',2000.000,16000.00,'paper','1','0',NULL,2000.000,3,'0','0','1','0'),(51,13,'Colleen Curran Sticker',2000.000,16000.00,'plastic','1','0',NULL,2000.000,3,'0','0','1','0'),(52,13,'Canto Restaurant Sticker',2000.000,16000.00,'paper','1','0',NULL,2000.000,3,'0','0','1','0'),(53,13,'Bioessence Sticker',2000.000,16000.00,'plastic','1','0',NULL,2000.000,3,'0','0','1','0'),(54,14,'La Tienda Sticker',2000.000,20000.00,'paper','1','0',NULL,2000.000,3,'0','0','1','0'),(55,14,'Keiffeir Coffee Shop Sticker',2000.000,16000.00,'paper','1','0',NULL,2000.000,3,'0','0','1','0'),(56,14,'Hoals Company Sticker',2000.000,10000.00,'paper','1','0',NULL,2000.000,3,'0','0','1','0'),(57,14,'Hapi Bakery and Mami House Sticker',2000.000,16000.00,'paper','1','0',NULL,2000.000,3,'0','0','1','0'),(58,14,'Gerrys Grill Treasury Sticker',2000.000,16000.00,'paper','1','0',NULL,2000.000,3,'0','0','1','0'),(59,14,'Forest Hills Sticker',2000.000,10000.00,'paper','1','0',NULL,2000.000,3,'0','0','1','0'),(60,14,'Cordillera Sunrise Sticker',2000.000,10000.00,'paper','1','0',NULL,2000.000,3,'0','0','1','0'),(61,14,'Chefs Blend Sticker',2000.000,10000.00,'paper','1','0',NULL,2000.000,3,'0','0','1','0'),(62,14,'Cafe de Seoul Sticker',2000.000,16000.00,'paper','1','0',NULL,2000.000,3,'0','0','1','0'),(63,14,'Cafe Caw Sticker',2000.000,16000.00,'plastic','1','0',NULL,2000.000,3,'0','0','1','0'),(64,14,'Bote Central Sticker',2000.000,16000.00,'paper','1','0',NULL,2000.000,3,'0','0','1','0'),(65,15,'Three Sister Cafe Sticker',2000.000,20000.00,'paper','1','0',NULL,2000.000,3,'0','0','1','0'),(66,15,'Lemon and Olives Sticker',2000.000,10000.00,'paper','1','0',NULL,2000.000,3,'0','0','1','0'),(67,15,'Le Festin Trading Sticker',2000.000,10000.00,'paper','1','0',NULL,2000.000,3,'0','0','1','0'),(68,15,'Le Chef Southwoods Sticker',2000.000,10000.00,'paper','1','0',NULL,2000.000,3,'0','0','1','0'),(69,15,'Le Chef Paranaque Sticker',2000.000,10000.00,'paper','1','0',NULL,2000.000,3,'0','0','1','0'),(70,15,'Le Chef Golf Sticker',2000.000,10000.00,'paper','1','0',NULL,2000.000,3,'0','0','1','0'),(71,15,'Le Chef Accounting Sticker',2000.000,10000.00,'paper','1','0',NULL,2000.000,3,'0','0','1','0'),(72,15,'La Parilla Sticker',2000.000,20000.00,'paper','1','0',NULL,2000.000,3,'0','0','1','0'),(73,15,'Guatemala Rainforest Sticker',2000.000,10000.00,'paper','1','0',NULL,2000.000,3,'0','0','1','0'),(74,15,'Citrus Restaurant Sticker',2000.000,16000.00,'plastic','1','0',NULL,2000.000,3,'0','0','1','0'),(75,15,'Camp John Hay Golf Club Sticker',2000.000,16000.00,'plastic','1','0',NULL,2000.000,3,'0','0','1','0'),(76,15,'Blackwoods Sticker',2000.000,10000.00,'paper','1','0',NULL,2000.000,3,'0','0','1','0'),(77,15,'ATACOGMAC Sticker',2000.000,10000.00,'paper','1','0',NULL,2000.000,3,'0','0','1','0'),(78,15,'Amelie Hotel Sticker',2000.000,16000.00,'plastic','1','0',NULL,2000.000,3,'0','0','1','0'),(79,16,'TJ Company Sticker',2000.000,16000.00,'paper','1','0',NULL,2000.000,3,'0','0','1','0'),(80,16,'She Sticker',2000.000,16000.00,'plastic','1','0',NULL,2000.000,3,'0','0','1','0'),(81,16,'Lighthouse Marina Resort Sticker',2000.000,10000.00,'paper','1','0',NULL,2000.000,3,'0','0','1','0'),(82,16,'Kahuna Beach Resort and Spa Sticker',2000.000,16000.00,'paper','1','0',NULL,2000.000,3,'0','0','1','0'),(83,16,'Gweilo Corp Sticker',2000.000,16000.00,'plastic','1','0',NULL,2000.000,3,'0','0','1','0'),(84,16,'Gerrys Grill Purchasing Sticker',2000.000,20000.00,'vinyl','1','0',NULL,2000.000,3,'0','0','1','0'),(85,16,'Fil Estate Sticker',2000.000,16000.00,'paper','1','0',NULL,2000.000,3,'0','0','1','0'),(86,16,'Edwin Hui Sticker',2000.000,16000.00,'paper','1','0',NULL,2000.000,3,'0','0','1','0'),(87,16,'Bread House Sticker',2000.000,20000.00,'vinyl','1','0',NULL,2000.000,3,'0','0','1','0'),(88,16,'Bote Central Roasting Sticker',2000.000,16000.00,'paper','1','0',NULL,2000.000,3,'0','0','1','0'),(89,16,'Bloomfield Patch Cafe Sticker',2000.000,20000.00,'vinyl','1','0',NULL,2000.000,3,'0','0','1','0'),(90,17,'clear bag',2000.000,4000.00,'250','1','0',NULL,2000.000,2,'0','1','0','0'),(91,17,'brown bag',2000.000,6000.00,'250','1','0',NULL,2000.000,2,'0','1','0','0'),(92,18,'Percolator',15.000,31500.00,'Double Cup Espresso','1','0',NULL,15.000,4,'0','0','0','1'),(93,18,'AVR',15.000,56250.00,'Triple Cup Espresso','1','0',NULL,15.000,4,'0','0','0','1'),(94,19,'Grato',15.000,42000.00,'Double Cup Espresso','1','0',NULL,15.000,4,'0','0','0','1'),(95,19,'Bunn',15.000,25500.00,'Single Cup Espresso','1','0',NULL,15.000,4,'0','0','0','1'),(96,19,'Bravilor',15.000,40500.00,'Double Cup Espresso','1','0',NULL,15.000,4,'0','0','0','1'),(97,20,'Saeco',15.000,42000.00,'Double Cup Espresso','1','0',NULL,15.000,4,'0','0','0','1'),(98,20,'Lirika',15.000,28500.00,'Single Cup Espresso','1','0',NULL,15.000,4,'0','0','0','1'),(99,20,'Colet',15.000,52500.00,'Triple Cup Espresso','1','0',NULL,15.000,4,'0','0','0','1'),(100,21,'Tempo',15.000,51000.00,'Triple Cup Espresso','1','0',NULL,15.000,4,'0','0','0','1'),(101,21,'Piccolina',15.000,37500.00,'Double Cup Espresso','1','0',NULL,15.000,4,'0','0','0','1'),(102,22,'brown bag',2000.000,14000.00,'1000','1','0',NULL,2000.000,2,'0','1','0','0'),(103,23,'brown bag',2000.000,10000.00,'500','1','0',NULL,2000.000,2,'0','1','0','0'),(104,24,'clear bag',2000.000,8000.00,'500','1','0',NULL,2000.000,2,'0','1','0','0'),(105,25,'Robusta',5000000.000,1200000.00,'light roast','1','0',NULL,5000000.000,1,'1','0','0','0'),(106,25,'brown bag',10000.000,50000.00,'500','1','0',NULL,10000.000,2,'0','1','0','0'),(107,26,'clear bag',10000.000,20000.00,'250','1','0',NULL,10000.000,2,'0','1','0','0'),(108,27,'Bread House Sticker',10000.000,100000.00,'vinyl','1','0',NULL,10000.000,3,'0','0','1','0'),(109,28,'Bravilor',25.000,67500.00,'Double Cup Espresso','1','0',NULL,25.000,4,'0','0','0','1'),(110,29,'Piccolina',25.000,62500.00,'Double Cup Espresso','1','0',NULL,25.000,4,'0','0','0','1'),(111,30,'Barako',10000000.000,4600000.00,'city roast','1','0',NULL,10000000.000,1,'1','0','0','0'),(112,31,'clear bag',10000.000,20000.00,'250','1','0',NULL,10000.000,2,'0','1','0','0'),(113,31,'brown bag',10000.000,30000.00,'250','1','0',NULL,10000.000,2,'0','1','0','0'),(114,32,'brown bag',10000.000,70000.00,'1000','1','0',NULL,10000.000,2,'0','1','0','0'),(115,33,'Benguet',10000000.000,3500000.00,'city roast','1','0',NULL,10000000.000,1,'1','0','0','0'),(116,34,'clear bag',10000.000,40000.00,'500','1','0',NULL,10000.000,2,'0','1','0','0'),(117,35,'clear bag',10000.000,60000.00,'1000','1','0',NULL,10000.000,2,'0','1','0','0'),(118,36,'Colombia',100000.000,41500.00,'light roast','1','0',NULL,100000.000,1,'1','0','0','0'),(119,37,'Colombia',200000.000,112000.00,'medium roast','1','0',NULL,200000.000,1,'1','0','0','0'),(120,38,'Robusta',500000.000,225000.00,'city roast','1','0',NULL,500000.000,1,'1','0','0','0'),(121,39,'Colombia',300000.000,124500.00,'light roast','1','0',NULL,300000.000,1,'1','0','0','0'),(122,40,'Bioessence Sticker',2000.000,16000.00,'plastic','1','0',NULL,2000.000,3,'0','0','1','0'),(123,41,'Barako',400000.000,144000.00,'medium roast','1','0',NULL,400000.000,1,'1','0','0','0'),(124,42,'Barako',500000.000,125000.00,'light roast','1','0',NULL,500000.000,1,'1','0','0','0'),(125,43,'Bunn',5.000,8500.00,'Single Cup Espresso','1','0',NULL,5.000,4,'0','0','0','1'),(126,44,'Percolator',5.000,10500.00,'Double Cup Espresso','1','0',NULL,5.000,4,'0','0','0','1'),(127,45,'Bunn',10.000,17000.00,'Single Cup Espresso','1','0',NULL,10.000,4,'0','0','0','0'),(128,46,'Tempo',5.000,17000.00,'Triple Cup Espresso','1','0',NULL,5.000,4,'0','0','0','0'),(129,47,'La Tienda Sticker',500.000,5000.00,'paper','1','0',NULL,500.000,3,'0','0','0','0'),(130,48,'Best Western Oxford Suites Sticker',500.000,4000.00,'paper','1','0',NULL,500.000,3,'0','0','0','0'),(131,49,'Benguet',200000.000,50000.00,'medium roast','1','0',NULL,200000.000,1,'0','0','0','0'),(132,50,'Colombia',300000.000,192000.00,'city roast','1','0',NULL,300000.000,1,'0','0','0','0'),(133,51,'Robusta',320000.000,144000.00,'city roast','0','0',NULL,0.000,1,'0','0','0','0'),(134,52,'Guatemala',420000.000,105000.00,'medium roast','1','0',NULL,420000.000,1,'0','0','0','0'),(135,53,'Best Western Oxford Suites Sticker',1000.000,8000.00,'paper','0','0',NULL,0.000,3,'0','0','0','0');
/*!40000 ALTER TABLE `supp_po_ordered` ENABLE KEYS */;
UNLOCK TABLES;

--
-- Table structure for table `supp_temp_po`
--

DROP TABLE IF EXISTS `supp_temp_po`;
/*!40101 SET @saved_cs_client     = @@character_set_client */;
/*!40101 SET character_set_client = utf8 */;
CREATE TABLE `supp_temp_po` (
  `id_supp_temp_PO` int(50) NOT NULL AUTO_INCREMENT,
  `supp_name` varchar(45) NOT NULL,
  `date` date NOT NULL,
  `trucking_fee` decimal(20,2) NOT NULL,
  `credit_term` varchar(45) NOT NULL,
  `username` varchar(45) NOT NULL,
  PRIMARY KEY (`id_supp_temp_PO`)
) ENGINE=InnoDB AUTO_INCREMENT=57 DEFAULT CHARSET=latin1;
/*!40101 SET character_set_client = @saved_cs_client */;

--
-- Dumping data for table `supp_temp_po`
--

LOCK TABLES `supp_temp_po` WRITE;
/*!40000 ALTER TABLE `supp_temp_po` DISABLE KEYS */;
/*!40000 ALTER TABLE `supp_temp_po` ENABLE KEYS */;
UNLOCK TABLES;

--
-- Table structure for table `supp_temp_po_order`
--

DROP TABLE IF EXISTS `supp_temp_po_order`;
/*!40101 SET @saved_cs_client     = @@character_set_client */;
/*!40101 SET character_set_client = utf8 */;
CREATE TABLE `supp_temp_po_order` (
  `idsupp_temp_po_order` int(50) NOT NULL AUTO_INCREMENT,
  `item_name` varchar(50) NOT NULL,
  `qty` decimal(50,3) NOT NULL,
  `type` varchar(20) NOT NULL,
  `unitPrice` decimal(20,2) NOT NULL,
  `amount` decimal(20,2) NOT NULL,
  `categoryx` int(11) DEFAULT NULL,
  `username` varchar(45) NOT NULL,
  PRIMARY KEY (`idsupp_temp_po_order`)
) ENGINE=InnoDB AUTO_INCREMENT=136 DEFAULT CHARSET=latin1;
/*!40101 SET character_set_client = @saved_cs_client */;

--
-- Dumping data for table `supp_temp_po_order`
--

LOCK TABLES `supp_temp_po_order` WRITE;
/*!40000 ALTER TABLE `supp_temp_po_order` DISABLE KEYS */;
/*!40000 ALTER TABLE `supp_temp_po_order` ENABLE KEYS */;
UNLOCK TABLES;

--
-- Table structure for table `supplier`
--

DROP TABLE IF EXISTS `supplier`;
/*!40101 SET @saved_cs_client     = @@character_set_client */;
/*!40101 SET character_set_client = utf8 */;
CREATE TABLE `supplier` (
  `sup_id` int(11) NOT NULL AUTO_INCREMENT,
  `sup_productID` int(11) NOT NULL,
  `sup_company` varchar(70) NOT NULL,
  `sup_lname` varchar(50) NOT NULL,
  `sup_fname` varchar(50) NOT NULL,
  `sup_position` varchar(50) NOT NULL,
  `sup_address` varchar(100) NOT NULL,
  `sup_email` varchar(50) NOT NULL,
  `sup_contact` varchar(12) NOT NULL,
  `sup_activation` int(11) NOT NULL DEFAULT '1',
  `date_reg` date DEFAULT NULL,
  PRIMARY KEY (`sup_id`)
) ENGINE=InnoDB AUTO_INCREMENT=22 DEFAULT CHARSET=latin1;
/*!40101 SET character_set_client = @saved_cs_client */;

--
-- Dumping data for table `supplier`
--

LOCK TABLES `supplier` WRITE;
/*!40000 ALTER TABLE `supplier` DISABLE KEYS */;
INSERT INTO `supplier` VALUES (1,0,'Supplier B','Mars','Franklin','CEO','Milwaukee, Wisconsin, US','alterracoffee@gmail.com','09562548963',1,'2018-05-24'),(2,0,'Supplier C','Giang','An','Owner','Long Thnh, Vietnam','angiangcoffee@gmail.com','09369854625',1,'2018-05-24'),(3,0,'Supplier I','Bradley','Simon','Owner','Ottawa, Ontario, Canada','bridgehead@gmail.com','09635478523',1,'2018-05-24'),(4,0,'Supplier J','Thompson','Olive','CEO','Rio, Brazil','cafebom@gmail.com','09547863254',1,'2018-05-24'),(5,0,'Supplier L','Scott','Ervin','COO','Seattle, Washington, US','caffevitacoffee@gmail.com','09645231569',1,'2018-05-24'),(6,0,'Supplier U','Balisi','Henry','Sales Agent','#602 Bokawkan Rd. Baguio City','balisi@gmail.com','09269044318',1,'2018-05-24'),(7,0,'Supplier A','Angala','Antonio','Sales Agent','3803 Dayap cor. Cuenca St., Palanan, Makati City, Metro Manila 1235','antoioangeles@gmail.com','09214271227',1,'2018-05-24'),(8,0,'Supplier R','Verano','Crismel','CEO','Manila, Philippines','crismelverano@gmail.com','09215644337',1,'2018-05-24'),(9,0,'Supplier N','McCarthy','Sean','Chief Financial Officer','Irvine, California, US','seanmccarthy@gmail.com','09327861443',1,'2018-05-24'),(10,0,'Supplier F','Dinkin','Blake','President','Bangkok Thailand ','blackivorycoffee@gmail.com','09457654356',1,'2018-05-24'),(11,0,'Supplier G','Arsossy','Mel','President','Bangkok Thailand ','blendzcoffeemachine@gmail.com','09456546456',1,'2018-05-24'),(12,0,'Supplier K','Ortega','Jana','CEO','Bengaluru India','janaortege@gmail.com','09496574556',1,'2018-05-24'),(13,0,'Supplier H','Bourbon','Lenie','CEO','Ontarion, Canada','bourbonmachines@gmail.com','09496512986',1,'2018-05-24'),(14,0,'Supplier M','Pope','Woodrow','Owner','Baguio City, Philippines','woodrow@gmail.com','09578469884',1,'2018-05-24'),(15,0,'Supplier O','Dunn','Joseph','Founder','Manila, Philippines','dunnbros@gmail.com','09587235647',1,'2018-05-24'),(16,0,'Supplier P','Grimmie','Stephanie','Owner','Baguio City, Philippines','gimmestickers@gmail.com','09654879652',1,'2018-05-24'),(17,0,'Supplier Q','Fernandez','Neil','CEO','Baguio City, Philippines','coffeepack@gmail.com','09534014470',1,'2018-05-24'),(18,0,'Supplier S','Marianno','Emillio','Owner','Upper Session Road Baguio, City','marinno_emil@gmail.com','09486522954',1,'2018-05-08'),(19,0,'Supplier E','Lizardo','Joseph','Manager','\r\n1 Shuntug Street, corner Abanao Street (2.02 mi)\r\nBaguio City 2600','joseph_5236@yahoo.com','09176239855',1,'2018-04-10'),(20,0,'Supplier T','Opasdo','Edgardo','Owner','Lower Bonifacio Street, Baguio, City','opasdoo@gmail.com','09206522297',1,'2018-03-15'),(21,0,'Supplier D','Fajardo','Melannie Mae','Owner','3 Urbano Street, Baguio City','melanmae_fajardo@gmail.com','09176325684',1,'2018-03-19');
/*!40000 ALTER TABLE `supplier` ENABLE KEYS */;
UNLOCK TABLES;

--
-- Table structure for table `supplier_delivery`
--

DROP TABLE IF EXISTS `supplier_delivery`;
/*!40101 SET @saved_cs_client     = @@character_set_client */;
/*!40101 SET character_set_client = utf8 */;
CREATE TABLE `supplier_delivery` (
  `sup_deliveryID` int(11) NOT NULL AUTO_INCREMENT,
  `supPO_id` int(11) NOT NULL,
  `supDelivery_stat` varchar(20) NOT NULL,
  `date_recieved` date NOT NULL,
  `yield_weight` int(11) NOT NULL,
  `yield` int(11) NOT NULL,
  `recieved_by` varchar(50) NOT NULL,
  PRIMARY KEY (`sup_deliveryID`)
) ENGINE=InnoDB DEFAULT CHARSET=latin1;
/*!40101 SET character_set_client = @saved_cs_client */;

--
-- Dumping data for table `supplier_delivery`
--

LOCK TABLES `supplier_delivery` WRITE;
/*!40000 ALTER TABLE `supplier_delivery` DISABLE KEYS */;
/*!40000 ALTER TABLE `supplier_delivery` ENABLE KEYS */;
UNLOCK TABLES;

--
-- Table structure for table `supplier_po`
--

DROP TABLE IF EXISTS `supplier_po`;
/*!40101 SET @saved_cs_client     = @@character_set_client */;
/*!40101 SET character_set_client = utf8 */;
CREATE TABLE `supplier_po` (
  `supPO_id` int(11) NOT NULL AUTO_INCREMENT,
  `sup_id` int(11) NOT NULL,
  `supPO_date` date NOT NULL,
  `supPO_qty` int(11) NOT NULL,
  `truck_fee` int(11) NOT NULL,
  `sup_credit` text NOT NULL,
  `total_item` int(11) NOT NULL,
  `total_amount` int(11) NOT NULL,
  `sup_delivery` varchar(20) NOT NULL DEFAULT 'pending',
  `supPayment_stat` varchar(20) NOT NULL DEFAULT 'pending',
  PRIMARY KEY (`supPO_id`)
) ENGINE=InnoDB DEFAULT CHARSET=latin1;
/*!40101 SET character_set_client = @saved_cs_client */;

--
-- Dumping data for table `supplier_po`
--

LOCK TABLES `supplier_po` WRITE;
/*!40000 ALTER TABLE `supplier_po` DISABLE KEYS */;
/*!40000 ALTER TABLE `supplier_po` ENABLE KEYS */;
UNLOCK TABLES;

--
-- Table structure for table `trans_mach`
--

DROP TABLE IF EXISTS `trans_mach`;
/*!40101 SET @saved_cs_client     = @@character_set_client */;
/*!40101 SET character_set_client = utf8 */;
CREATE TABLE `trans_mach` (
  `tmach_id` int(11) NOT NULL AUTO_INCREMENT,
  `mach_id` int(11) DEFAULT NULL,
  `trans_id` int(11) NOT NULL,
  `quantity` varchar(45) DEFAULT NULL,
  PRIMARY KEY (`tmach_id`),
  KEY `mach_trans_idx` (`mach_id`),
  KEY `mach_to_mtm_idx` (`mach_id`),
  KEY `mach_trans_idx1` (`trans_id`)
) ENGINE=InnoDB AUTO_INCREMENT=156 DEFAULT CHARSET=latin1;
/*!40101 SET character_set_client = @saved_cs_client */;

--
-- Dumping data for table `trans_mach`
--

LOCK TABLES `trans_mach` WRITE;
/*!40000 ALTER TABLE `trans_mach` DISABLE KEYS */;
INSERT INTO `trans_mach` VALUES (1,NULL,27,NULL),(2,NULL,28,NULL),(3,NULL,29,NULL),(4,NULL,30,NULL),(5,NULL,31,NULL),(6,NULL,32,NULL),(7,NULL,33,NULL),(8,NULL,34,NULL),(9,NULL,35,NULL),(10,NULL,36,NULL),(11,NULL,37,NULL),(12,NULL,38,NULL),(13,NULL,39,NULL),(14,NULL,40,NULL),(15,NULL,41,NULL),(16,NULL,42,NULL),(17,NULL,43,NULL),(18,NULL,44,NULL),(19,NULL,50,NULL),(20,NULL,51,NULL),(21,NULL,52,NULL),(22,NULL,53,NULL),(23,NULL,54,NULL),(24,NULL,55,NULL),(25,NULL,56,NULL),(26,NULL,57,NULL),(27,NULL,58,NULL),(28,NULL,59,NULL),(29,NULL,60,NULL),(30,NULL,61,NULL),(31,NULL,62,NULL),(32,NULL,63,NULL),(33,NULL,64,NULL),(34,NULL,65,NULL),(35,NULL,66,NULL),(36,NULL,67,NULL),(37,NULL,68,NULL),(38,NULL,69,NULL),(39,NULL,70,NULL),(40,NULL,71,NULL),(41,NULL,72,NULL),(42,NULL,73,NULL),(43,NULL,74,NULL),(44,NULL,75,NULL),(45,NULL,76,NULL),(46,NULL,77,NULL),(47,NULL,78,NULL),(48,NULL,79,NULL),(49,NULL,80,NULL),(50,NULL,81,NULL),(51,NULL,83,NULL),(52,NULL,84,NULL),(53,NULL,86,NULL),(54,NULL,87,NULL),(55,NULL,88,NULL),(56,NULL,89,NULL),(57,NULL,90,NULL),(58,NULL,92,NULL),(59,NULL,96,NULL),(60,NULL,97,NULL),(61,NULL,98,NULL),(62,NULL,99,NULL),(63,NULL,100,NULL),(64,NULL,101,NULL),(65,NULL,102,NULL),(66,NULL,103,NULL),(67,NULL,104,NULL),(68,NULL,105,NULL),(69,NULL,106,NULL),(70,NULL,107,NULL),(71,NULL,108,NULL),(72,NULL,109,NULL),(73,NULL,110,NULL),(74,NULL,111,NULL),(75,NULL,112,NULL),(76,NULL,113,NULL),(77,NULL,114,NULL),(78,NULL,115,NULL),(79,NULL,116,NULL),(80,NULL,117,NULL),(81,NULL,118,NULL),(82,NULL,119,NULL),(83,NULL,121,NULL),(84,NULL,122,NULL),(85,NULL,124,NULL),(86,NULL,132,NULL),(87,NULL,133,NULL),(88,NULL,134,NULL),(89,NULL,135,NULL),(90,NULL,136,NULL),(91,NULL,137,NULL),(92,NULL,138,NULL),(93,NULL,140,NULL),(94,NULL,141,NULL),(95,NULL,142,NULL),(96,NULL,143,NULL),(97,NULL,144,NULL),(98,NULL,145,NULL),(99,NULL,146,NULL),(100,NULL,147,NULL),(101,NULL,148,NULL),(102,NULL,149,NULL),(103,NULL,150,NULL),(104,NULL,151,NULL),(105,NULL,152,NULL),(106,NULL,153,NULL),(107,NULL,154,NULL),(108,NULL,155,NULL),(109,NULL,156,NULL),(110,NULL,157,NULL),(111,NULL,158,NULL),(112,NULL,159,NULL),(113,NULL,160,NULL),(114,NULL,161,NULL),(115,NULL,162,NULL),(116,NULL,163,NULL),(117,NULL,164,NULL),(118,NULL,165,NULL),(119,NULL,166,NULL),(120,NULL,167,NULL),(121,NULL,168,NULL),(122,NULL,169,NULL),(123,NULL,170,NULL),(124,NULL,176,NULL),(125,NULL,177,NULL),(126,NULL,178,NULL),(127,NULL,179,NULL),(128,NULL,180,NULL),(129,NULL,181,NULL),(130,NULL,183,NULL),(131,NULL,185,NULL),(132,NULL,186,NULL),(133,NULL,188,NULL),(134,NULL,190,NULL),(135,NULL,191,NULL),(136,NULL,192,NULL),(137,NULL,193,NULL),(138,NULL,194,NULL),(139,NULL,195,NULL),(140,NULL,196,NULL),(141,NULL,198,NULL),(142,NULL,199,NULL),(143,NULL,201,NULL),(144,NULL,202,NULL),(145,NULL,203,NULL),(146,NULL,205,NULL),(147,NULL,207,NULL),(148,NULL,208,NULL),(149,NULL,209,NULL),(150,NULL,210,NULL),(151,NULL,211,NULL),(152,NULL,212,NULL),(153,NULL,213,NULL),(154,NULL,214,NULL),(155,NULL,215,NULL);
/*!40000 ALTER TABLE `trans_mach` ENABLE KEYS */;
UNLOCK TABLES;

--
-- Table structure for table `trans_pack`
--

DROP TABLE IF EXISTS `trans_pack`;
/*!40101 SET @saved_cs_client     = @@character_set_client */;
/*!40101 SET character_set_client = utf8 */;
CREATE TABLE `trans_pack` (
  `tp_id` int(11) NOT NULL AUTO_INCREMENT,
  `trans_id` int(11) NOT NULL,
  `package_id` int(11) DEFAULT NULL,
  `quantity` int(11) DEFAULT NULL,
  PRIMARY KEY (`tp_id`),
  KEY `t_pack_idx` (`package_id`),
  KEY `t_pack_transact_idx` (`trans_id`)
) ENGINE=InnoDB AUTO_INCREMENT=156 DEFAULT CHARSET=latin1;
/*!40101 SET character_set_client = @saved_cs_client */;

--
-- Dumping data for table `trans_pack`
--

LOCK TABLES `trans_pack` WRITE;
/*!40000 ALTER TABLE `trans_pack` DISABLE KEYS */;
INSERT INTO `trans_pack` VALUES (1,27,2,300),(2,28,5,350),(3,29,3,300),(4,30,1,300),(5,31,4,250),(6,32,5,200),(7,33,1,300),(8,34,5,200),(9,35,1,250),(10,36,2,250),(11,37,1,250),(12,38,1,250),(13,39,1,250),(14,40,1,250),(15,41,5,250),(16,42,5,250),(17,43,5,250),(18,44,5,300),(19,50,1,250),(20,51,6,200),(21,52,6,200),(22,53,4,250),(23,54,5,300),(24,55,1,250),(25,56,4,300),(26,57,2,250),(27,58,5,250),(28,59,1,300),(29,60,1,250),(30,61,4,300),(31,62,5,250),(32,63,6,300),(33,64,1,300),(34,65,1,300),(35,66,4,250),(36,67,3,300),(37,68,4,300),(38,69,5,250),(39,70,5,300),(40,71,2,250),(41,72,2,250),(42,73,5,250),(43,74,3,300),(44,75,6,300),(45,76,4,250),(46,77,6,250),(47,78,2,300),(48,79,1,300),(49,80,6,250),(50,81,2,250),(51,83,1,200),(52,84,1,250),(53,86,4,300),(54,87,3,250),(55,88,4,200),(56,89,4,200),(57,90,4,250),(58,92,3,200),(59,96,2,300),(60,97,1,2),(61,98,2,1),(62,99,3,1),(63,100,4,3),(64,101,6,2),(65,102,2,300),(66,103,3,300),(67,104,5,200),(68,105,1,300),(69,106,5,350),(70,107,5,350),(71,108,2,250),(72,109,4,250),(73,110,5,250),(74,111,1,250),(75,112,1,250),(76,113,1,250),(77,114,6,200),(78,115,4,250),(79,116,5,300),(80,117,1,250),(81,118,4,300),(82,119,2,250),(83,121,5,250),(84,122,5,300),(85,124,5,250),(86,132,5,250),(87,133,1,300),(88,134,1,250),(89,135,4,300),(90,136,1,300),(91,137,1,300),(92,138,3,300),(93,140,4,300),(94,141,5,250),(95,142,1,2),(96,143,3,1),(97,144,4,1),(98,145,5,3),(99,146,4,2),(100,147,4,1),(101,148,3,3),(102,149,6,2),(103,150,6,2),(104,151,2,2),(105,152,2,2),(106,153,1,1),(107,154,1,1),(108,155,4,1),(109,156,3,2),(110,157,3,2),(111,158,5,250),(112,159,5,300),(113,160,2,250),(114,161,2,250),(115,162,5,250),(116,163,3,300),(117,164,6,300),(118,165,4,250),(119,166,6,300),(120,167,6,250),(121,168,6,250),(122,169,2,300),(123,170,4,200),(124,176,2,300),(125,177,5,200),(126,178,1,300),(127,179,2,250),(128,180,4,250),(129,181,1,250),(130,183,6,200),(131,185,4,250),(132,186,1,250),(133,188,3,300),(134,190,4,300),(135,191,5,250),(136,192,5,250),(137,193,1,300),(138,194,1,250),(139,195,1,250),(140,196,4,300),(141,198,5,250),(142,199,1,300),(143,201,3,300),(144,202,5,250),(145,203,5,300),(146,205,1,300),(147,207,4,300),(148,208,1,200),(149,209,2,250),(150,210,2,250),(151,211,5,300),(152,212,2,300),(153,213,1,250),(154,214,1,300),(155,215,3,200);
/*!40000 ALTER TABLE `trans_pack` ENABLE KEYS */;
UNLOCK TABLES;

--
-- Table structure for table `trans_raw`
--

DROP TABLE IF EXISTS `trans_raw`;
/*!40101 SET @saved_cs_client     = @@character_set_client */;
/*!40101 SET character_set_client = utf8 */;
CREATE TABLE `trans_raw` (
  `tr_id` int(11) NOT NULL AUTO_INCREMENT,
  `trans_id` int(11) NOT NULL,
  `raw_coffeeid` int(11) DEFAULT NULL,
  `quantity` int(11) DEFAULT NULL,
  `stat` varchar(45) DEFAULT NULL,
  `inv_stat` varchar(45) NOT NULL DEFAULT '0',
  PRIMARY KEY (`tr_id`),
  KEY `transact_idx` (`trans_id`),
  KEY `raw_idx` (`raw_coffeeid`)
) ENGINE=InnoDB AUTO_INCREMENT=2829 DEFAULT CHARSET=latin1;
/*!40101 SET character_set_client = @saved_cs_client */;

--
-- Dumping data for table `trans_raw`
--

LOCK TABLES `trans_raw` WRITE;
/*!40000 ALTER TABLE `trans_raw` DISABLE KEYS */;
INSERT INTO `trans_raw` VALUES (1,1,1,998000,NULL,'1'),(2,1,2,986000,NULL,'1'),(3,1,3,978000,NULL,'1'),(4,2,4,998000,NULL,'1'),(5,2,11,985000,NULL,'1'),(6,2,12,991000,NULL,'1'),(7,3,16,986000,NULL,'1'),(8,3,17,979000,NULL,'1'),(9,3,18,969000,NULL,'1'),(10,4,6,996000,NULL,'1'),(11,4,7,991000,NULL,'1'),(12,5,1,500000,NULL,'1'),(13,5,2,500000,NULL,'1'),(14,5,3,500000,NULL,'1'),(15,6,6,498000,NULL,'1'),(16,6,7,485000,NULL,'1'),(17,7,6,498000,NULL,'1'),(18,7,7,485000,NULL,'1'),(19,8,13,978000,NULL,'1'),(20,8,14,957000,NULL,'1'),(21,8,15,980000,NULL,'1'),(22,9,8,898000,NULL,'1'),(23,9,9,966000,NULL,'1'),(24,10,5,959000,NULL,'1'),(25,10,10,926000,NULL,'1'),(26,27,1,0,NULL,'1'),(27,27,2,0,NULL,'1'),(28,27,3,0,NULL,'1'),(29,27,4,0,NULL,'1'),(30,27,5,0,NULL,'1'),(31,27,6,37500,NULL,'1'),(32,27,7,0,NULL,'1'),(33,27,8,0,NULL,'1'),(34,27,9,0,NULL,'1'),(35,27,10,0,NULL,'1'),(36,27,11,22500,NULL,'1'),(37,27,12,0,NULL,'1'),(38,27,13,0,NULL,'1'),(39,27,14,45000,NULL,'1'),(40,27,15,0,NULL,'1'),(41,27,16,0,NULL,'1'),(42,27,17,0,NULL,'1'),(43,27,18,45000,NULL,'1'),(44,28,1,0,NULL,'1'),(45,28,2,0,NULL,'1'),(46,28,3,43750,NULL,'1'),(47,28,4,0,NULL,'1'),(48,28,5,52500,NULL,'1'),(49,28,6,0,NULL,'1'),(50,28,7,35000,NULL,'1'),(51,28,8,0,NULL,'1'),(52,28,9,0,NULL,'1'),(53,28,10,43750,NULL,'1'),(54,28,11,0,NULL,'1'),(55,28,12,0,NULL,'1'),(56,28,13,0,NULL,'1'),(57,28,14,0,NULL,'1'),(58,28,15,0,NULL,'1'),(59,28,16,0,NULL,'1'),(60,28,17,0,NULL,'1'),(61,28,18,0,NULL,'1'),(62,29,1,0,NULL,'1'),(63,29,2,0,NULL,'1'),(64,29,3,0,NULL,'1'),(65,29,4,0,NULL,'1'),(66,29,5,0,NULL,'1'),(67,29,6,0,NULL,'1'),(68,29,7,0,NULL,'1'),(69,29,8,0,NULL,'1'),(70,29,9,90000,NULL,'1'),(71,29,10,180000,NULL,'1'),(72,29,11,0,NULL,'1'),(73,29,12,0,NULL,'1'),(74,29,13,0,NULL,'1'),(75,29,14,0,NULL,'1'),(76,29,15,0,NULL,'1'),(77,29,16,0,NULL,'1'),(78,29,17,0,NULL,'1'),(79,29,18,30000,NULL,'1'),(80,30,1,0,NULL,'1'),(81,30,2,0,NULL,'1'),(82,30,3,0,NULL,'1'),(83,30,4,0,NULL,'1'),(84,30,5,0,NULL,'1'),(85,30,6,0,NULL,'1'),(86,30,7,0,NULL,'1'),(87,30,8,0,NULL,'1'),(88,30,9,0,NULL,'1'),(89,30,10,37500,NULL,'1'),(90,30,11,18750,NULL,'1'),(91,30,12,0,NULL,'1'),(92,30,13,0,NULL,'1'),(93,30,14,0,NULL,'1'),(94,30,15,0,NULL,'1'),(95,30,16,0,NULL,'1'),(96,30,17,0,NULL,'1'),(97,30,18,18750,NULL,'1'),(98,31,1,15625,NULL,'1'),(99,31,2,0,NULL,'1'),(100,31,3,15625,NULL,'1'),(101,31,4,0,NULL,'1'),(102,31,5,15625,NULL,'1'),(103,31,6,0,NULL,'1'),(104,31,7,15625,NULL,'1'),(105,31,8,0,NULL,'1'),(106,31,9,0,NULL,'1'),(107,31,10,0,NULL,'1'),(108,31,11,0,NULL,'1'),(109,31,12,0,NULL,'1'),(110,31,13,0,NULL,'1'),(111,31,14,0,NULL,'1'),(112,31,15,0,NULL,'1'),(113,31,16,0,NULL,'1'),(114,31,17,0,NULL,'1'),(115,31,18,0,NULL,'1'),(116,32,1,0,NULL,'1'),(117,32,2,30000,NULL,'1'),(118,32,3,0,NULL,'1'),(119,32,4,0,NULL,'1'),(120,32,5,0,NULL,'1'),(121,32,6,0,NULL,'1'),(122,32,7,0,NULL,'1'),(123,32,8,0,NULL,'1'),(124,32,9,0,NULL,'1'),(125,32,10,30000,NULL,'1'),(126,32,11,0,NULL,'1'),(127,32,12,20000,NULL,'1'),(128,32,13,0,NULL,'1'),(129,32,14,20000,NULL,'1'),(130,32,15,0,NULL,'1'),(131,32,16,0,NULL,'1'),(132,32,17,0,NULL,'1'),(133,32,18,0,NULL,'1'),(134,33,1,0,NULL,'1'),(135,33,2,0,NULL,'1'),(136,33,3,0,NULL,'1'),(137,33,4,0,NULL,'1'),(138,33,5,0,NULL,'1'),(139,33,6,0,NULL,'1'),(140,33,7,0,NULL,'1'),(141,33,8,0,NULL,'1'),(142,33,9,0,NULL,'1'),(143,33,10,37500,NULL,'1'),(144,33,11,18750,NULL,'1'),(145,33,12,0,NULL,'1'),(146,33,13,0,NULL,'1'),(147,33,14,0,NULL,'1'),(148,33,15,0,NULL,'1'),(149,33,16,0,NULL,'1'),(150,33,17,0,NULL,'1'),(151,33,18,18750,NULL,'1'),(152,34,1,0,NULL,'1'),(153,34,2,30000,NULL,'1'),(154,34,3,0,NULL,'1'),(155,34,4,0,NULL,'1'),(156,34,5,0,NULL,'1'),(157,34,6,0,NULL,'1'),(158,34,7,0,NULL,'1'),(159,34,8,0,NULL,'1'),(160,34,9,0,NULL,'1'),(161,34,10,30000,NULL,'1'),(162,34,11,0,NULL,'1'),(163,34,12,20000,NULL,'1'),(164,34,13,0,NULL,'1'),(165,34,14,20000,NULL,'1'),(166,34,15,0,NULL,'1'),(167,34,16,0,NULL,'1'),(168,34,17,0,NULL,'1'),(169,34,18,0,NULL,'1'),(170,35,1,0,NULL,'1'),(171,35,2,0,NULL,'1'),(172,35,3,12500,NULL,'1'),(173,35,4,0,NULL,'1'),(174,35,5,0,NULL,'1'),(175,35,6,0,NULL,'1'),(176,35,7,0,NULL,'1'),(177,35,8,0,NULL,'1'),(178,35,9,0,NULL,'1'),(179,35,10,37500,NULL,'1'),(180,35,11,0,NULL,'1'),(181,35,12,0,NULL,'1'),(182,35,13,0,NULL,'1'),(183,35,14,0,NULL,'1'),(184,35,15,0,NULL,'1'),(185,35,16,0,NULL,'1'),(186,35,17,12500,NULL,'1'),(187,35,18,0,NULL,'1'),(188,36,1,0,NULL,'1'),(189,36,2,0,NULL,'1'),(190,36,3,0,NULL,'1'),(191,36,4,0,NULL,'1'),(192,36,5,0,NULL,'1'),(193,36,6,0,NULL,'1'),(194,36,7,0,NULL,'1'),(195,36,8,37500,NULL,'1'),(196,36,9,0,NULL,'1'),(197,36,10,0,NULL,'1'),(198,36,11,37500,NULL,'1'),(199,36,12,0,NULL,'1'),(200,36,13,0,NULL,'1'),(201,36,14,37500,NULL,'1'),(202,36,15,0,NULL,'1'),(203,36,16,0,NULL,'1'),(204,36,17,0,NULL,'1'),(205,36,18,12500,NULL,'1'),(206,37,1,0,NULL,'1'),(207,37,2,12500,NULL,'1'),(208,37,3,18750,NULL,'1'),(209,37,4,0,NULL,'1'),(210,37,5,18750,NULL,'1'),(211,37,6,0,NULL,'1'),(212,37,7,0,NULL,'1'),(213,37,8,0,NULL,'1'),(214,37,9,0,NULL,'1'),(215,37,10,0,NULL,'1'),(216,37,11,0,NULL,'1'),(217,37,12,0,NULL,'1'),(218,37,13,6250,NULL,'1'),(219,37,14,0,NULL,'1'),(220,37,15,0,NULL,'1'),(221,37,16,6250,NULL,'1'),(222,37,17,0,NULL,'1'),(223,37,18,0,NULL,'1'),(224,38,1,0,NULL,'1'),(225,38,2,12500,NULL,'1'),(226,38,3,18750,NULL,'1'),(227,38,4,0,NULL,'1'),(228,38,5,18750,NULL,'1'),(229,38,6,0,NULL,'1'),(230,38,7,0,NULL,'1'),(231,38,8,0,NULL,'1'),(232,38,9,0,NULL,'1'),(233,38,10,0,NULL,'1'),(234,38,11,0,NULL,'1'),(235,38,12,0,NULL,'1'),(236,38,13,6250,NULL,'1'),(237,38,14,0,NULL,'1'),(238,38,15,0,NULL,'1'),(239,38,16,6250,NULL,'1'),(240,38,17,0,NULL,'1'),(241,38,18,0,NULL,'1'),(242,39,1,0,NULL,'1'),(243,39,2,12500,NULL,'1'),(244,39,3,18750,NULL,'1'),(245,39,4,0,NULL,'1'),(246,39,5,18750,NULL,'1'),(247,39,6,0,NULL,'1'),(248,39,7,0,NULL,'1'),(249,39,8,0,NULL,'1'),(250,39,9,0,NULL,'1'),(251,39,10,0,NULL,'1'),(252,39,11,0,NULL,'1'),(253,39,12,0,NULL,'1'),(254,39,13,6250,NULL,'1'),(255,39,14,0,NULL,'1'),(256,39,15,0,NULL,'1'),(257,39,16,6250,NULL,'1'),(258,39,17,0,NULL,'1'),(259,39,18,0,NULL,'1'),(260,40,1,0,NULL,'1'),(261,40,2,12500,NULL,'1'),(262,40,3,18750,NULL,'1'),(263,40,4,0,NULL,'1'),(264,40,5,18750,NULL,'1'),(265,40,6,0,NULL,'1'),(266,40,7,0,NULL,'1'),(267,40,8,0,NULL,'1'),(268,40,9,0,NULL,'1'),(269,40,10,0,NULL,'1'),(270,40,11,0,NULL,'1'),(271,40,12,0,NULL,'1'),(272,40,13,6250,NULL,'1'),(273,40,14,0,NULL,'1'),(274,40,15,0,NULL,'1'),(275,40,16,6250,NULL,'1'),(276,40,17,0,NULL,'1'),(277,40,18,0,NULL,'1'),(278,41,1,0,NULL,'1'),(279,41,2,0,NULL,'1'),(280,41,3,0,NULL,'1'),(281,41,4,0,NULL,'1'),(282,41,5,0,NULL,'1'),(283,41,6,0,NULL,'1'),(284,41,7,0,NULL,'1'),(285,41,8,0,NULL,'1'),(286,41,9,31250,NULL,'1'),(287,41,10,31250,NULL,'1'),(288,41,11,0,NULL,'1'),(289,41,12,0,NULL,'1'),(290,41,13,0,NULL,'1'),(291,41,14,0,NULL,'1'),(292,41,15,0,NULL,'1'),(293,41,16,0,NULL,'1'),(294,41,17,62500,NULL,'1'),(295,41,18,0,NULL,'1'),(296,42,1,0,NULL,'1'),(297,42,2,0,NULL,'1'),(298,42,3,0,NULL,'1'),(299,42,4,31250,NULL,'1'),(300,42,5,0,NULL,'1'),(301,42,6,62500,NULL,'1'),(302,42,7,0,NULL,'1'),(303,42,8,31250,NULL,'1'),(304,42,9,0,NULL,'1'),(305,42,10,0,NULL,'1'),(306,42,11,0,NULL,'1'),(307,42,12,0,NULL,'1'),(308,42,13,0,NULL,'1'),(309,42,14,0,NULL,'1'),(310,42,15,0,NULL,'1'),(311,42,16,0,NULL,'1'),(312,42,17,0,NULL,'1'),(313,42,18,0,NULL,'1'),(314,43,1,0,NULL,'1'),(315,43,2,0,NULL,'1'),(316,43,3,31250,NULL,'1'),(317,43,4,0,NULL,'1'),(318,43,5,62500,NULL,'1'),(319,43,6,0,NULL,'1'),(320,43,7,0,NULL,'1'),(321,43,8,0,NULL,'1'),(322,43,9,31250,NULL,'1'),(323,43,10,0,NULL,'1'),(324,43,11,0,NULL,'1'),(325,43,12,0,NULL,'1'),(326,43,13,0,NULL,'1'),(327,43,14,0,NULL,'1'),(328,43,15,0,NULL,'1'),(329,43,16,0,NULL,'1'),(330,43,17,0,NULL,'1'),(331,43,18,0,NULL,'1'),(332,44,1,0,NULL,'1'),(333,44,2,0,NULL,'1'),(334,44,3,0,NULL,'1'),(335,44,4,0,NULL,'1'),(336,44,5,0,NULL,'1'),(337,44,6,0,NULL,'1'),(338,44,7,0,NULL,'1'),(339,44,8,0,NULL,'1'),(340,44,9,0,NULL,'1'),(341,44,10,30000,NULL,'1'),(342,44,11,0,NULL,'1'),(343,44,12,0,NULL,'1'),(344,44,13,45000,NULL,'1'),(345,44,14,0,NULL,'1'),(346,44,15,0,NULL,'1'),(347,44,16,75000,NULL,'1'),(348,44,17,0,NULL,'1'),(349,44,18,0,NULL,'1'),(350,45,10,5000000,NULL,'1'),(351,50,1,0,NULL,'1'),(352,50,2,0,NULL,'1'),(353,50,3,0,NULL,'1'),(354,50,4,0,NULL,'1'),(355,50,5,0,NULL,'1'),(356,50,6,0,NULL,'1'),(357,50,7,0,NULL,'1'),(358,50,8,0,NULL,'1'),(359,50,9,18750,NULL,'1'),(360,50,10,0,NULL,'1'),(361,50,11,0,NULL,'1'),(362,50,12,0,NULL,'1'),(363,50,13,0,NULL,'1'),(364,50,14,0,NULL,'1'),(365,50,15,0,NULL,'1'),(366,50,16,6250,NULL,'1'),(367,50,17,18750,NULL,'1'),(368,50,18,18750,NULL,'1'),(369,51,1,0,NULL,'1'),(370,51,2,0,NULL,'1'),(371,51,3,0,NULL,'1'),(372,51,4,0,NULL,'1'),(373,51,5,0,NULL,'1'),(374,51,6,0,NULL,'1'),(375,51,7,0,NULL,'1'),(376,51,8,20000,NULL,'1'),(377,51,9,20000,NULL,'1'),(378,51,10,20000,NULL,'1'),(379,51,11,20000,NULL,'1'),(380,51,12,20000,NULL,'1'),(381,51,13,20000,NULL,'1'),(382,51,14,20000,NULL,'1'),(383,51,15,20000,NULL,'1'),(384,51,16,20000,NULL,'1'),(385,51,17,20000,NULL,'1'),(386,51,18,0,NULL,'1'),(387,52,1,0,NULL,'1'),(388,52,2,0,NULL,'1'),(389,52,3,0,NULL,'1'),(390,52,4,0,NULL,'1'),(391,52,5,0,NULL,'1'),(392,52,6,0,NULL,'1'),(393,52,7,0,NULL,'1'),(394,52,8,20000,NULL,'1'),(395,52,9,20000,NULL,'1'),(396,52,10,20000,NULL,'1'),(397,52,11,20000,NULL,'1'),(398,52,12,20000,NULL,'1'),(399,52,13,20000,NULL,'1'),(400,52,14,20000,NULL,'1'),(401,52,15,20000,NULL,'1'),(402,52,16,20000,NULL,'1'),(403,52,17,20000,NULL,'1'),(404,52,18,0,NULL,'1'),(405,53,1,0,NULL,'1'),(406,53,2,0,NULL,'1'),(407,53,3,31250,NULL,'1'),(408,53,4,0,NULL,'1'),(409,53,5,0,NULL,'1'),(410,53,6,0,NULL,'1'),(411,53,7,0,NULL,'1'),(412,53,8,0,NULL,'1'),(413,53,9,0,NULL,'1'),(414,53,10,0,NULL,'1'),(415,53,11,0,NULL,'1'),(416,53,12,0,NULL,'1'),(417,53,13,0,NULL,'1'),(418,53,14,0,NULL,'1'),(419,53,15,0,NULL,'1'),(420,53,16,0,NULL,'1'),(421,53,17,0,NULL,'1'),(422,53,18,31250,NULL,'1'),(423,54,1,0,NULL,'1'),(424,54,2,45000,NULL,'1'),(425,54,3,0,NULL,'1'),(426,54,4,0,NULL,'1'),(427,54,5,45000,NULL,'1'),(428,54,6,0,NULL,'1'),(429,54,7,0,NULL,'1'),(430,54,8,0,NULL,'1'),(431,54,9,0,NULL,'1'),(432,54,10,0,NULL,'1'),(433,54,11,45000,NULL,'1'),(434,54,12,0,NULL,'1'),(435,54,13,0,NULL,'1'),(436,54,14,0,NULL,'1'),(437,54,15,0,NULL,'1'),(438,54,16,0,NULL,'1'),(439,54,17,0,NULL,'1'),(440,54,18,15000,NULL,'1'),(441,55,1,0,NULL,'1'),(442,55,2,12500,NULL,'1'),(443,55,3,0,NULL,'1'),(444,55,4,12500,NULL,'1'),(445,55,5,0,NULL,'1'),(446,55,6,0,NULL,'1'),(447,55,7,12500,NULL,'1'),(448,55,8,0,NULL,'1'),(449,55,9,0,NULL,'1'),(450,55,10,0,NULL,'1'),(451,55,11,0,NULL,'1'),(452,55,12,0,NULL,'1'),(453,55,13,0,NULL,'1'),(454,55,14,12500,NULL,'1'),(455,55,15,0,NULL,'1'),(456,55,16,0,NULL,'1'),(457,55,17,12500,NULL,'1'),(458,55,18,0,NULL,'1'),(459,56,1,0,NULL,'1'),(460,56,2,0,NULL,'1'),(461,56,3,0,NULL,'1'),(462,56,4,0,NULL,'1'),(463,56,5,0,NULL,'1'),(464,56,6,0,NULL,'1'),(465,56,7,0,NULL,'1'),(466,56,8,18750,NULL,'1'),(467,56,9,0,NULL,'1'),(468,56,10,0,NULL,'1'),(469,56,11,18750,NULL,'1'),(470,56,12,0,NULL,'1'),(471,56,13,0,NULL,'1'),(472,56,14,18750,NULL,'1'),(473,56,15,0,NULL,'1'),(474,56,16,0,NULL,'1'),(475,56,17,18750,NULL,'1'),(476,56,18,0,NULL,'1'),(477,57,1,0,NULL,'1'),(478,57,2,0,NULL,'1'),(479,57,3,0,NULL,'1'),(480,57,4,0,NULL,'1'),(481,57,5,0,NULL,'1'),(482,57,6,0,NULL,'1'),(483,57,7,0,NULL,'1'),(484,57,8,37500,NULL,'1'),(485,57,9,0,NULL,'1'),(486,57,10,37500,NULL,'1'),(487,57,11,0,NULL,'1'),(488,57,12,50000,NULL,'1'),(489,57,13,0,NULL,'1'),(490,57,14,0,NULL,'1'),(491,57,15,0,NULL,'1'),(492,57,16,0,NULL,'1'),(493,57,17,0,NULL,'1'),(494,57,18,0,NULL,'1'),(495,58,1,0,NULL,'1'),(496,58,2,12500,NULL,'1'),(497,58,3,0,NULL,'1'),(498,58,4,0,NULL,'1'),(499,58,5,50000,NULL,'1'),(500,58,6,0,NULL,'1'),(501,58,7,0,NULL,'1'),(502,58,8,31250,NULL,'1'),(503,58,9,0,NULL,'1'),(504,58,10,0,NULL,'1'),(505,58,11,31250,NULL,'1'),(506,58,12,0,NULL,'1'),(507,58,13,0,NULL,'1'),(508,58,14,0,NULL,'1'),(509,58,15,0,NULL,'1'),(510,58,16,0,NULL,'1'),(511,58,17,0,NULL,'1'),(512,58,18,0,NULL,'1'),(513,59,1,45000,NULL,'1'),(514,59,2,15000,NULL,'1'),(515,59,3,15000,NULL,'1'),(516,59,4,0,NULL,'1'),(517,59,5,0,NULL,'1'),(518,59,6,0,NULL,'1'),(519,59,7,0,NULL,'1'),(520,59,8,0,NULL,'1'),(521,59,9,0,NULL,'1'),(522,59,10,0,NULL,'1'),(523,59,11,0,NULL,'1'),(524,59,12,0,NULL,'1'),(525,59,13,0,NULL,'1'),(526,59,14,0,NULL,'1'),(527,59,15,0,NULL,'1'),(528,59,16,0,NULL,'1'),(529,59,17,0,NULL,'1'),(530,59,18,0,NULL,'1'),(531,60,1,0,NULL,'1'),(532,60,2,0,NULL,'1'),(533,60,3,0,NULL,'1'),(534,60,4,18750,NULL,'1'),(535,60,5,18750,NULL,'1'),(536,60,6,18750,NULL,'1'),(537,60,7,6250,NULL,'1'),(538,60,8,0,NULL,'1'),(539,60,9,0,NULL,'1'),(540,60,10,0,NULL,'1'),(541,60,11,0,NULL,'1'),(542,60,12,0,NULL,'1'),(543,60,13,0,NULL,'1'),(544,60,14,0,NULL,'1'),(545,60,15,0,NULL,'1'),(546,60,16,0,NULL,'1'),(547,60,17,0,NULL,'1'),(548,60,18,0,NULL,'1'),(549,61,1,0,NULL,'1'),(550,61,2,0,NULL,'1'),(551,61,3,0,NULL,'1'),(552,61,4,18750,NULL,'1'),(553,61,5,0,NULL,'1'),(554,61,6,0,NULL,'1'),(555,61,7,18750,NULL,'1'),(556,61,8,0,NULL,'1'),(557,61,9,0,NULL,'1'),(558,61,10,37500,NULL,'1'),(559,61,11,0,NULL,'1'),(560,61,12,0,NULL,'1'),(561,61,13,0,NULL,'1'),(562,61,14,0,NULL,'1'),(563,61,15,0,NULL,'1'),(564,61,16,0,NULL,'1'),(565,61,17,0,NULL,'1'),(566,61,18,0,NULL,'1'),(567,62,1,12500,NULL,'1'),(568,62,2,0,NULL,'1'),(569,62,3,0,NULL,'1'),(570,62,4,0,NULL,'1'),(571,62,5,0,NULL,'1'),(572,62,6,0,NULL,'1'),(573,62,7,0,NULL,'1'),(574,62,8,0,NULL,'1'),(575,62,9,0,NULL,'1'),(576,62,10,37500,NULL,'1'),(577,62,11,0,NULL,'1'),(578,62,12,0,NULL,'1'),(579,62,13,37500,NULL,'1'),(580,62,14,0,NULL,'1'),(581,62,15,0,NULL,'1'),(582,62,16,37500,NULL,'1'),(583,62,17,0,NULL,'1'),(584,62,18,0,NULL,'1'),(585,63,1,0,NULL,'1'),(586,63,2,75000,NULL,'1'),(587,63,3,0,NULL,'1'),(588,63,4,0,NULL,'1'),(589,63,5,0,NULL,'1'),(590,63,6,75000,NULL,'1'),(591,63,7,0,NULL,'1'),(592,63,8,0,NULL,'1'),(593,63,9,0,NULL,'1'),(594,63,10,0,NULL,'1'),(595,63,11,0,NULL,'1'),(596,63,12,0,NULL,'1'),(597,63,13,150000,NULL,'1'),(598,63,14,0,NULL,'1'),(599,63,15,0,NULL,'1'),(600,63,16,0,NULL,'1'),(601,63,17,0,NULL,'1'),(602,63,18,0,NULL,'1'),(603,64,1,0,NULL,'1'),(604,64,2,0,NULL,'1'),(605,64,3,0,NULL,'1'),(606,64,4,0,NULL,'1'),(607,64,5,0,NULL,'1'),(608,64,6,0,NULL,'1'),(609,64,7,0,NULL,'1'),(610,64,8,37500,NULL,'1'),(611,64,9,0,NULL,'1'),(612,64,10,37500,NULL,'1'),(613,64,11,0,NULL,'1'),(614,64,12,0,NULL,'1'),(615,64,13,0,NULL,'1'),(616,64,14,0,NULL,'1'),(617,64,15,0,NULL,'1'),(618,64,16,0,NULL,'1'),(619,64,17,0,NULL,'1'),(620,64,18,0,NULL,'1'),(621,65,1,0,NULL,'1'),(622,65,2,0,NULL,'1'),(623,65,3,0,NULL,'1'),(624,65,4,0,NULL,'1'),(625,65,5,0,NULL,'1'),(626,65,6,0,NULL,'1'),(627,65,7,0,NULL,'1'),(628,65,8,0,NULL,'1'),(629,65,9,0,NULL,'1'),(630,65,10,0,NULL,'1'),(631,65,11,0,NULL,'1'),(632,65,12,0,NULL,'1'),(633,65,13,22500,NULL,'1'),(634,65,14,22500,NULL,'1'),(635,65,15,0,NULL,'1'),(636,65,16,22500,NULL,'1'),(637,65,17,7500,NULL,'1'),(638,65,18,0,NULL,'1'),(639,66,1,0,NULL,'1'),(640,66,2,0,NULL,'1'),(641,66,3,31250,NULL,'1'),(642,66,4,0,NULL,'1'),(643,66,5,0,NULL,'1'),(644,66,6,0,NULL,'1'),(645,66,7,0,NULL,'1'),(646,66,8,0,NULL,'1'),(647,66,9,0,NULL,'1'),(648,66,10,0,NULL,'1'),(649,66,11,0,NULL,'1'),(650,66,12,0,NULL,'1'),(651,66,13,0,NULL,'1'),(652,66,14,0,NULL,'1'),(653,66,15,0,NULL,'1'),(654,66,16,0,NULL,'1'),(655,66,17,0,NULL,'1'),(656,66,18,31250,NULL,'1'),(657,67,1,0,NULL,'1'),(658,67,2,60000,NULL,'1'),(659,67,3,0,NULL,'1'),(660,67,4,60000,NULL,'1'),(661,67,5,0,NULL,'1'),(662,67,6,180000,NULL,'1'),(663,67,7,0,NULL,'1'),(664,67,8,0,NULL,'1'),(665,67,9,0,NULL,'1'),(666,67,10,0,NULL,'1'),(667,67,11,0,NULL,'1'),(668,67,12,0,NULL,'1'),(669,67,13,0,NULL,'1'),(670,67,14,0,NULL,'1'),(671,67,15,0,NULL,'1'),(672,67,16,0,NULL,'1'),(673,67,17,0,NULL,'1'),(674,67,18,0,NULL,'1'),(675,68,1,18750,NULL,'1'),(676,68,2,18750,NULL,'1'),(677,68,3,18750,NULL,'1'),(678,68,4,18750,NULL,'1'),(679,68,5,0,NULL,'1'),(680,68,6,0,NULL,'1'),(681,68,7,0,NULL,'1'),(682,68,8,0,NULL,'1'),(683,68,9,0,NULL,'1'),(684,68,10,0,NULL,'1'),(685,68,11,0,NULL,'1'),(686,68,12,0,NULL,'1'),(687,68,13,0,NULL,'1'),(688,68,14,0,NULL,'1'),(689,68,15,0,NULL,'1'),(690,68,16,0,NULL,'1'),(691,68,17,0,NULL,'1'),(692,68,18,0,NULL,'1'),(693,69,1,0,NULL,'1'),(694,69,2,0,NULL,'1'),(695,69,3,0,NULL,'1'),(696,69,4,0,NULL,'1'),(697,69,5,0,NULL,'1'),(698,69,6,0,NULL,'1'),(699,69,7,0,NULL,'1'),(700,69,8,0,NULL,'1'),(701,69,9,0,NULL,'1'),(702,69,10,75000,NULL,'1'),(703,69,11,0,NULL,'1'),(704,69,12,0,NULL,'1'),(705,69,13,50000,NULL,'1'),(706,69,14,0,NULL,'1'),(707,69,15,0,NULL,'1'),(708,69,16,0,NULL,'1'),(709,69,17,0,NULL,'1'),(710,69,18,0,NULL,'1'),(711,70,1,0,NULL,'1'),(712,70,2,0,NULL,'1'),(713,70,3,0,NULL,'1'),(714,70,4,0,NULL,'1'),(715,70,5,0,NULL,'1'),(716,70,6,0,NULL,'1'),(717,70,7,0,NULL,'1'),(718,70,8,0,NULL,'1'),(719,70,9,30000,NULL,'1'),(720,70,10,0,NULL,'1'),(721,70,11,30000,NULL,'1'),(722,70,12,0,NULL,'1'),(723,70,13,30000,NULL,'1'),(724,70,14,0,NULL,'1'),(725,70,15,30000,NULL,'1'),(726,70,16,0,NULL,'1'),(727,70,17,30000,NULL,'1'),(728,70,18,0,NULL,'1'),(729,71,1,0,NULL,'1'),(730,71,2,0,NULL,'1'),(731,71,3,0,NULL,'1'),(732,71,4,25000,NULL,'1'),(733,71,5,0,NULL,'1'),(734,71,6,0,NULL,'1'),(735,71,7,37500,NULL,'1'),(736,71,8,0,NULL,'1'),(737,71,9,0,NULL,'1'),(738,71,10,0,NULL,'1'),(739,71,11,0,NULL,'1'),(740,71,12,0,NULL,'1'),(741,71,13,0,NULL,'1'),(742,71,14,0,NULL,'1'),(743,71,15,0,NULL,'1'),(744,71,16,25000,NULL,'1'),(745,71,17,0,NULL,'1'),(746,71,18,37500,NULL,'1'),(747,72,1,0,NULL,'1'),(748,72,2,0,NULL,'1'),(749,72,3,0,NULL,'1'),(750,72,4,0,NULL,'1'),(751,72,5,0,NULL,'1'),(752,72,6,0,NULL,'1'),(753,72,7,0,NULL,'1'),(754,72,8,62500,NULL,'1'),(755,72,9,0,NULL,'1'),(756,72,10,62500,NULL,'1'),(757,72,11,0,NULL,'1'),(758,72,12,0,NULL,'1'),(759,72,13,0,NULL,'1'),(760,72,14,0,NULL,'1'),(761,72,15,0,NULL,'1'),(762,72,16,0,NULL,'1'),(763,72,17,0,NULL,'1'),(764,72,18,0,NULL,'1'),(765,73,1,0,NULL,'1'),(766,73,2,0,NULL,'1'),(767,73,3,0,NULL,'1'),(768,73,4,0,NULL,'1'),(769,73,5,0,NULL,'1'),(770,73,6,0,NULL,'1'),(771,73,7,0,NULL,'1'),(772,73,8,0,NULL,'1'),(773,73,9,75000,NULL,'1'),(774,73,10,0,NULL,'1'),(775,73,11,50000,NULL,'1'),(776,73,12,0,NULL,'1'),(777,73,13,0,NULL,'1'),(778,73,14,0,NULL,'1'),(779,73,15,0,NULL,'1'),(780,73,16,0,NULL,'1'),(781,73,17,0,NULL,'1'),(782,73,18,0,NULL,'1'),(783,74,1,0,NULL,'1'),(784,74,2,0,NULL,'1'),(785,74,3,0,NULL,'1'),(786,74,4,75000,NULL,'1'),(787,74,5,0,NULL,'1'),(788,74,6,75000,NULL,'1'),(789,74,7,0,NULL,'1'),(790,74,8,0,NULL,'1'),(791,74,9,30000,NULL,'1'),(792,74,10,120000,NULL,'1'),(793,74,11,0,NULL,'1'),(794,74,12,0,NULL,'1'),(795,74,13,0,NULL,'1'),(796,74,14,0,NULL,'1'),(797,74,15,0,NULL,'1'),(798,74,16,0,NULL,'1'),(799,74,17,0,NULL,'1'),(800,74,18,0,NULL,'1'),(801,75,1,60000,NULL,'1'),(802,75,2,0,NULL,'1'),(803,75,3,60000,NULL,'1'),(804,75,4,0,NULL,'1'),(805,75,5,0,NULL,'1'),(806,75,6,180000,NULL,'1'),(807,75,7,0,NULL,'1'),(808,75,8,0,NULL,'1'),(809,75,9,0,NULL,'1'),(810,75,10,0,NULL,'1'),(811,75,11,0,NULL,'1'),(812,75,12,0,NULL,'1'),(813,75,13,0,NULL,'1'),(814,75,14,0,NULL,'1'),(815,75,15,0,NULL,'1'),(816,75,16,0,NULL,'1'),(817,75,17,0,NULL,'1'),(818,75,18,0,NULL,'1'),(819,76,1,0,NULL,'1'),(820,76,2,18750,NULL,'1'),(821,76,3,0,NULL,'1'),(822,76,4,18750,NULL,'1'),(823,76,5,0,NULL,'1'),(824,76,6,6250,NULL,'1'),(825,76,7,0,NULL,'1'),(826,76,8,0,NULL,'1'),(827,76,9,18750,NULL,'1'),(828,76,10,0,NULL,'1'),(829,76,11,0,NULL,'1'),(830,76,12,0,NULL,'1'),(831,76,13,0,NULL,'1'),(832,76,14,0,NULL,'1'),(833,76,15,0,NULL,'1'),(834,76,16,0,NULL,'1'),(835,76,17,0,NULL,'1'),(836,76,18,0,NULL,'1'),(837,77,1,0,NULL,'1'),(838,77,2,0,NULL,'1'),(839,77,3,0,NULL,'1'),(840,77,4,0,NULL,'1'),(841,77,5,0,NULL,'1'),(842,77,6,0,NULL,'1'),(843,77,7,0,NULL,'1'),(844,77,8,62500,NULL,'1'),(845,77,9,0,NULL,'1'),(846,77,10,62500,NULL,'1'),(847,77,11,62500,NULL,'1'),(848,77,12,0,NULL,'1'),(849,77,13,0,NULL,'1'),(850,77,14,0,NULL,'1'),(851,77,15,62500,NULL,'1'),(852,77,16,0,NULL,'1'),(853,77,17,0,NULL,'1'),(854,77,18,0,NULL,'1'),(855,78,1,90000,NULL,'1'),(856,78,2,0,NULL,'1'),(857,78,3,60000,NULL,'1'),(858,78,4,0,NULL,'1'),(859,78,5,0,NULL,'1'),(860,78,6,0,NULL,'1'),(861,78,7,0,NULL,'1'),(862,78,8,0,NULL,'1'),(863,78,9,0,NULL,'1'),(864,78,10,0,NULL,'1'),(865,78,11,0,NULL,'1'),(866,78,12,0,NULL,'1'),(867,78,13,0,NULL,'1'),(868,78,14,0,NULL,'1'),(869,78,15,0,NULL,'1'),(870,78,16,0,NULL,'1'),(871,78,17,0,NULL,'1'),(872,78,18,0,NULL,'1'),(873,79,1,18750,NULL,'1'),(874,79,2,0,NULL,'1'),(875,79,3,18750,NULL,'1'),(876,79,4,0,NULL,'1'),(877,79,5,0,NULL,'1'),(878,79,6,0,NULL,'1'),(879,79,7,0,NULL,'1'),(880,79,8,0,NULL,'1'),(881,79,9,37500,NULL,'1'),(882,79,10,0,NULL,'1'),(883,79,11,0,NULL,'1'),(884,79,12,0,NULL,'1'),(885,79,13,0,NULL,'1'),(886,79,14,0,NULL,'1'),(887,79,15,0,NULL,'1'),(888,79,16,0,NULL,'1'),(889,79,17,0,NULL,'1'),(890,79,18,0,NULL,'1'),(891,80,1,0,NULL,'1'),(892,80,2,0,NULL,'1'),(893,80,3,0,NULL,'1'),(894,80,4,0,NULL,'1'),(895,80,5,0,NULL,'1'),(896,80,6,0,NULL,'1'),(897,80,7,0,NULL,'1'),(898,80,8,0,NULL,'1'),(899,80,9,0,NULL,'1'),(900,80,10,150000,NULL,'1'),(901,80,11,0,NULL,'1'),(902,80,12,0,NULL,'1'),(903,80,13,0,NULL,'1'),(904,80,14,0,NULL,'1'),(905,80,15,0,NULL,'1'),(906,80,16,0,NULL,'1'),(907,80,17,50000,NULL,'1'),(908,80,18,50000,NULL,'1'),(909,81,1,0,NULL,'1'),(910,81,2,0,NULL,'1'),(911,81,3,0,NULL,'1'),(912,81,4,0,NULL,'1'),(913,81,5,0,NULL,'1'),(914,81,6,0,NULL,'1'),(915,81,7,0,NULL,'1'),(916,81,8,0,NULL,'1'),(917,81,9,0,NULL,'1'),(918,81,10,12500,NULL,'1'),(919,81,11,0,NULL,'1'),(920,81,12,0,NULL,'1'),(921,81,13,25000,NULL,'1'),(922,81,14,0,NULL,'1'),(923,81,15,25000,NULL,'1'),(924,81,16,0,NULL,'1'),(925,81,17,62500,NULL,'1'),(926,81,18,0,NULL,'1'),(927,82,6,10000000,NULL,'1'),(928,83,1,0,NULL,'1'),(929,83,2,15000,NULL,'1'),(930,83,3,0,NULL,'1'),(931,83,4,15000,NULL,'1'),(932,83,5,0,NULL,'1'),(933,83,6,20000,NULL,'1'),(934,83,7,0,NULL,'1'),(935,83,8,0,NULL,'1'),(936,83,9,0,NULL,'1'),(937,83,10,0,NULL,'1'),(938,83,11,0,NULL,'1'),(939,83,12,0,NULL,'1'),(940,83,13,0,NULL,'1'),(941,83,14,0,NULL,'1'),(942,83,15,0,NULL,'1'),(943,83,16,0,NULL,'1'),(944,83,17,0,NULL,'1'),(945,83,18,0,NULL,'1'),(946,84,1,0,NULL,'1'),(947,84,2,0,NULL,'1'),(948,84,3,0,NULL,'1'),(949,84,4,21875,NULL,'1'),(950,84,5,0,NULL,'1'),(951,84,6,12500,NULL,'1'),(952,84,7,6250,NULL,'1'),(953,84,8,0,NULL,'1'),(954,84,9,0,NULL,'1'),(955,84,10,21875,NULL,'1'),(956,84,11,0,NULL,'1'),(957,84,12,0,NULL,'1'),(958,84,13,0,NULL,'1'),(959,84,14,0,NULL,'1'),(960,84,15,0,NULL,'1'),(961,84,16,0,NULL,'1'),(962,84,17,0,NULL,'1'),(963,84,18,0,NULL,'1'),(964,86,1,0,NULL,'1'),(965,86,2,0,NULL,'1'),(966,86,3,15000,NULL,'1'),(967,86,4,0,NULL,'1'),(968,86,5,0,NULL,'1'),(969,86,6,15000,NULL,'1'),(970,86,7,0,NULL,'1'),(971,86,8,45000,NULL,'1'),(972,86,9,0,NULL,'1'),(973,86,10,0,NULL,'1'),(974,86,11,0,NULL,'1'),(975,86,12,0,NULL,'1'),(976,86,13,0,NULL,'1'),(977,86,14,0,NULL,'1'),(978,86,15,0,NULL,'1'),(979,86,16,0,NULL,'1'),(980,86,17,0,NULL,'1'),(981,86,18,0,NULL,'1'),(982,87,1,0,NULL,'1'),(983,87,2,0,NULL,'1'),(984,87,3,25000,NULL,'1'),(985,87,4,0,NULL,'1'),(986,87,5,0,NULL,'1'),(987,87,6,0,NULL,'1'),(988,87,7,0,NULL,'1'),(989,87,8,0,NULL,'1'),(990,87,9,0,NULL,'1'),(991,87,10,0,NULL,'1'),(992,87,11,0,NULL,'1'),(993,87,12,0,NULL,'1'),(994,87,13,150000,NULL,'1'),(995,87,14,0,NULL,'1'),(996,87,15,0,NULL,'1'),(997,87,16,0,NULL,'1'),(998,87,17,25000,NULL,'1'),(999,87,18,50000,NULL,'1'),(1000,88,1,10000,NULL,'1'),(1001,88,2,0,NULL,'1'),(1002,88,3,20000,NULL,'1'),(1003,88,4,0,NULL,'1'),(1004,88,5,12500,NULL,'1'),(1005,88,6,7500,NULL,'1'),(1006,88,7,0,NULL,'1'),(1007,88,8,0,NULL,'1'),(1008,88,9,0,NULL,'1'),(1009,88,10,0,NULL,'1'),(1010,88,11,0,NULL,'1'),(1011,88,12,0,NULL,'1'),(1012,88,13,0,NULL,'1'),(1013,88,14,0,NULL,'1'),(1014,88,15,0,NULL,'1'),(1015,88,16,0,NULL,'1'),(1016,88,17,0,NULL,'1'),(1017,88,18,0,NULL,'1'),(1018,89,1,0,NULL,'1'),(1019,89,2,0,NULL,'1'),(1020,89,3,12500,NULL,'1'),(1021,89,4,0,NULL,'1'),(1022,89,5,0,NULL,'1'),(1023,89,6,0,NULL,'1'),(1024,89,7,0,NULL,'1'),(1025,89,8,0,NULL,'1'),(1026,89,9,0,NULL,'1'),(1027,89,10,12500,NULL,'1'),(1028,89,11,0,NULL,'1'),(1029,89,12,0,NULL,'1'),(1030,89,13,0,NULL,'1'),(1031,89,14,10000,NULL,'1'),(1032,89,15,0,NULL,'1'),(1033,89,16,0,NULL,'1'),(1034,89,17,15000,NULL,'1'),(1035,89,18,0,NULL,'1'),(1036,90,1,31250,NULL,'1'),(1037,90,2,0,NULL,'1'),(1038,90,3,0,NULL,'1'),(1039,90,4,31250,NULL,'1'),(1040,90,5,0,NULL,'1'),(1041,90,6,0,NULL,'1'),(1042,90,7,0,NULL,'1'),(1043,90,8,0,NULL,'1'),(1044,90,9,0,NULL,'1'),(1045,90,10,0,NULL,'1'),(1046,90,11,0,NULL,'1'),(1047,90,12,0,NULL,'1'),(1048,90,13,0,NULL,'1'),(1049,90,14,0,NULL,'1'),(1050,90,15,0,NULL,'1'),(1051,90,16,0,NULL,'1'),(1052,90,17,0,NULL,'1'),(1053,90,18,0,NULL,'1'),(1054,92,1,0,NULL,'1'),(1055,92,2,100000,NULL,'1'),(1056,92,3,0,NULL,'1'),(1057,92,4,80000,NULL,'1'),(1058,92,5,20000,NULL,'1'),(1059,92,6,0,NULL,'1'),(1060,92,7,0,NULL,'1'),(1061,92,8,0,NULL,'1'),(1062,92,9,0,NULL,'1'),(1063,92,10,0,NULL,'1'),(1064,92,11,0,NULL,'1'),(1065,92,12,0,NULL,'1'),(1066,92,13,0,NULL,'1'),(1067,92,14,0,NULL,'1'),(1068,92,15,0,NULL,'1'),(1069,92,16,0,NULL,'1'),(1070,92,17,0,NULL,'1'),(1071,92,18,0,NULL,'1'),(1072,93,13,10000000,NULL,'1'),(1073,96,1,45000,NULL,'1'),(1074,96,2,0,NULL,'1'),(1075,96,3,30000,NULL,'1'),(1076,96,4,0,NULL,'1'),(1077,96,5,0,NULL,'1'),(1078,96,6,37500,NULL,'1'),(1079,96,7,0,NULL,'1'),(1080,96,8,0,NULL,'1'),(1081,96,9,0,NULL,'1'),(1082,96,10,0,NULL,'1'),(1083,96,11,0,NULL,'1'),(1084,96,12,0,NULL,'1'),(1085,96,13,0,NULL,'1'),(1086,96,14,0,NULL,'1'),(1087,96,15,0,NULL,'1'),(1088,96,16,0,NULL,'1'),(1089,96,17,0,NULL,'1'),(1090,96,18,37500,NULL,'1'),(1091,97,1,0,NULL,'1'),(1092,97,2,0,NULL,'1'),(1093,97,3,0,NULL,'1'),(1094,97,4,200,NULL,'1'),(1095,97,5,0,NULL,'1'),(1096,97,6,0,NULL,'1'),(1097,97,7,0,NULL,'1'),(1098,97,8,0,NULL,'1'),(1099,97,9,0,NULL,'1'),(1100,97,10,0,NULL,'1'),(1101,97,11,150,NULL,'1'),(1102,97,12,150,NULL,'1'),(1103,97,13,0,NULL,'1'),(1104,97,14,0,NULL,'1'),(1105,97,15,0,NULL,'1'),(1106,97,16,0,NULL,'1'),(1107,97,17,0,NULL,'1'),(1108,97,18,0,NULL,'1'),(1109,98,1,150,NULL,'1'),(1110,98,2,0,NULL,'1'),(1111,98,3,100,NULL,'1'),(1112,98,4,0,NULL,'1'),(1113,98,5,0,NULL,'1'),(1114,98,6,125,NULL,'1'),(1115,98,7,0,NULL,'1'),(1116,98,8,0,NULL,'1'),(1117,98,9,0,NULL,'1'),(1118,98,10,0,NULL,'1'),(1119,98,11,0,NULL,'1'),(1120,98,12,0,NULL,'1'),(1121,98,13,0,NULL,'1'),(1122,98,14,0,NULL,'1'),(1123,98,15,0,NULL,'1'),(1124,98,16,0,NULL,'1'),(1125,98,17,0,NULL,'1'),(1126,98,18,125,NULL,'1'),(1127,99,1,0,NULL,'1'),(1128,99,2,0,NULL,'1'),(1129,99,3,0,NULL,'1'),(1130,99,4,250,NULL,'1'),(1131,99,5,0,NULL,'1'),(1132,99,6,250,NULL,'1'),(1133,99,7,0,NULL,'1'),(1134,99,8,0,NULL,'1'),(1135,99,9,100,NULL,'1'),(1136,99,10,400,NULL,'1'),(1137,99,11,0,NULL,'1'),(1138,99,12,0,NULL,'1'),(1139,99,13,0,NULL,'1'),(1140,99,14,0,NULL,'1'),(1141,99,15,0,NULL,'1'),(1142,99,16,0,NULL,'1'),(1143,99,17,0,NULL,'1'),(1144,99,18,0,NULL,'1'),(1145,100,1,188,NULL,'1'),(1146,100,2,0,NULL,'1'),(1147,100,3,188,NULL,'1'),(1148,100,4,0,NULL,'1'),(1149,100,5,188,NULL,'1'),(1150,100,6,0,NULL,'1'),(1151,100,7,188,NULL,'1'),(1152,100,8,0,NULL,'1'),(1153,100,9,0,NULL,'1'),(1154,100,10,0,NULL,'1'),(1155,100,11,0,NULL,'1'),(1156,100,12,0,NULL,'1'),(1157,100,13,0,NULL,'1'),(1158,100,14,0,NULL,'1'),(1159,100,15,0,NULL,'1'),(1160,100,16,0,NULL,'1'),(1161,100,17,0,NULL,'1'),(1162,100,18,0,NULL,'1'),(1163,101,1,0,NULL,'1'),(1164,101,2,500,NULL,'1'),(1165,101,3,0,NULL,'1'),(1166,101,4,0,NULL,'1'),(1167,101,5,0,NULL,'1'),(1168,101,6,500,NULL,'1'),(1169,101,7,0,NULL,'1'),(1170,101,8,0,NULL,'1'),(1171,101,9,0,NULL,'1'),(1172,101,10,0,NULL,'1'),(1173,101,11,0,NULL,'1'),(1174,101,12,0,NULL,'1'),(1175,101,13,1000,NULL,'1'),(1176,101,14,0,NULL,'1'),(1177,101,15,0,NULL,'1'),(1178,101,16,0,NULL,'1'),(1179,101,17,0,NULL,'1'),(1180,101,18,0,NULL,'1'),(1181,102,1,0,NULL,'1'),(1182,102,2,0,NULL,'1'),(1183,102,3,0,NULL,'1'),(1184,102,4,0,NULL,'1'),(1185,102,5,0,NULL,'1'),(1186,102,6,37500,NULL,'1'),(1187,102,7,0,NULL,'1'),(1188,102,8,0,NULL,'1'),(1189,102,9,0,NULL,'1'),(1190,102,10,0,NULL,'1'),(1191,102,11,22500,NULL,'1'),(1192,102,12,0,NULL,'1'),(1193,102,13,0,NULL,'1'),(1194,102,14,45000,NULL,'1'),(1195,102,15,0,NULL,'1'),(1196,102,16,0,NULL,'1'),(1197,102,17,0,NULL,'1'),(1198,102,18,45000,NULL,'1'),(1199,103,1,0,NULL,'1'),(1200,103,2,0,NULL,'1'),(1201,103,3,0,NULL,'1'),(1202,103,4,0,NULL,'1'),(1203,103,5,0,NULL,'1'),(1204,103,6,0,NULL,'1'),(1205,103,7,0,NULL,'1'),(1206,103,8,0,NULL,'1'),(1207,103,9,90000,NULL,'1'),(1208,103,10,180000,NULL,'1'),(1209,103,11,0,NULL,'1'),(1210,103,12,0,NULL,'1'),(1211,103,13,0,NULL,'1'),(1212,103,14,0,NULL,'1'),(1213,103,15,0,NULL,'1'),(1214,103,16,0,NULL,'1'),(1215,103,17,0,NULL,'1'),(1216,103,18,30000,NULL,'1'),(1217,104,1,0,NULL,'1'),(1218,104,2,30000,NULL,'1'),(1219,104,3,0,NULL,'1'),(1220,104,4,0,NULL,'1'),(1221,104,5,0,NULL,'1'),(1222,104,6,0,NULL,'1'),(1223,104,7,0,NULL,'1'),(1224,104,8,0,NULL,'1'),(1225,104,9,0,NULL,'1'),(1226,104,10,30000,NULL,'1'),(1227,104,11,0,NULL,'1'),(1228,104,12,20000,NULL,'1'),(1229,104,13,0,NULL,'1'),(1230,104,14,20000,NULL,'1'),(1231,104,15,0,NULL,'1'),(1232,104,16,0,NULL,'1'),(1233,104,17,0,NULL,'1'),(1234,104,18,0,NULL,'1'),(1235,105,1,0,NULL,'1'),(1236,105,2,0,NULL,'1'),(1237,105,3,0,NULL,'1'),(1238,105,4,0,NULL,'1'),(1239,105,5,0,NULL,'1'),(1240,105,6,0,NULL,'1'),(1241,105,7,0,NULL,'1'),(1242,105,8,0,NULL,'1'),(1243,105,9,0,NULL,'1'),(1244,105,10,37500,NULL,'1'),(1245,105,11,18750,NULL,'1'),(1246,105,12,0,NULL,'1'),(1247,105,13,0,NULL,'1'),(1248,105,14,0,NULL,'1'),(1249,105,15,0,NULL,'1'),(1250,105,16,0,NULL,'1'),(1251,105,17,0,NULL,'1'),(1252,105,18,18750,NULL,'1'),(1253,106,1,0,NULL,'1'),(1254,106,2,0,NULL,'1'),(1255,106,3,43750,NULL,'1'),(1256,106,4,0,NULL,'1'),(1257,106,5,52500,NULL,'1'),(1258,106,6,0,NULL,'1'),(1259,106,7,35000,NULL,'1'),(1260,106,8,0,NULL,'1'),(1261,106,9,0,NULL,'1'),(1262,106,10,43750,NULL,'1'),(1263,106,11,0,NULL,'1'),(1264,106,12,0,NULL,'1'),(1265,106,13,0,NULL,'1'),(1266,106,14,0,NULL,'1'),(1267,106,15,0,NULL,'1'),(1268,106,16,0,NULL,'1'),(1269,106,17,0,NULL,'1'),(1270,106,18,0,NULL,'1'),(1271,107,1,0,NULL,'1'),(1272,107,2,0,NULL,'1'),(1273,107,3,43750,NULL,'1'),(1274,107,4,0,NULL,'1'),(1275,107,5,52500,NULL,'1'),(1276,107,6,0,NULL,'1'),(1277,107,7,35000,NULL,'1'),(1278,107,8,0,NULL,'1'),(1279,107,9,0,NULL,'1'),(1280,107,10,43750,NULL,'1'),(1281,107,11,0,NULL,'1'),(1282,107,12,0,NULL,'1'),(1283,107,13,0,NULL,'1'),(1284,107,14,0,NULL,'1'),(1285,107,15,0,NULL,'1'),(1286,107,16,0,NULL,'1'),(1287,107,17,0,NULL,'1'),(1288,107,18,0,NULL,'1'),(1289,108,1,0,NULL,'1'),(1290,108,2,0,NULL,'1'),(1291,108,3,0,NULL,'1'),(1292,108,4,0,NULL,'1'),(1293,108,5,0,NULL,'1'),(1294,108,6,0,NULL,'1'),(1295,108,7,0,NULL,'1'),(1296,108,8,37500,NULL,'1'),(1297,108,9,0,NULL,'1'),(1298,108,10,0,NULL,'1'),(1299,108,11,37500,NULL,'1'),(1300,108,12,0,NULL,'1'),(1301,108,13,0,NULL,'1'),(1302,108,14,37500,NULL,'1'),(1303,108,15,0,NULL,'1'),(1304,108,16,0,NULL,'1'),(1305,108,17,0,NULL,'1'),(1306,108,18,12500,NULL,'1'),(1307,109,1,15625,NULL,'1'),(1308,109,2,0,NULL,'1'),(1309,109,3,15625,NULL,'1'),(1310,109,4,0,NULL,'1'),(1311,109,5,15625,NULL,'1'),(1312,109,6,0,NULL,'1'),(1313,109,7,15625,NULL,'1'),(1314,109,8,0,NULL,'1'),(1315,109,9,0,NULL,'1'),(1316,109,10,0,NULL,'1'),(1317,109,11,0,NULL,'1'),(1318,109,12,0,NULL,'1'),(1319,109,13,0,NULL,'1'),(1320,109,14,0,NULL,'1'),(1321,109,15,0,NULL,'1'),(1322,109,16,0,NULL,'1'),(1323,109,17,0,NULL,'1'),(1324,109,18,0,NULL,'1'),(1325,110,1,0,NULL,'1'),(1326,110,2,0,NULL,'1'),(1327,110,3,0,NULL,'1'),(1328,110,4,0,NULL,'1'),(1329,110,5,0,NULL,'1'),(1330,110,6,0,NULL,'1'),(1331,110,7,0,NULL,'1'),(1332,110,8,0,NULL,'1'),(1333,110,9,31250,NULL,'1'),(1334,110,10,31250,NULL,'1'),(1335,110,11,0,NULL,'1'),(1336,110,12,0,NULL,'1'),(1337,110,13,0,NULL,'1'),(1338,110,14,0,NULL,'1'),(1339,110,15,0,NULL,'1'),(1340,110,16,0,NULL,'1'),(1341,110,17,62500,NULL,'1'),(1342,110,18,0,NULL,'1'),(1343,111,1,0,NULL,'1'),(1344,111,2,0,NULL,'1'),(1345,111,3,12500,NULL,'1'),(1346,111,4,0,NULL,'1'),(1347,111,5,0,NULL,'1'),(1348,111,6,0,NULL,'1'),(1349,111,7,0,NULL,'1'),(1350,111,8,0,NULL,'1'),(1351,111,9,0,NULL,'1'),(1352,111,10,37500,NULL,'1'),(1353,111,11,0,NULL,'1'),(1354,111,12,0,NULL,'1'),(1355,111,13,0,NULL,'1'),(1356,111,14,0,NULL,'1'),(1357,111,15,0,NULL,'1'),(1358,111,16,0,NULL,'1'),(1359,111,17,12500,NULL,'1'),(1360,111,18,0,NULL,'1'),(1361,112,1,0,NULL,'1'),(1362,112,2,12500,NULL,'1'),(1363,112,3,18750,NULL,'1'),(1364,112,4,0,NULL,'1'),(1365,112,5,18750,NULL,'1'),(1366,112,6,0,NULL,'1'),(1367,112,7,0,NULL,'1'),(1368,112,8,0,NULL,'1'),(1369,112,9,0,NULL,'1'),(1370,112,10,0,NULL,'1'),(1371,112,11,0,NULL,'1'),(1372,112,12,0,NULL,'1'),(1373,112,13,6250,NULL,'1'),(1374,112,14,0,NULL,'1'),(1375,112,15,0,NULL,'1'),(1376,112,16,6250,NULL,'1'),(1377,112,17,0,NULL,'1'),(1378,112,18,0,NULL,'1'),(1379,113,1,0,NULL,'1'),(1380,113,2,0,NULL,'1'),(1381,113,3,0,NULL,'1'),(1382,113,4,0,NULL,'1'),(1383,113,5,0,NULL,'1'),(1384,113,6,0,NULL,'1'),(1385,113,7,0,NULL,'1'),(1386,113,8,0,NULL,'1'),(1387,113,9,18750,NULL,'1'),(1388,113,10,0,NULL,'1'),(1389,113,11,0,NULL,'1'),(1390,113,12,0,NULL,'1'),(1391,113,13,0,NULL,'1'),(1392,113,14,0,NULL,'1'),(1393,113,15,0,NULL,'1'),(1394,113,16,6250,NULL,'1'),(1395,113,17,18750,NULL,'1'),(1396,113,18,18750,NULL,'1'),(1397,114,1,0,NULL,'1'),(1398,114,2,0,NULL,'1'),(1399,114,3,0,NULL,'1'),(1400,114,4,0,NULL,'1'),(1401,114,5,0,NULL,'1'),(1402,114,6,0,NULL,'1'),(1403,114,7,0,NULL,'1'),(1404,114,8,20000,NULL,'1'),(1405,114,9,20000,NULL,'1'),(1406,114,10,20000,NULL,'1'),(1407,114,11,20000,NULL,'1'),(1408,114,12,20000,NULL,'1'),(1409,114,13,20000,NULL,'1'),(1410,114,14,20000,NULL,'1'),(1411,114,15,20000,NULL,'1'),(1412,114,16,20000,NULL,'1'),(1413,114,17,20000,NULL,'1'),(1414,114,18,0,NULL,'1'),(1415,115,1,0,NULL,'1'),(1416,115,2,0,NULL,'1'),(1417,115,3,31250,NULL,'1'),(1418,115,4,0,NULL,'1'),(1419,115,5,0,NULL,'1'),(1420,115,6,0,NULL,'1'),(1421,115,7,0,NULL,'1'),(1422,115,8,0,NULL,'1'),(1423,115,9,0,NULL,'1'),(1424,115,10,0,NULL,'1'),(1425,115,11,0,NULL,'1'),(1426,115,12,0,NULL,'1'),(1427,115,13,0,NULL,'1'),(1428,115,14,0,NULL,'1'),(1429,115,15,0,NULL,'1'),(1430,115,16,0,NULL,'1'),(1431,115,17,0,NULL,'1'),(1432,115,18,31250,NULL,'1'),(1433,116,1,0,NULL,'1'),(1434,116,2,45000,NULL,'1'),(1435,116,3,0,NULL,'1'),(1436,116,4,0,NULL,'1'),(1437,116,5,45000,NULL,'1'),(1438,116,6,0,NULL,'1'),(1439,116,7,0,NULL,'1'),(1440,116,8,0,NULL,'1'),(1441,116,9,0,NULL,'1'),(1442,116,10,0,NULL,'1'),(1443,116,11,45000,NULL,'1'),(1444,116,12,0,NULL,'1'),(1445,116,13,0,NULL,'1'),(1446,116,14,0,NULL,'1'),(1447,116,15,0,NULL,'1'),(1448,116,16,0,NULL,'1'),(1449,116,17,0,NULL,'1'),(1450,116,18,15000,NULL,'1'),(1451,117,1,0,NULL,'1'),(1452,117,2,12500,NULL,'1'),(1453,117,3,0,NULL,'1'),(1454,117,4,12500,NULL,'1'),(1455,117,5,0,NULL,'1'),(1456,117,6,0,NULL,'1'),(1457,117,7,12500,NULL,'1'),(1458,117,8,0,NULL,'1'),(1459,117,9,0,NULL,'1'),(1460,117,10,0,NULL,'1'),(1461,117,11,0,NULL,'1'),(1462,117,12,0,NULL,'1'),(1463,117,13,0,NULL,'1'),(1464,117,14,12500,NULL,'1'),(1465,117,15,0,NULL,'1'),(1466,117,16,0,NULL,'1'),(1467,117,17,12500,NULL,'1'),(1468,117,18,0,NULL,'1'),(1469,118,1,0,NULL,'1'),(1470,118,2,0,NULL,'1'),(1471,118,3,0,NULL,'1'),(1472,118,4,0,NULL,'1'),(1473,118,5,0,NULL,'1'),(1474,118,6,0,NULL,'1'),(1475,118,7,0,NULL,'1'),(1476,118,8,18750,NULL,'1'),(1477,118,9,0,NULL,'1'),(1478,118,10,0,NULL,'1'),(1479,118,11,18750,NULL,'1'),(1480,118,12,0,NULL,'1'),(1481,118,13,0,NULL,'1'),(1482,118,14,18750,NULL,'1'),(1483,118,15,0,NULL,'1'),(1484,118,16,0,NULL,'1'),(1485,118,17,18750,NULL,'1'),(1486,118,18,0,NULL,'1'),(1487,119,1,0,NULL,'1'),(1488,119,2,0,NULL,'1'),(1489,119,3,0,NULL,'1'),(1490,119,4,0,NULL,'1'),(1491,119,5,0,NULL,'1'),(1492,119,6,0,NULL,'1'),(1493,119,7,0,NULL,'1'),(1494,119,8,37500,NULL,'1'),(1495,119,9,0,NULL,'1'),(1496,119,10,37500,NULL,'1'),(1497,119,11,0,NULL,'1'),(1498,119,12,50000,NULL,'1'),(1499,119,13,0,NULL,'1'),(1500,119,14,0,NULL,'1'),(1501,119,15,0,NULL,'1'),(1502,119,16,0,NULL,'1'),(1503,119,17,0,NULL,'1'),(1504,119,18,0,NULL,'1'),(1505,120,18,95000,NULL,'1'),(1506,121,1,0,NULL,'1'),(1507,121,2,12500,NULL,'1'),(1508,121,3,0,NULL,'1'),(1509,121,4,0,NULL,'1'),(1510,121,5,50000,NULL,'1'),(1511,121,6,0,NULL,'1'),(1512,121,7,0,NULL,'1'),(1513,121,8,31250,NULL,'1'),(1514,121,9,0,NULL,'1'),(1515,121,10,0,NULL,'1'),(1516,121,11,31250,NULL,'1'),(1517,121,12,0,NULL,'1'),(1518,121,13,0,NULL,'1'),(1519,121,14,0,NULL,'1'),(1520,121,15,0,NULL,'1'),(1521,121,16,0,NULL,'1'),(1522,121,17,0,NULL,'1'),(1523,121,18,0,NULL,'1'),(1524,122,1,0,NULL,'1'),(1525,122,2,0,NULL,'1'),(1526,122,3,0,NULL,'1'),(1527,122,4,0,NULL,'1'),(1528,122,5,0,NULL,'1'),(1529,122,6,0,NULL,'1'),(1530,122,7,0,NULL,'1'),(1531,122,8,0,NULL,'1'),(1532,122,9,0,NULL,'1'),(1533,122,10,30000,NULL,'1'),(1534,122,11,0,NULL,'1'),(1535,122,12,0,NULL,'1'),(1536,122,13,45000,NULL,'1'),(1537,122,14,0,NULL,'1'),(1538,122,15,0,NULL,'1'),(1539,122,16,75000,NULL,'1'),(1540,122,17,0,NULL,'1'),(1541,122,18,0,NULL,'1'),(1542,123,17,180000,NULL,'1'),(1543,124,1,0,NULL,'1'),(1544,124,2,0,NULL,'1'),(1545,124,3,31250,NULL,'1'),(1546,124,4,0,NULL,'1'),(1547,124,5,62500,NULL,'1'),(1548,124,6,0,NULL,'1'),(1549,124,7,0,NULL,'1'),(1550,124,8,0,NULL,'1'),(1551,124,9,31250,NULL,'1'),(1552,124,10,0,NULL,'1'),(1553,124,11,0,NULL,'1'),(1554,124,12,0,NULL,'1'),(1555,124,13,0,NULL,'1'),(1556,124,14,0,NULL,'1'),(1557,124,15,0,NULL,'1'),(1558,124,16,0,NULL,'1'),(1559,124,17,0,NULL,'1'),(1560,124,18,0,NULL,'1'),(1561,125,11,460000,NULL,'1'),(1562,129,18,240000,NULL,'1'),(1563,131,5,370000,NULL,'1'),(1564,132,1,0,NULL,'1'),(1565,132,2,0,NULL,'1'),(1566,132,3,0,NULL,'1'),(1567,132,4,31250,NULL,'1'),(1568,132,5,0,NULL,'1'),(1569,132,6,62500,NULL,'1'),(1570,132,7,0,NULL,'1'),(1571,132,8,31250,NULL,'1'),(1572,132,9,0,NULL,'1'),(1573,132,10,0,NULL,'1'),(1574,132,11,0,NULL,'1'),(1575,132,12,0,NULL,'1'),(1576,132,13,0,NULL,'1'),(1577,132,14,0,NULL,'1'),(1578,132,15,0,NULL,'1'),(1579,132,16,0,NULL,'1'),(1580,132,17,0,NULL,'1'),(1581,132,18,0,NULL,'1'),(1582,133,1,45000,NULL,'1'),(1583,133,2,15000,NULL,'1'),(1584,133,3,15000,NULL,'1'),(1585,133,4,0,NULL,'1'),(1586,133,5,0,NULL,'1'),(1587,133,6,0,NULL,'1'),(1588,133,7,0,NULL,'1'),(1589,133,8,0,NULL,'1'),(1590,133,9,0,NULL,'1'),(1591,133,10,0,NULL,'1'),(1592,133,11,0,NULL,'1'),(1593,133,12,0,NULL,'1'),(1594,133,13,0,NULL,'1'),(1595,133,14,0,NULL,'1'),(1596,133,15,0,NULL,'1'),(1597,133,16,0,NULL,'1'),(1598,133,17,0,NULL,'1'),(1599,133,18,0,NULL,'1'),(1600,134,1,0,NULL,'1'),(1601,134,2,0,NULL,'1'),(1602,134,3,0,NULL,'1'),(1603,134,4,18750,NULL,'1'),(1604,134,5,18750,NULL,'1'),(1605,134,6,18750,NULL,'1'),(1606,134,7,6250,NULL,'1'),(1607,134,8,0,NULL,'1'),(1608,134,9,0,NULL,'1'),(1609,134,10,0,NULL,'1'),(1610,134,11,0,NULL,'1'),(1611,134,12,0,NULL,'1'),(1612,134,13,0,NULL,'1'),(1613,134,14,0,NULL,'1'),(1614,134,15,0,NULL,'1'),(1615,134,16,0,NULL,'1'),(1616,134,17,0,NULL,'1'),(1617,134,18,0,NULL,'1'),(1618,135,1,0,NULL,'1'),(1619,135,2,0,NULL,'1'),(1620,135,3,0,NULL,'1'),(1621,135,4,18750,NULL,'1'),(1622,135,5,0,NULL,'1'),(1623,135,6,0,NULL,'1'),(1624,135,7,18750,NULL,'1'),(1625,135,8,0,NULL,'1'),(1626,135,9,0,NULL,'1'),(1627,135,10,37500,NULL,'1'),(1628,135,11,0,NULL,'1'),(1629,135,12,0,NULL,'1'),(1630,135,13,0,NULL,'1'),(1631,135,14,0,NULL,'1'),(1632,135,15,0,NULL,'1'),(1633,135,16,0,NULL,'1'),(1634,135,17,0,NULL,'1'),(1635,135,18,0,NULL,'1'),(1636,136,1,0,NULL,'1'),(1637,136,2,0,NULL,'1'),(1638,136,3,0,NULL,'1'),(1639,136,4,0,NULL,'1'),(1640,136,5,0,NULL,'1'),(1641,136,6,0,NULL,'1'),(1642,136,7,0,NULL,'1'),(1643,136,8,37500,NULL,'1'),(1644,136,9,0,NULL,'1'),(1645,136,10,37500,NULL,'1'),(1646,136,11,0,NULL,'1'),(1647,136,12,0,NULL,'1'),(1648,136,13,0,NULL,'1'),(1649,136,14,0,NULL,'1'),(1650,136,15,0,NULL,'1'),(1651,136,16,0,NULL,'1'),(1652,136,17,0,NULL,'1'),(1653,136,18,0,NULL,'1'),(1654,137,1,0,NULL,'1'),(1655,137,2,0,NULL,'1'),(1656,137,3,0,NULL,'1'),(1657,137,4,0,NULL,'1'),(1658,137,5,0,NULL,'1'),(1659,137,6,0,NULL,'1'),(1660,137,7,0,NULL,'1'),(1661,137,8,0,NULL,'1'),(1662,137,9,0,NULL,'1'),(1663,137,10,0,NULL,'1'),(1664,137,11,0,NULL,'1'),(1665,137,12,0,NULL,'1'),(1666,137,13,22500,NULL,'1'),(1667,137,14,22500,NULL,'1'),(1668,137,15,0,NULL,'1'),(1669,137,16,22500,NULL,'1'),(1670,137,17,7500,NULL,'1'),(1671,137,18,0,NULL,'1'),(1672,138,1,0,NULL,'1'),(1673,138,2,60000,NULL,'1'),(1674,138,3,0,NULL,'1'),(1675,138,4,60000,NULL,'1'),(1676,138,5,0,NULL,'1'),(1677,138,6,180000,NULL,'1'),(1678,138,7,0,NULL,'1'),(1679,138,8,0,NULL,'1'),(1680,138,9,0,NULL,'1'),(1681,138,10,0,NULL,'1'),(1682,138,11,0,NULL,'1'),(1683,138,12,0,NULL,'1'),(1684,138,13,0,NULL,'1'),(1685,138,14,0,NULL,'1'),(1686,138,15,0,NULL,'1'),(1687,138,16,0,NULL,'1'),(1688,138,17,0,NULL,'1'),(1689,138,18,0,NULL,'1'),(1690,139,4,450000,NULL,'1'),(1691,140,1,18750,NULL,'1'),(1692,140,2,18750,NULL,'1'),(1693,140,3,18750,NULL,'1'),(1694,140,4,18750,NULL,'1'),(1695,140,5,0,NULL,'1'),(1696,140,6,0,NULL,'1'),(1697,140,7,0,NULL,'1'),(1698,140,8,0,NULL,'1'),(1699,140,9,0,NULL,'1'),(1700,140,10,0,NULL,'1'),(1701,140,11,0,NULL,'1'),(1702,140,12,0,NULL,'1'),(1703,140,13,0,NULL,'1'),(1704,140,14,0,NULL,'1'),(1705,140,15,0,NULL,'1'),(1706,140,16,0,NULL,'1'),(1707,140,17,0,NULL,'1'),(1708,140,18,0,NULL,'1'),(1709,141,1,12500,NULL,'1'),(1710,141,2,0,NULL,'1'),(1711,141,3,0,NULL,'1'),(1712,141,4,0,NULL,'1'),(1713,141,5,0,NULL,'1'),(1714,141,6,0,NULL,'1'),(1715,141,7,0,NULL,'1'),(1716,141,8,0,NULL,'1'),(1717,141,9,0,NULL,'1'),(1718,141,10,37500,NULL,'1'),(1719,141,11,0,NULL,'1'),(1720,141,12,0,NULL,'1'),(1721,141,13,37500,NULL,'1'),(1722,141,14,0,NULL,'1'),(1723,141,15,0,NULL,'1'),(1724,141,16,37500,NULL,'1'),(1725,141,17,0,NULL,'1'),(1726,141,18,0,NULL,'1'),(1727,142,1,250,NULL,'1'),(1728,142,2,0,NULL,'1'),(1729,142,3,0,NULL,'1'),(1730,142,4,250,NULL,'1'),(1731,142,5,0,NULL,'1'),(1732,142,6,0,NULL,'1'),(1733,142,7,0,NULL,'1'),(1734,142,8,0,NULL,'1'),(1735,142,9,0,NULL,'1'),(1736,142,10,0,NULL,'1'),(1737,142,11,0,NULL,'1'),(1738,142,12,0,NULL,'1'),(1739,142,13,0,NULL,'1'),(1740,142,14,0,NULL,'1'),(1741,142,15,0,NULL,'1'),(1742,142,16,0,NULL,'1'),(1743,142,17,0,NULL,'1'),(1744,142,18,0,NULL,'1'),(1745,143,1,500,NULL,'1'),(1746,143,2,0,NULL,'1'),(1747,143,3,0,NULL,'1'),(1748,143,4,500,NULL,'1'),(1749,143,5,0,NULL,'1'),(1750,143,6,0,NULL,'1'),(1751,143,7,0,NULL,'1'),(1752,143,8,0,NULL,'1'),(1753,143,9,0,NULL,'1'),(1754,143,10,0,NULL,'1'),(1755,143,11,0,NULL,'1'),(1756,143,12,0,NULL,'1'),(1757,143,13,0,NULL,'1'),(1758,143,14,0,NULL,'1'),(1759,143,15,0,NULL,'1'),(1760,143,16,0,NULL,'1'),(1761,143,17,0,NULL,'1'),(1762,143,18,0,NULL,'1'),(1763,144,1,0,NULL,'1'),(1764,144,2,0,NULL,'1'),(1765,144,3,0,NULL,'1'),(1766,144,4,0,NULL,'1'),(1767,144,5,75,NULL,'1'),(1768,144,6,75,NULL,'1'),(1769,144,7,100,NULL,'1'),(1770,144,8,0,NULL,'1'),(1771,144,9,0,NULL,'1'),(1772,144,10,0,NULL,'1'),(1773,144,11,0,NULL,'1'),(1774,144,12,0,NULL,'1'),(1775,144,13,0,NULL,'1'),(1776,144,14,0,NULL,'1'),(1777,144,15,0,NULL,'1'),(1778,144,16,0,NULL,'1'),(1779,144,17,0,NULL,'1'),(1780,144,18,0,NULL,'1'),(1781,145,1,0,NULL,'1'),(1782,145,2,0,NULL,'1'),(1783,145,3,0,NULL,'1'),(1784,145,4,0,NULL,'1'),(1785,145,5,0,NULL,'1'),(1786,145,6,0,NULL,'1'),(1787,145,7,0,NULL,'1'),(1788,145,8,0,NULL,'1'),(1789,145,9,0,NULL,'1'),(1790,145,10,0,NULL,'1'),(1791,145,11,0,NULL,'1'),(1792,145,12,0,NULL,'1'),(1793,145,13,0,NULL,'1'),(1794,145,14,0,NULL,'1'),(1795,145,15,0,NULL,'1'),(1796,145,16,450,NULL,'1'),(1797,145,17,450,NULL,'1'),(1798,145,18,600,NULL,'1'),(1799,146,1,0,NULL,'1'),(1800,146,2,0,NULL,'1'),(1801,146,3,0,NULL,'1'),(1802,146,4,0,NULL,'1'),(1803,146,5,0,NULL,'1'),(1804,146,6,0,NULL,'1'),(1805,146,7,0,NULL,'1'),(1806,146,8,0,NULL,'1'),(1807,146,9,0,NULL,'1'),(1808,146,10,0,NULL,'1'),(1809,146,11,0,NULL,'1'),(1810,146,12,0,NULL,'1'),(1811,146,13,0,NULL,'1'),(1812,146,14,0,NULL,'1'),(1813,146,15,0,NULL,'1'),(1814,146,16,150,NULL,'1'),(1815,146,17,150,NULL,'1'),(1816,146,18,200,NULL,'1'),(1817,147,1,0,NULL,'1'),(1818,147,2,0,NULL,'1'),(1819,147,3,0,NULL,'1'),(1820,147,4,0,NULL,'1'),(1821,147,5,0,NULL,'1'),(1822,147,6,0,NULL,'1'),(1823,147,7,0,NULL,'1'),(1824,147,8,0,NULL,'1'),(1825,147,9,0,NULL,'1'),(1826,147,10,0,NULL,'1'),(1827,147,11,0,NULL,'1'),(1828,147,12,0,NULL,'1'),(1829,147,13,75,NULL,'1'),(1830,147,14,75,NULL,'1'),(1831,147,15,100,NULL,'1'),(1832,147,16,0,NULL,'1'),(1833,147,17,0,NULL,'1'),(1834,147,18,0,NULL,'1'),(1835,148,1,900,NULL,'1'),(1836,148,2,900,NULL,'1'),(1837,148,3,1200,NULL,'1'),(1838,148,4,0,NULL,'1'),(1839,148,5,0,NULL,'1'),(1840,148,6,0,NULL,'1'),(1841,148,7,0,NULL,'1'),(1842,148,8,0,NULL,'1'),(1843,148,9,0,NULL,'1'),(1844,148,10,0,NULL,'1'),(1845,148,11,0,NULL,'1'),(1846,148,12,0,NULL,'1'),(1847,148,13,0,NULL,'1'),(1848,148,14,0,NULL,'1'),(1849,148,15,0,NULL,'1'),(1850,148,16,0,NULL,'1'),(1851,148,17,0,NULL,'1'),(1852,148,18,0,NULL,'1'),(1853,149,1,0,NULL,'1'),(1854,149,2,0,NULL,'1'),(1855,149,3,0,NULL,'1'),(1856,149,4,800,NULL,'1'),(1857,149,5,0,NULL,'1'),(1858,149,6,0,NULL,'1'),(1859,149,7,0,NULL,'1'),(1860,149,8,0,NULL,'1'),(1861,149,9,0,NULL,'1'),(1862,149,10,0,NULL,'1'),(1863,149,11,600,NULL,'1'),(1864,149,12,600,NULL,'1'),(1865,149,13,0,NULL,'1'),(1866,149,14,0,NULL,'1'),(1867,149,15,0,NULL,'1'),(1868,149,16,0,NULL,'1'),(1869,149,17,0,NULL,'1'),(1870,149,18,0,NULL,'1'),(1871,150,1,0,NULL,'1'),(1872,150,2,0,NULL,'1'),(1873,150,3,0,NULL,'1'),(1874,150,4,800,NULL,'1'),(1875,150,5,0,NULL,'1'),(1876,150,6,0,NULL,'1'),(1877,150,7,0,NULL,'1'),(1878,150,8,0,NULL,'1'),(1879,150,9,0,NULL,'1'),(1880,150,10,0,NULL,'1'),(1881,150,11,600,NULL,'1'),(1882,150,12,600,NULL,'1'),(1883,150,13,0,NULL,'1'),(1884,150,14,0,NULL,'1'),(1885,150,15,0,NULL,'1'),(1886,150,16,0,NULL,'1'),(1887,150,17,0,NULL,'1'),(1888,150,18,0,NULL,'1'),(1889,151,1,0,NULL,'1'),(1890,151,2,0,NULL,'1'),(1891,151,3,0,NULL,'1'),(1892,151,4,0,NULL,'1'),(1893,151,5,0,NULL,'1'),(1894,151,6,0,NULL,'1'),(1895,151,7,0,NULL,'1'),(1896,151,8,0,NULL,'1'),(1897,151,9,0,NULL,'1'),(1898,151,10,0,NULL,'1'),(1899,151,11,0,NULL,'1'),(1900,151,12,0,NULL,'1'),(1901,151,13,300,NULL,'1'),(1902,151,14,300,NULL,'1'),(1903,151,15,400,NULL,'1'),(1904,151,16,0,NULL,'1'),(1905,151,17,0,NULL,'1'),(1906,151,18,0,NULL,'1'),(1907,152,1,0,NULL,'1'),(1908,152,2,0,NULL,'1'),(1909,152,3,0,NULL,'1'),(1910,152,4,0,NULL,'1'),(1911,152,5,0,NULL,'1'),(1912,152,6,0,NULL,'1'),(1913,152,7,0,NULL,'1'),(1914,152,8,0,NULL,'1'),(1915,152,9,0,NULL,'1'),(1916,152,10,0,NULL,'1'),(1917,152,11,0,NULL,'1'),(1918,152,12,0,NULL,'1'),(1919,152,13,300,NULL,'1'),(1920,152,14,300,NULL,'1'),(1921,152,15,400,NULL,'1'),(1922,152,16,0,NULL,'1'),(1923,152,17,0,NULL,'1'),(1924,152,18,0,NULL,'1'),(1925,153,1,0,NULL,'1'),(1926,153,2,0,NULL,'1'),(1927,153,3,0,NULL,'1'),(1928,153,4,0,NULL,'1'),(1929,153,5,0,NULL,'1'),(1930,153,6,0,NULL,'1'),(1931,153,7,0,NULL,'1'),(1932,153,8,75,NULL,'1'),(1933,153,9,75,NULL,'1'),(1934,153,10,100,NULL,'1'),(1935,153,11,0,NULL,'1'),(1936,153,12,0,NULL,'1'),(1937,153,13,0,NULL,'1'),(1938,153,14,0,NULL,'1'),(1939,153,15,0,NULL,'1'),(1940,153,16,0,NULL,'1'),(1941,153,17,0,NULL,'1'),(1942,153,18,0,NULL,'1'),(1943,154,1,0,NULL,'1'),(1944,154,2,0,NULL,'1'),(1945,154,3,0,NULL,'1'),(1946,154,4,0,NULL,'1'),(1947,154,5,0,NULL,'1'),(1948,154,6,0,NULL,'1'),(1949,154,7,0,NULL,'1'),(1950,154,8,0,NULL,'1'),(1951,154,9,0,NULL,'1'),(1952,154,10,0,NULL,'1'),(1953,154,11,0,NULL,'1'),(1954,154,12,0,NULL,'1'),(1955,154,13,75,NULL,'1'),(1956,154,14,75,NULL,'1'),(1957,154,15,100,NULL,'1'),(1958,154,16,0,NULL,'1'),(1959,154,17,0,NULL,'1'),(1960,154,18,0,NULL,'1'),(1961,155,1,0,NULL,'1'),(1962,155,2,0,NULL,'1'),(1963,155,3,0,NULL,'1'),(1964,155,4,0,NULL,'1'),(1965,155,5,75,NULL,'1'),(1966,155,6,75,NULL,'1'),(1967,155,7,100,NULL,'1'),(1968,155,8,0,NULL,'1'),(1969,155,9,0,NULL,'1'),(1970,155,10,0,NULL,'1'),(1971,155,11,0,NULL,'1'),(1972,155,12,0,NULL,'1'),(1973,155,13,0,NULL,'1'),(1974,155,14,0,NULL,'1'),(1975,155,15,0,NULL,'1'),(1976,155,16,0,NULL,'1'),(1977,155,17,0,NULL,'1'),(1978,155,18,0,NULL,'1'),(1979,156,1,0,NULL,'1'),(1980,156,2,400,NULL,'1'),(1981,156,3,0,NULL,'1'),(1982,156,4,0,NULL,'1'),(1983,156,5,0,NULL,'1'),(1984,156,6,400,NULL,'1'),(1985,156,7,0,NULL,'1'),(1986,156,8,0,NULL,'1'),(1987,156,9,400,NULL,'1'),(1988,156,10,0,NULL,'1'),(1989,156,11,400,NULL,'1'),(1990,156,12,0,NULL,'1'),(1991,156,13,0,NULL,'1'),(1992,156,14,400,NULL,'1'),(1993,156,15,0,NULL,'1'),(1994,156,16,0,NULL,'1'),(1995,156,17,0,NULL,'1'),(1996,156,18,0,NULL,'1'),(1997,157,1,0,NULL,'1'),(1998,157,2,400,NULL,'1'),(1999,157,3,0,NULL,'1'),(2000,157,4,0,NULL,'1'),(2001,157,5,0,NULL,'1'),(2002,157,6,400,NULL,'1'),(2003,157,7,0,NULL,'1'),(2004,157,8,0,NULL,'1'),(2005,157,9,400,NULL,'1'),(2006,157,10,0,NULL,'1'),(2007,157,11,400,NULL,'1'),(2008,157,12,0,NULL,'1'),(2009,157,13,0,NULL,'1'),(2010,157,14,400,NULL,'1'),(2011,157,15,0,NULL,'1'),(2012,157,16,0,NULL,'1'),(2013,157,17,0,NULL,'1'),(2014,157,18,0,NULL,'1'),(2015,158,1,0,NULL,'1'),(2016,158,2,0,NULL,'1'),(2017,158,3,0,NULL,'1'),(2018,158,4,0,NULL,'1'),(2019,158,5,0,NULL,'1'),(2020,158,6,0,NULL,'1'),(2021,158,7,0,NULL,'1'),(2022,158,8,0,NULL,'1'),(2023,158,9,0,NULL,'1'),(2024,158,10,75000,NULL,'1'),(2025,158,11,0,NULL,'1'),(2026,158,12,0,NULL,'1'),(2027,158,13,50000,NULL,'1'),(2028,158,14,0,NULL,'1'),(2029,158,15,0,NULL,'1'),(2030,158,16,0,NULL,'1'),(2031,158,17,0,NULL,'1'),(2032,158,18,0,NULL,'1'),(2033,159,1,0,NULL,'1'),(2034,159,2,0,NULL,'1'),(2035,159,3,0,NULL,'1'),(2036,159,4,0,NULL,'1'),(2037,159,5,0,NULL,'1'),(2038,159,6,0,NULL,'1'),(2039,159,7,0,NULL,'1'),(2040,159,8,0,NULL,'1'),(2041,159,9,30000,NULL,'1'),(2042,159,10,0,NULL,'1'),(2043,159,11,30000,NULL,'1'),(2044,159,12,0,NULL,'1'),(2045,159,13,30000,NULL,'1'),(2046,159,14,0,NULL,'1'),(2047,159,15,30000,NULL,'1'),(2048,159,16,0,NULL,'1'),(2049,159,17,30000,NULL,'1'),(2050,159,18,0,NULL,'1'),(2051,160,1,0,NULL,'1'),(2052,160,2,0,NULL,'1'),(2053,160,3,0,NULL,'1'),(2054,160,4,25000,NULL,'1'),(2055,160,5,0,NULL,'1'),(2056,160,6,0,NULL,'1'),(2057,160,7,37500,NULL,'1'),(2058,160,8,0,NULL,'1'),(2059,160,9,0,NULL,'1'),(2060,160,10,0,NULL,'1'),(2061,160,11,0,NULL,'1'),(2062,160,12,0,NULL,'1'),(2063,160,13,0,NULL,'1'),(2064,160,14,0,NULL,'1'),(2065,160,15,0,NULL,'1'),(2066,160,16,25000,NULL,'1'),(2067,160,17,0,NULL,'1'),(2068,160,18,37500,NULL,'1'),(2069,161,1,0,NULL,'1'),(2070,161,2,0,NULL,'1'),(2071,161,3,0,NULL,'1'),(2072,161,4,0,NULL,'1'),(2073,161,5,0,NULL,'1'),(2074,161,6,0,NULL,'1'),(2075,161,7,0,NULL,'1'),(2076,161,8,62500,NULL,'1'),(2077,161,9,0,NULL,'1'),(2078,161,10,62500,NULL,'1'),(2079,161,11,0,NULL,'1'),(2080,161,12,0,NULL,'1'),(2081,161,13,0,NULL,'1'),(2082,161,14,0,NULL,'1'),(2083,161,15,0,NULL,'1'),(2084,161,16,0,NULL,'1'),(2085,161,17,0,NULL,'1'),(2086,161,18,0,NULL,'1'),(2087,162,1,0,NULL,'1'),(2088,162,2,0,NULL,'1'),(2089,162,3,0,NULL,'1'),(2090,162,4,0,NULL,'1'),(2091,162,5,0,NULL,'1'),(2092,162,6,0,NULL,'1'),(2093,162,7,0,NULL,'1'),(2094,162,8,0,NULL,'1'),(2095,162,9,75000,NULL,'1'),(2096,162,10,0,NULL,'1'),(2097,162,11,50000,NULL,'1'),(2098,162,12,0,NULL,'1'),(2099,162,13,0,NULL,'1'),(2100,162,14,0,NULL,'1'),(2101,162,15,0,NULL,'1'),(2102,162,16,0,NULL,'1'),(2103,162,17,0,NULL,'1'),(2104,162,18,0,NULL,'1'),(2105,163,1,0,NULL,'1'),(2106,163,2,0,NULL,'1'),(2107,163,3,0,NULL,'1'),(2108,163,4,75000,NULL,'1'),(2109,163,5,0,NULL,'1'),(2110,163,6,75000,NULL,'1'),(2111,163,7,0,NULL,'1'),(2112,163,8,0,NULL,'1'),(2113,163,9,30000,NULL,'1'),(2114,163,10,120000,NULL,'1'),(2115,163,11,0,NULL,'1'),(2116,163,12,0,NULL,'1'),(2117,163,13,0,NULL,'1'),(2118,163,14,0,NULL,'1'),(2119,163,15,0,NULL,'1'),(2120,163,16,0,NULL,'1'),(2121,163,17,0,NULL,'1'),(2122,163,18,0,NULL,'1'),(2123,164,1,60000,NULL,'1'),(2124,164,2,0,NULL,'1'),(2125,164,3,60000,NULL,'1'),(2126,164,4,0,NULL,'1'),(2127,164,5,0,NULL,'1'),(2128,164,6,180000,NULL,'1'),(2129,164,7,0,NULL,'1'),(2130,164,8,0,NULL,'1'),(2131,164,9,0,NULL,'1'),(2132,164,10,0,NULL,'1'),(2133,164,11,0,NULL,'1'),(2134,164,12,0,NULL,'1'),(2135,164,13,0,NULL,'1'),(2136,164,14,0,NULL,'1'),(2137,164,15,0,NULL,'1'),(2138,164,16,0,NULL,'1'),(2139,164,17,0,NULL,'1'),(2140,164,18,0,NULL,'1'),(2141,165,1,0,NULL,'1'),(2142,165,2,18750,NULL,'1'),(2143,165,3,0,NULL,'1'),(2144,165,4,18750,NULL,'1'),(2145,165,5,0,NULL,'1'),(2146,165,6,6250,NULL,'1'),(2147,165,7,0,NULL,'1'),(2148,165,8,0,NULL,'1'),(2149,165,9,18750,NULL,'1'),(2150,165,10,0,NULL,'1'),(2151,165,11,0,NULL,'1'),(2152,165,12,0,NULL,'1'),(2153,165,13,0,NULL,'1'),(2154,165,14,0,NULL,'1'),(2155,165,15,0,NULL,'1'),(2156,165,16,0,NULL,'1'),(2157,165,17,0,NULL,'1'),(2158,165,18,0,NULL,'1'),(2159,166,1,60000,NULL,'1'),(2160,166,2,0,NULL,'1'),(2161,166,3,60000,NULL,'1'),(2162,166,4,0,NULL,'1'),(2163,166,5,0,NULL,'1'),(2164,166,6,180000,NULL,'1'),(2165,166,7,0,NULL,'1'),(2166,166,8,0,NULL,'1'),(2167,166,9,0,NULL,'1'),(2168,166,10,0,NULL,'1'),(2169,166,11,0,NULL,'1'),(2170,166,12,0,NULL,'1'),(2171,166,13,0,NULL,'1'),(2172,166,14,0,NULL,'1'),(2173,166,15,0,NULL,'1'),(2174,166,16,0,NULL,'1'),(2175,166,17,0,NULL,'1'),(2176,166,18,0,NULL,'1'),(2177,167,1,0,NULL,'1'),(2178,167,2,0,NULL,'1'),(2179,167,3,0,NULL,'1'),(2180,167,4,0,NULL,'1'),(2181,167,5,0,NULL,'1'),(2182,167,6,0,NULL,'1'),(2183,167,7,0,NULL,'1'),(2184,167,8,62500,NULL,'1'),(2185,167,9,0,NULL,'1'),(2186,167,10,62500,NULL,'1'),(2187,167,11,62500,NULL,'1'),(2188,167,12,0,NULL,'1'),(2189,167,13,0,NULL,'1'),(2190,167,14,0,NULL,'1'),(2191,167,15,62500,NULL,'1'),(2192,167,16,0,NULL,'1'),(2193,167,17,0,NULL,'1'),(2194,167,18,0,NULL,'1'),(2195,168,1,0,NULL,'1'),(2196,168,2,0,NULL,'1'),(2197,168,3,0,NULL,'1'),(2198,168,4,0,NULL,'1'),(2199,168,5,0,NULL,'1'),(2200,168,6,0,NULL,'1'),(2201,168,7,0,NULL,'1'),(2202,168,8,62500,NULL,'1'),(2203,168,9,0,NULL,'1'),(2204,168,10,62500,NULL,'1'),(2205,168,11,62500,NULL,'1'),(2206,168,12,0,NULL,'1'),(2207,168,13,0,NULL,'1'),(2208,168,14,0,NULL,'1'),(2209,168,15,62500,NULL,'1'),(2210,168,16,0,NULL,'1'),(2211,168,17,0,NULL,'1'),(2212,168,18,0,NULL,'1'),(2213,169,1,90000,NULL,'1'),(2214,169,2,0,NULL,'1'),(2215,169,3,60000,NULL,'1'),(2216,169,4,0,NULL,'1'),(2217,169,5,0,NULL,'1'),(2218,169,6,0,NULL,'1'),(2219,169,7,0,NULL,'1'),(2220,169,8,0,NULL,'1'),(2221,169,9,0,NULL,'1'),(2222,169,10,0,NULL,'1'),(2223,169,11,0,NULL,'1'),(2224,169,12,0,NULL,'1'),(2225,169,13,0,NULL,'1'),(2226,169,14,0,NULL,'1'),(2227,169,15,0,NULL,'1'),(2228,169,16,0,NULL,'1'),(2229,169,17,0,NULL,'1'),(2230,169,18,0,NULL,'1'),(2231,170,1,10000,NULL,'1'),(2232,170,2,0,NULL,'1'),(2233,170,3,20000,NULL,'1'),(2234,170,4,0,NULL,'1'),(2235,170,5,12500,NULL,'1'),(2236,170,6,7500,NULL,'1'),(2237,170,7,0,NULL,'1'),(2238,170,8,0,NULL,'1'),(2239,170,9,0,NULL,'1'),(2240,170,10,0,NULL,'1'),(2241,170,11,0,NULL,'1'),(2242,170,12,0,NULL,'1'),(2243,170,13,0,NULL,'1'),(2244,170,14,0,NULL,'1'),(2245,170,15,0,NULL,'1'),(2246,170,16,0,NULL,'1'),(2247,170,17,0,NULL,'1'),(2248,170,18,0,NULL,'1'),(2249,176,1,0,NULL,'0'),(2250,176,2,0,NULL,'0'),(2251,176,3,0,NULL,'0'),(2252,176,4,0,NULL,'0'),(2253,176,5,0,NULL,'0'),(2254,176,6,37500,NULL,'0'),(2255,176,7,0,NULL,'0'),(2256,176,8,0,NULL,'0'),(2257,176,9,0,NULL,'0'),(2258,176,10,0,NULL,'0'),(2259,176,11,22500,NULL,'0'),(2260,176,12,0,NULL,'0'),(2261,176,13,0,NULL,'0'),(2262,176,14,45000,NULL,'0'),(2263,176,15,0,NULL,'0'),(2264,176,16,0,NULL,'0'),(2265,176,17,0,NULL,'0'),(2266,176,18,45000,NULL,'0'),(2267,177,1,0,NULL,'0'),(2268,177,2,30000,NULL,'0'),(2269,177,3,0,NULL,'0'),(2270,177,4,0,NULL,'0'),(2271,177,5,0,NULL,'0'),(2272,177,6,0,NULL,'0'),(2273,177,7,0,NULL,'0'),(2274,177,8,0,NULL,'0'),(2275,177,9,0,NULL,'0'),(2276,177,10,30000,NULL,'0'),(2277,177,11,0,NULL,'0'),(2278,177,12,20000,NULL,'0'),(2279,177,13,0,NULL,'0'),(2280,177,14,20000,NULL,'0'),(2281,177,15,0,NULL,'0'),(2282,177,16,0,NULL,'0'),(2283,177,17,0,NULL,'0'),(2284,177,18,0,NULL,'0'),(2285,178,1,0,NULL,'0'),(2286,178,2,0,NULL,'0'),(2287,178,3,0,NULL,'0'),(2288,178,4,0,NULL,'0'),(2289,178,5,0,NULL,'0'),(2290,178,6,0,NULL,'0'),(2291,178,7,0,NULL,'0'),(2292,178,8,0,NULL,'0'),(2293,178,9,0,NULL,'0'),(2294,178,10,37500,NULL,'0'),(2295,178,11,18750,NULL,'0'),(2296,178,12,0,NULL,'0'),(2297,178,13,0,NULL,'0'),(2298,178,14,0,NULL,'0'),(2299,178,15,0,NULL,'0'),(2300,178,16,0,NULL,'0'),(2301,178,17,0,NULL,'0'),(2302,178,18,18750,NULL,'0'),(2303,179,1,0,NULL,'0'),(2304,179,2,0,NULL,'0'),(2305,179,3,0,NULL,'0'),(2306,179,4,0,NULL,'0'),(2307,179,5,0,NULL,'0'),(2308,179,6,0,NULL,'0'),(2309,179,7,0,NULL,'0'),(2310,179,8,37500,NULL,'0'),(2311,179,9,0,NULL,'0'),(2312,179,10,0,NULL,'0'),(2313,179,11,37500,NULL,'0'),(2314,179,12,0,NULL,'0'),(2315,179,13,0,NULL,'0'),(2316,179,14,37500,NULL,'0'),(2317,179,15,0,NULL,'0'),(2318,179,16,0,NULL,'0'),(2319,179,17,0,NULL,'0'),(2320,179,18,12500,NULL,'0'),(2321,180,1,15625,NULL,'0'),(2322,180,2,0,NULL,'0'),(2323,180,3,15625,NULL,'0'),(2324,180,4,0,NULL,'0'),(2325,180,5,15625,NULL,'0'),(2326,180,6,0,NULL,'0'),(2327,180,7,15625,NULL,'0'),(2328,180,8,0,NULL,'0'),(2329,180,9,0,NULL,'0'),(2330,180,10,0,NULL,'0'),(2331,180,11,0,NULL,'0'),(2332,180,12,0,NULL,'0'),(2333,180,13,0,NULL,'0'),(2334,180,14,0,NULL,'0'),(2335,180,15,0,NULL,'0'),(2336,180,16,0,NULL,'0'),(2337,180,17,0,NULL,'0'),(2338,180,18,0,NULL,'0'),(2339,181,1,0,NULL,'0'),(2340,181,2,0,NULL,'0'),(2341,181,3,0,NULL,'0'),(2342,181,4,0,NULL,'0'),(2343,181,5,0,NULL,'0'),(2344,181,6,0,NULL,'0'),(2345,181,7,0,NULL,'0'),(2346,181,8,0,NULL,'0'),(2347,181,9,18750,NULL,'0'),(2348,181,10,0,NULL,'0'),(2349,181,11,0,NULL,'0'),(2350,181,12,0,NULL,'0'),(2351,181,13,0,NULL,'0'),(2352,181,14,0,NULL,'0'),(2353,181,15,0,NULL,'0'),(2354,181,16,6250,NULL,'0'),(2355,181,17,18750,NULL,'0'),(2356,181,18,18750,NULL,'0'),(2357,183,1,0,NULL,'0'),(2358,183,2,0,NULL,'0'),(2359,183,3,0,NULL,'0'),(2360,183,4,0,NULL,'0'),(2361,183,5,0,NULL,'0'),(2362,183,6,0,NULL,'0'),(2363,183,7,0,NULL,'0'),(2364,183,8,20000,NULL,'0'),(2365,183,9,20000,NULL,'0'),(2366,183,10,20000,NULL,'0'),(2367,183,11,20000,NULL,'0'),(2368,183,12,20000,NULL,'0'),(2369,183,13,20000,NULL,'0'),(2370,183,14,20000,NULL,'0'),(2371,183,15,20000,NULL,'0'),(2372,183,16,20000,NULL,'0'),(2373,183,17,20000,NULL,'0'),(2374,183,18,0,NULL,'0'),(2375,185,1,0,NULL,'0'),(2376,185,2,0,NULL,'0'),(2377,185,3,31250,NULL,'0'),(2378,185,4,0,NULL,'0'),(2379,185,5,0,NULL,'0'),(2380,185,6,0,NULL,'0'),(2381,185,7,0,NULL,'0'),(2382,185,8,0,NULL,'0'),(2383,185,9,0,NULL,'0'),(2384,185,10,0,NULL,'0'),(2385,185,11,0,NULL,'0'),(2386,185,12,0,NULL,'0'),(2387,185,13,0,NULL,'0'),(2388,185,14,0,NULL,'0'),(2389,185,15,0,NULL,'0'),(2390,185,16,0,NULL,'0'),(2391,185,17,0,NULL,'0'),(2392,185,18,31250,NULL,'0'),(2393,186,1,0,NULL,'0'),(2394,186,2,12500,NULL,'0'),(2395,186,3,0,NULL,'0'),(2396,186,4,12500,NULL,'0'),(2397,186,5,0,NULL,'0'),(2398,186,6,0,NULL,'0'),(2399,186,7,12500,NULL,'0'),(2400,186,8,0,NULL,'0'),(2401,186,9,0,NULL,'0'),(2402,186,10,0,NULL,'0'),(2403,186,11,0,NULL,'0'),(2404,186,12,0,NULL,'0'),(2405,186,13,0,NULL,'0'),(2406,186,14,12500,NULL,'0'),(2407,186,15,0,NULL,'0'),(2408,186,16,0,NULL,'0'),(2409,186,17,12500,NULL,'0'),(2410,186,18,0,NULL,'0'),(2411,188,1,0,NULL,'0'),(2412,188,2,0,NULL,'0'),(2413,188,3,0,NULL,'0'),(2414,188,4,0,NULL,'0'),(2415,188,5,0,NULL,'0'),(2416,188,6,0,NULL,'0'),(2417,188,7,0,NULL,'0'),(2418,188,8,0,NULL,'0'),(2419,188,9,90000,NULL,'0'),(2420,188,10,180000,NULL,'0'),(2421,188,11,0,NULL,'0'),(2422,188,12,0,NULL,'0'),(2423,188,13,0,NULL,'0'),(2424,188,14,0,NULL,'0'),(2425,188,15,0,NULL,'0'),(2426,188,16,0,NULL,'0'),(2427,188,17,0,NULL,'0'),(2428,188,18,30000,NULL,'0'),(2429,190,1,0,NULL,'0'),(2430,190,2,0,NULL,'0'),(2431,190,3,0,NULL,'0'),(2432,190,4,0,NULL,'0'),(2433,190,5,0,NULL,'0'),(2434,190,6,0,NULL,'0'),(2435,190,7,0,NULL,'0'),(2436,190,8,18750,NULL,'0'),(2437,190,9,0,NULL,'0'),(2438,190,10,0,NULL,'0'),(2439,190,11,18750,NULL,'0'),(2440,190,12,0,NULL,'0'),(2441,190,13,0,NULL,'0'),(2442,190,14,18750,NULL,'0'),(2443,190,15,0,NULL,'0'),(2444,190,16,0,NULL,'0'),(2445,190,17,18750,NULL,'0'),(2446,190,18,0,NULL,'0'),(2447,191,1,0,NULL,'0'),(2448,191,2,0,NULL,'0'),(2449,191,3,31250,NULL,'0'),(2450,191,4,0,NULL,'0'),(2451,191,5,62500,NULL,'0'),(2452,191,6,0,NULL,'0'),(2453,191,7,0,NULL,'0'),(2454,191,8,0,NULL,'0'),(2455,191,9,31250,NULL,'0'),(2456,191,10,0,NULL,'0'),(2457,191,11,0,NULL,'0'),(2458,191,12,0,NULL,'0'),(2459,191,13,0,NULL,'0'),(2460,191,14,0,NULL,'0'),(2461,191,15,0,NULL,'0'),(2462,191,16,0,NULL,'0'),(2463,191,17,0,NULL,'0'),(2464,191,18,0,NULL,'0'),(2465,192,1,0,NULL,'0'),(2466,192,2,0,NULL,'0'),(2467,192,3,0,NULL,'0'),(2468,192,4,31250,NULL,'0'),(2469,192,5,0,NULL,'0'),(2470,192,6,62500,NULL,'0'),(2471,192,7,0,NULL,'0'),(2472,192,8,31250,NULL,'0'),(2473,192,9,0,NULL,'0'),(2474,192,10,0,NULL,'0'),(2475,192,11,0,NULL,'0'),(2476,192,12,0,NULL,'0'),(2477,192,13,0,NULL,'0'),(2478,192,14,0,NULL,'0'),(2479,192,15,0,NULL,'0'),(2480,192,16,0,NULL,'0'),(2481,192,17,0,NULL,'0'),(2482,192,18,0,NULL,'0'),(2483,193,1,45000,NULL,'0'),(2484,193,2,15000,NULL,'0'),(2485,193,3,15000,NULL,'0'),(2486,193,4,0,NULL,'0'),(2487,193,5,0,NULL,'0'),(2488,193,6,0,NULL,'0'),(2489,193,7,0,NULL,'0'),(2490,193,8,0,NULL,'0'),(2491,193,9,0,NULL,'0'),(2492,193,10,0,NULL,'0'),(2493,193,11,0,NULL,'0'),(2494,193,12,0,NULL,'0'),(2495,193,13,0,NULL,'0'),(2496,193,14,0,NULL,'0'),(2497,193,15,0,NULL,'0'),(2498,193,16,0,NULL,'0'),(2499,193,17,0,NULL,'0'),(2500,193,18,0,NULL,'0'),(2501,194,1,0,NULL,'0'),(2502,194,2,0,NULL,'0'),(2503,194,3,0,NULL,'0'),(2504,194,4,18750,NULL,'0'),(2505,194,5,18750,NULL,'0'),(2506,194,6,18750,NULL,'0'),(2507,194,7,6250,NULL,'0'),(2508,194,8,0,NULL,'0'),(2509,194,9,0,NULL,'0'),(2510,194,10,0,NULL,'0'),(2511,194,11,0,NULL,'0'),(2512,194,12,0,NULL,'0'),(2513,194,13,0,NULL,'0'),(2514,194,14,0,NULL,'0'),(2515,194,15,0,NULL,'0'),(2516,194,16,0,NULL,'0'),(2517,194,17,0,NULL,'0'),(2518,194,18,0,NULL,'0'),(2519,195,1,0,NULL,'0'),(2520,195,2,0,NULL,'0'),(2521,195,3,0,NULL,'0'),(2522,195,4,18750,NULL,'0'),(2523,195,5,18750,NULL,'0'),(2524,195,6,18750,NULL,'0'),(2525,195,7,6250,NULL,'0'),(2526,195,8,0,NULL,'0'),(2527,195,9,0,NULL,'0'),(2528,195,10,0,NULL,'0'),(2529,195,11,0,NULL,'0'),(2530,195,12,0,NULL,'0'),(2531,195,13,0,NULL,'0'),(2532,195,14,0,NULL,'0'),(2533,195,15,0,NULL,'0'),(2534,195,16,0,NULL,'0'),(2535,195,17,0,NULL,'0'),(2536,195,18,0,NULL,'0'),(2537,196,1,0,NULL,'0'),(2538,196,2,0,NULL,'0'),(2539,196,3,0,NULL,'0'),(2540,196,4,18750,NULL,'0'),(2541,196,5,0,NULL,'0'),(2542,196,6,0,NULL,'0'),(2543,196,7,18750,NULL,'0'),(2544,196,8,0,NULL,'0'),(2545,196,9,0,NULL,'0'),(2546,196,10,37500,NULL,'0'),(2547,196,11,0,NULL,'0'),(2548,196,12,0,NULL,'0'),(2549,196,13,0,NULL,'0'),(2550,196,14,0,NULL,'0'),(2551,196,15,0,NULL,'0'),(2552,196,16,0,NULL,'0'),(2553,196,17,0,NULL,'0'),(2554,196,18,0,NULL,'0'),(2555,197,14,200000,NULL,'0'),(2556,198,1,12500,NULL,'0'),(2557,198,2,0,NULL,'0'),(2558,198,3,0,NULL,'0'),(2559,198,4,0,NULL,'0'),(2560,198,5,0,NULL,'0'),(2561,198,6,0,NULL,'0'),(2562,198,7,0,NULL,'0'),(2563,198,8,0,NULL,'0'),(2564,198,9,0,NULL,'0'),(2565,198,10,37500,NULL,'0'),(2566,198,11,0,NULL,'0'),(2567,198,12,0,NULL,'0'),(2568,198,13,37500,NULL,'0'),(2569,198,14,0,NULL,'0'),(2570,198,15,0,NULL,'0'),(2571,198,16,37500,NULL,'0'),(2572,198,17,0,NULL,'0'),(2573,198,18,0,NULL,'0'),(2574,199,1,0,NULL,'0'),(2575,199,2,0,NULL,'0'),(2576,199,3,0,NULL,'0'),(2577,199,4,0,NULL,'0'),(2578,199,5,0,NULL,'0'),(2579,199,6,0,NULL,'0'),(2580,199,7,0,NULL,'0'),(2581,199,8,37500,NULL,'0'),(2582,199,9,0,NULL,'0'),(2583,199,10,37500,NULL,'0'),(2584,199,11,0,NULL,'0'),(2585,199,12,0,NULL,'0'),(2586,199,13,0,NULL,'0'),(2587,199,14,0,NULL,'0'),(2588,199,15,0,NULL,'0'),(2589,199,16,0,NULL,'0'),(2590,199,17,0,NULL,'0'),(2591,199,18,0,NULL,'0'),(2592,200,16,270000,NULL,'0'),(2593,201,1,0,NULL,'0'),(2594,201,2,60000,NULL,'0'),(2595,201,3,0,NULL,'0'),(2596,201,4,60000,NULL,'0'),(2597,201,5,0,NULL,'0'),(2598,201,6,180000,NULL,'0'),(2599,201,7,0,NULL,'0'),(2600,201,8,0,NULL,'0'),(2601,201,9,0,NULL,'0'),(2602,201,10,0,NULL,'0'),(2603,201,11,0,NULL,'0'),(2604,201,12,0,NULL,'0'),(2605,201,13,0,NULL,'0'),(2606,201,14,0,NULL,'0'),(2607,201,15,0,NULL,'0'),(2608,201,16,0,NULL,'0'),(2609,201,17,0,NULL,'0'),(2610,201,18,0,NULL,'0'),(2611,202,1,0,NULL,'0'),(2612,202,2,0,NULL,'0'),(2613,202,3,0,NULL,'0'),(2614,202,4,0,NULL,'0'),(2615,202,5,0,NULL,'0'),(2616,202,6,0,NULL,'0'),(2617,202,7,0,NULL,'0'),(2618,202,8,0,NULL,'0'),(2619,202,9,0,NULL,'0'),(2620,202,10,75000,NULL,'0'),(2621,202,11,0,NULL,'0'),(2622,202,12,0,NULL,'0'),(2623,202,13,50000,NULL,'0'),(2624,202,14,0,NULL,'0'),(2625,202,15,0,NULL,'0'),(2626,202,16,0,NULL,'0'),(2627,202,17,0,NULL,'0'),(2628,202,18,0,NULL,'0'),(2629,203,1,0,NULL,'0'),(2630,203,2,0,NULL,'0'),(2631,203,3,0,NULL,'0'),(2632,203,4,0,NULL,'0'),(2633,203,5,0,NULL,'0'),(2634,203,6,0,NULL,'0'),(2635,203,7,0,NULL,'0'),(2636,203,8,0,NULL,'0'),(2637,203,9,30000,NULL,'0'),(2638,204,3,280000,NULL,'0'),(2639,203,10,0,NULL,'0'),(2640,203,11,30000,NULL,'0'),(2641,203,12,0,NULL,'0'),(2642,203,13,30000,NULL,'0'),(2643,203,14,0,NULL,'0'),(2644,203,15,30000,NULL,'0'),(2645,203,16,0,NULL,'0'),(2646,203,17,30000,NULL,'0'),(2647,203,18,0,NULL,'0'),(2648,205,1,18750,NULL,'0'),(2649,205,2,0,NULL,'0'),(2650,205,3,18750,NULL,'0'),(2651,205,4,0,NULL,'0'),(2652,205,5,0,NULL,'0'),(2653,205,6,0,NULL,'0'),(2654,205,7,0,NULL,'0'),(2655,205,8,0,NULL,'0'),(2656,205,9,37500,NULL,'0'),(2657,205,10,0,NULL,'0'),(2658,205,11,0,NULL,'0'),(2659,205,12,0,NULL,'0'),(2660,205,13,0,NULL,'0'),(2661,205,14,0,NULL,'0'),(2662,205,15,0,NULL,'0'),(2663,205,16,0,NULL,'0'),(2664,205,17,0,NULL,'0'),(2665,205,18,0,NULL,'0'),(2666,206,3,100000,NULL,'0'),(2667,207,1,0,NULL,'0'),(2668,207,2,0,NULL,'0'),(2669,207,3,15000,NULL,'0'),(2670,207,4,0,NULL,'0'),(2671,207,5,0,NULL,'0'),(2672,207,6,15000,NULL,'0'),(2673,207,7,0,NULL,'0'),(2674,207,8,45000,NULL,'0'),(2675,207,9,0,NULL,'0'),(2676,207,10,0,NULL,'0'),(2677,207,11,0,NULL,'0'),(2678,207,12,0,NULL,'0'),(2679,207,13,0,NULL,'0'),(2680,207,14,0,NULL,'0'),(2681,207,15,0,NULL,'0'),(2682,207,16,0,NULL,'0'),(2683,207,17,0,NULL,'0'),(2684,207,18,0,NULL,'0'),(2685,208,1,0,NULL,'0'),(2686,208,2,15000,NULL,'0'),(2687,208,3,0,NULL,'0'),(2688,208,4,15000,NULL,'0'),(2689,208,5,0,NULL,'0'),(2690,208,6,20000,NULL,'0'),(2691,208,7,0,NULL,'0'),(2692,208,8,0,NULL,'0'),(2693,208,9,0,NULL,'0'),(2694,208,10,0,NULL,'0'),(2695,208,11,0,NULL,'0'),(2696,208,12,0,NULL,'0'),(2697,208,13,0,NULL,'0'),(2698,208,14,0,NULL,'0'),(2699,208,15,0,NULL,'0'),(2700,208,16,0,NULL,'0'),(2701,208,17,0,NULL,'0'),(2702,208,18,0,NULL,'0'),(2703,209,1,0,NULL,'0'),(2704,209,2,0,NULL,'0'),(2705,209,3,0,NULL,'0'),(2706,209,4,0,NULL,'0'),(2707,209,5,0,NULL,'0'),(2708,209,6,0,NULL,'0'),(2709,209,7,0,NULL,'0'),(2710,209,8,0,NULL,'0'),(2711,209,9,0,NULL,'0'),(2712,209,10,12500,NULL,'0'),(2713,209,11,0,NULL,'0'),(2714,209,12,0,NULL,'0'),(2715,209,13,25000,NULL,'0'),(2716,209,14,0,NULL,'0'),(2717,209,15,25000,NULL,'0'),(2718,209,16,0,NULL,'0'),(2719,209,17,62500,NULL,'0'),(2720,209,18,0,NULL,'0'),(2721,210,1,0,NULL,'0'),(2722,210,2,0,NULL,'0'),(2723,210,3,0,NULL,'0'),(2724,210,4,0,NULL,'0'),(2725,210,5,0,NULL,'0'),(2726,210,6,0,NULL,'0'),(2727,210,7,0,NULL,'0'),(2728,210,8,62500,NULL,'0'),(2729,210,9,0,NULL,'0'),(2730,210,10,62500,NULL,'0'),(2731,210,11,0,NULL,'0'),(2732,210,12,0,NULL,'0'),(2733,210,13,0,NULL,'0'),(2734,210,14,0,NULL,'0'),(2735,210,15,0,NULL,'0'),(2736,210,16,0,NULL,'0'),(2737,210,17,0,NULL,'0'),(2738,210,18,0,NULL,'0'),(2739,211,1,0,NULL,'0'),(2740,211,2,0,NULL,'0'),(2741,211,3,0,NULL,'0'),(2742,211,4,0,NULL,'0'),(2743,211,5,0,NULL,'0'),(2744,211,6,0,NULL,'0'),(2745,211,7,0,NULL,'0'),(2746,211,8,0,NULL,'0'),(2747,211,9,30000,NULL,'0'),(2748,211,10,0,NULL,'0'),(2749,211,11,30000,NULL,'0'),(2750,211,12,0,NULL,'0'),(2751,211,13,30000,NULL,'0'),(2752,211,14,0,NULL,'0'),(2753,211,15,30000,NULL,'0'),(2754,211,16,0,NULL,'0'),(2755,211,17,30000,NULL,'0'),(2756,211,18,0,NULL,'0'),(2757,212,1,90000,NULL,'0'),(2758,212,2,0,NULL,'0'),(2759,212,3,60000,NULL,'0'),(2760,212,4,0,NULL,'0'),(2761,212,5,0,NULL,'0'),(2762,212,6,0,NULL,'0'),(2763,212,7,0,NULL,'0'),(2764,212,8,0,NULL,'0'),(2765,212,9,0,NULL,'0'),(2766,212,10,0,NULL,'0'),(2767,212,11,0,NULL,'0'),(2768,212,12,0,NULL,'0'),(2769,212,13,0,NULL,'0'),(2770,212,14,0,NULL,'0'),(2771,212,15,0,NULL,'0'),(2772,212,16,0,NULL,'0'),(2773,212,17,0,NULL,'0'),(2774,212,18,0,NULL,'0'),(2775,213,1,0,NULL,'0'),(2776,213,2,0,NULL,'0'),(2777,213,3,0,NULL,'0'),(2778,213,4,21875,NULL,'0'),(2779,213,5,0,NULL,'0'),(2780,213,6,12500,NULL,'0'),(2781,213,7,6250,NULL,'0'),(2782,213,8,0,NULL,'0'),(2783,213,9,0,NULL,'0'),(2784,213,10,21875,NULL,'0'),(2785,213,11,0,NULL,'0'),(2786,213,12,0,NULL,'0'),(2787,213,13,0,NULL,'0'),(2788,213,14,0,NULL,'0'),(2789,213,15,0,NULL,'0'),(2790,213,16,0,NULL,'0'),(2791,213,17,0,NULL,'0'),(2792,213,18,0,NULL,'0'),(2793,214,1,0,NULL,'0'),(2794,214,2,0,NULL,'0'),(2795,214,3,0,NULL,'0'),(2796,214,4,0,NULL,'0'),(2797,214,5,0,NULL,'0'),(2798,214,6,0,NULL,'0'),(2799,214,7,0,NULL,'0'),(2800,214,8,0,NULL,'0'),(2801,214,9,0,NULL,'0'),(2802,214,10,0,NULL,'0'),(2803,214,11,0,NULL,'0'),(2804,214,12,0,NULL,'0'),(2805,214,13,22500,NULL,'0'),(2806,214,14,22500,NULL,'0'),(2807,214,15,0,NULL,'0'),(2808,214,16,22500,NULL,'0'),(2809,214,17,7500,NULL,'0'),(2810,214,18,0,NULL,'0'),(2811,215,1,0,NULL,'0'),(2812,215,2,100000,NULL,'0'),(2813,215,3,0,NULL,'0'),(2814,215,4,80000,NULL,'0'),(2815,215,5,20000,NULL,'0'),(2816,215,6,0,NULL,'0'),(2817,215,7,0,NULL,'0'),(2818,215,8,0,NULL,'0'),(2819,215,9,0,NULL,'0'),(2820,215,10,0,NULL,'0'),(2821,215,11,0,NULL,'0'),(2822,215,12,0,NULL,'0'),(2823,215,13,0,NULL,'0'),(2824,215,14,0,NULL,'0'),(2825,215,15,0,NULL,'0'),(2826,215,16,0,NULL,'0'),(2827,215,17,0,NULL,'0'),(2828,215,18,0,NULL,'0');
/*!40000 ALTER TABLE `trans_raw` ENABLE KEYS */;
UNLOCK TABLES;

--
-- Table structure for table `trans_stick`
--

DROP TABLE IF EXISTS `trans_stick`;
/*!40101 SET @saved_cs_client     = @@character_set_client */;
/*!40101 SET character_set_client = utf8 */;
CREATE TABLE `trans_stick` (
  `tstick_id` int(11) NOT NULL AUTO_INCREMENT,
  `sticker_id` int(11) DEFAULT NULL,
  `trans_id` int(11) NOT NULL,
  `quantity` int(11) DEFAULT NULL,
  PRIMARY KEY (`tstick_id`),
  KEY `stick_trans_idx` (`sticker_id`),
  KEY `stick_trans2_idx` (`trans_id`)
) ENGINE=InnoDB AUTO_INCREMENT=156 DEFAULT CHARSET=latin1;
/*!40101 SET character_set_client = @saved_cs_client */;

--
-- Dumping data for table `trans_stick`
--

LOCK TABLES `trans_stick` WRITE;
/*!40000 ALTER TABLE `trans_stick` DISABLE KEYS */;
INSERT INTO `trans_stick` VALUES (1,29,27,300),(2,63,28,350),(3,14,29,300),(4,53,30,300),(5,20,31,250),(6,56,32,200),(7,53,33,300),(8,56,34,200),(9,40,35,250),(10,33,36,250),(11,30,37,250),(12,30,38,250),(13,30,39,250),(14,30,40,250),(15,44,41,250),(16,42,42,250),(17,32,43,250),(18,26,44,300),(19,60,50,250),(20,43,51,200),(21,43,52,200),(22,58,53,250),(23,54,54,300),(24,57,55,250),(25,25,56,300),(26,62,57,250),(27,23,58,250),(28,24,59,300),(29,48,60,250),(30,59,61,300),(31,65,62,250),(32,37,63,300),(33,27,64,300),(34,36,65,300),(35,58,66,250),(36,66,67,300),(37,73,68,300),(38,31,69,250),(39,35,70,300),(40,41,71,250),(41,38,72,250),(42,45,73,250),(43,49,74,300),(44,51,75,300),(45,18,76,250),(46,19,77,250),(47,15,78,300),(48,47,79,300),(49,72,80,250),(50,64,81,250),(51,34,83,200),(52,52,84,250),(53,28,86,300),(54,21,87,250),(55,55,88,200),(56,46,89,200),(57,70,90,250),(58,17,92,200),(59,22,96,300),(60,3,97,2),(61,22,98,1),(62,49,99,1),(63,20,100,3),(64,37,101,2),(65,29,102,300),(66,14,103,300),(67,56,104,200),(68,53,105,300),(69,63,106,350),(71,33,108,250),(72,20,109,250),(73,44,110,250),(74,40,111,250),(75,30,112,250),(76,60,113,250),(77,43,114,200),(78,58,115,250),(79,54,116,300),(80,57,117,250),(81,25,118,300),(82,62,119,250),(83,23,121,250),(84,26,122,300),(85,32,124,250),(86,42,132,250),(87,24,133,300),(88,48,134,250),(89,59,135,300),(90,27,136,300),(91,36,137,300),(92,66,138,300),(93,73,140,300),(94,65,141,250),(95,8,142,2),(96,8,143,1),(97,4,144,1),(98,6,145,3),(99,6,146,2),(100,5,147,1),(101,2,148,3),(102,3,149,2),(103,3,150,2),(104,5,151,2),(105,5,152,2),(106,7,153,1),(107,5,154,1),(108,4,155,1),(109,9,156,2),(110,9,157,2),(111,31,158,250),(112,35,159,300),(113,41,160,250),(114,38,161,250),(115,45,162,250),(116,49,163,300),(117,51,164,300),(118,18,165,250),(119,51,166,300),(120,19,167,250),(121,19,168,250),(122,15,169,300),(123,55,170,200),(124,29,176,300),(125,56,177,200),(126,53,178,300),(127,33,179,250),(128,20,180,250),(129,60,181,250),(130,43,183,200),(131,58,185,250),(132,57,186,250),(133,14,188,300),(134,25,190,300),(135,32,191,250),(136,42,192,250),(137,24,193,300),(138,48,194,250),(139,48,195,250),(140,59,196,300),(141,65,198,250),(142,27,199,300),(143,66,201,300),(144,31,202,250),(145,35,203,300),(146,47,205,300),(147,28,207,300),(148,34,208,200),(149,64,209,250),(150,38,210,250),(151,35,211,300),(152,15,212,300),(153,52,213,250),(154,36,214,300),(155,17,215,200);
/*!40000 ALTER TABLE `trans_stick` ENABLE KEYS */;
UNLOCK TABLES;

--
-- Table structure for table `transac_history`
--

DROP TABLE IF EXISTS `transac_history`;
/*!40101 SET @saved_cs_client     = @@character_set_client */;
/*!40101 SET character_set_client = utf8 */;
CREATE TABLE `transac_history` (
  `transac_id` int(11) NOT NULL AUTO_INCREMENT,
  `supp_po_id` varchar(45) NOT NULL,
  `date_received` date NOT NULL,
  `date_payment` date NOT NULL,
  PRIMARY KEY (`transac_id`)
) ENGINE=InnoDB DEFAULT CHARSET=latin1;
/*!40101 SET character_set_client = @saved_cs_client */;

--
-- Dumping data for table `transac_history`
--

LOCK TABLES `transac_history` WRITE;
/*!40000 ALTER TABLE `transac_history` DISABLE KEYS */;
/*!40000 ALTER TABLE `transac_history` ENABLE KEYS */;
UNLOCK TABLES;

--
-- Table structure for table `user`
--

DROP TABLE IF EXISTS `user`;
/*!40101 SET @saved_cs_client     = @@character_set_client */;
/*!40101 SET character_set_client = utf8 */;
CREATE TABLE `user` (
  `user_no` int(11) NOT NULL AUTO_INCREMENT,
  `username` varchar(20) NOT NULL,
  `u_lname` varchar(50) NOT NULL,
  `u_fname` varchar(50) NOT NULL,
  `u_email` varchar(50) NOT NULL,
  `u_contact` varchar(12) NOT NULL,
  `u_address` varchar(100) NOT NULL,
  `password` varchar(20) NOT NULL DEFAULT 'jhcs',
  `u_activation` int(11) NOT NULL DEFAULT '1',
  `u_type` varchar(45) NOT NULL,
  PRIMARY KEY (`user_no`)
) ENGINE=MyISAM AUTO_INCREMENT=19 DEFAULT CHARSET=latin1;
/*!40101 SET character_set_client = @saved_cs_client */;

--
-- Dumping data for table `user`
--

LOCK TABLES `user` WRITE;
/*!40000 ALTER TABLE `user` DISABLE KEYS */;
INSERT INTO `user` VALUES (1,'admin','','','','','','admin',0,'admin'),(2,'arlene','Ruelos','Arlene','arlene','09067275881','#64 Dontogan Baguio City','arlene',1,'admin'),(3,'jules','Tomines','Jules','jules@gmail.com','09068521451','#21 Bakakeng, Baguio City','jules',1,'inventory'),(4,'jenifer','Reyes','Jenifer','jenifer@gmail.com','09015247863','#6 Bonifacio street, Baguio City ','jenifer',1,'sales'),(5,'aeneid','Adversalo','Aeneid','aeneid.adversalo@gmail.com','09771863559','#55 bakakeng, Baguio City','aeneid',0,'inventory'),(6,'mario','Benitez','Mario','mario@gmail.com','09058456387','#13 Quirino Hill, Baguio City','mario',1,'admin'),(7,'grace','Mendoza','Grace','grace@gmail.com','09057846921','#91 Loakan, Baguio City','jhcs',1,'sales'),(8,'lester','Ramos','Lester','lester@gmail.com','09058456387','#66 Ambiong, Baguio City','jhcs',1,'inventory'),(9,'stephanie','Gomez','Stephanie','stephanie@gmail.com','09058764823','#122 San Carlos, Baguio City','jhcs',1,'sales'),(10,'jerome','DeGuzman','Jerome','jerome@gmail.com','09068413584','#83 Aurora Hill, Baguio City','jhcs',1,'inventory'),(11,'rhianna','Manzon','Rhianna','rhianna@gmail.com','09215478691','#33 Trancoville, Baguio City','jhcs',1,'sales'),(12,'barbie','Fontanilla','Barbie','barbie@gmail.com','09364852179','#194 Tuba, Benguet','jhcs',1,'sales'),(13,'tinang','Caguioa','Tinango','tinzcaguioa1997@gmail.com','09098457841','#123 Dontogan, Baguio City','tintin',1,'sales'),(14,'marife','Latayan','Marife','marife@gmail.com','09054841214','#25 Loakan, Baguio City','marife',1,'admin'),(15,'evelyn','Gascon','Evelyn','evelyn@gmail.com','09215487639','#55 Marcos, Baguio City','jhcs',1,'admin'),(16,'lorlyn','Manzano','Lorlyn','lorlyn@gmail.com','09854756321','#22 tabuyaw, Beguet','jhcs',1,'sales'),(17,'marilou','Baldon','Marilou','marilou@gmail.com','09264875123','#167 New Lucban, Baguio City','marilou',1,'inventory'),(18,'minerva','Bisleg','Minerva','minerva@gmail.com','09845236245','#89 Bonifacio Street, Baguio City','minerva',1,'inventory');
/*!40000 ALTER TABLE `user` ENABLE KEYS */;
UNLOCK TABLES;

--
-- Table structure for table `walkin_raw`
--

DROP TABLE IF EXISTS `walkin_raw`;
/*!40101 SET @saved_cs_client     = @@character_set_client */;
/*!40101 SET character_set_client = utf8 */;
CREATE TABLE `walkin_raw` (
  `wiraw_id` int(11) NOT NULL AUTO_INCREMENT,
  `walkin_id` int(11) NOT NULL,
  `raw_id` int(11) NOT NULL,
  `amount` int(11) NOT NULL,
  PRIMARY KEY (`wiraw_id`),
  KEY `raw_wiraw_idx` (`raw_id`),
  KEY `walk_wiraw_idx` (`walkin_id`)
) ENGINE=InnoDB DEFAULT CHARSET=latin1;
/*!40101 SET character_set_client = @saved_cs_client */;

--
-- Dumping data for table `walkin_raw`
--

LOCK TABLES `walkin_raw` WRITE;
/*!40000 ALTER TABLE `walkin_raw` DISABLE KEYS */;
/*!40000 ALTER TABLE `walkin_raw` ENABLE KEYS */;
UNLOCK TABLES;

--
-- Table structure for table `walkin_sales`
--

DROP TABLE IF EXISTS `walkin_sales`;
/*!40101 SET @saved_cs_client     = @@character_set_client */;
/*!40101 SET character_set_client = utf8 */;
CREATE TABLE `walkin_sales` (
  `walkin_id` int(11) NOT NULL AUTO_INCREMENT,
  `walkin_date` date NOT NULL,
  `walkin_qty` int(11) NOT NULL,
  `walkin_returns` int(11) NOT NULL DEFAULT '0',
  `coff_remark` varchar(80) NOT NULL DEFAULT 'Received',
  `blend_id` int(11) NOT NULL,
  `sticker_id` int(11) DEFAULT NULL,
  `inv_stat` varchar(45) NOT NULL DEFAULT '0',
  `pckng_stat` varchar(45) NOT NULL DEFAULT '0',
  `stckr_stat` varchar(45) NOT NULL DEFAULT '0',
  PRIMARY KEY (`walkin_id`)
) ENGINE=InnoDB AUTO_INCREMENT=22 DEFAULT CHARSET=latin1;
/*!40101 SET character_set_client = @saved_cs_client */;

--
-- Dumping data for table `walkin_sales`
--

LOCK TABLES `walkin_sales` WRITE;
/*!40000 ALTER TABLE `walkin_sales` DISABLE KEYS */;
INSERT INTO `walkin_sales` VALUES (1,'2018-02-14',2,0,'Received',7,NULL,'0','1','1'),(2,'2018-02-09',1,0,'Received',124,NULL,'0','1','1'),(3,'2018-02-09',1,0,'Received',111,NULL,'0','1','1'),(4,'2018-02-09',3,0,'Received',116,NULL,'0','1','1'),(5,'2018-02-09',2,0,'Received',145,NULL,'0','1','1'),(6,'2018-05-28',2,0,'Received',84,NULL,'0','1','1'),(7,'2018-05-28',1,0,'Received',88,NULL,'0','1','1'),(8,'2018-03-24',1,0,'Received',18,NULL,'0','1','1'),(9,'2018-05-28',3,2,'Returned',74,NULL,'0','1','1'),(10,'2018-03-16',2,0,'Received',72,NULL,'0','1','1'),(11,'2018-03-05',1,0,'Received',39,NULL,'0','1','1'),(12,'2018-03-19',3,0,'Received',5,NULL,'0','1','1'),(13,'2018-03-15',2,0,'Received',16,NULL,'0','1','1'),(14,'2018-02-17',2,0,'Received',16,NULL,'0','1','1'),(15,'2018-02-05',2,0,'Received',42,NULL,'0','1','1'),(16,'2018-02-05',2,0,'Received',42,NULL,'0','1','1'),(17,'2018-02-17',1,0,'Received',77,NULL,'0','1','1'),(18,'2018-02-09',1,1,'Returned',35,NULL,'0','1','1'),(19,'2018-02-24',1,1,'Returned',18,NULL,'0','1','1'),(20,'2018-01-17',2,2,'Returned',94,NULL,'0','1','1'),(21,'2018-01-17',2,0,'Received',94,NULL,'0','1','1');
/*!40000 ALTER TABLE `walkin_sales` ENABLE KEYS */;
UNLOCK TABLES;

--
-- Dumping events for database 'jhcs'
--

--
-- Dumping routines for database 'jhcs'
--
/*!40103 SET TIME_ZONE=@OLD_TIME_ZONE */;

/*!40101 SET SQL_MODE=@OLD_SQL_MODE */;
/*!40014 SET FOREIGN_KEY_CHECKS=@OLD_FOREIGN_KEY_CHECKS */;
/*!40014 SET UNIQUE_CHECKS=@OLD_UNIQUE_CHECKS */;
/*!40101 SET CHARACTER_SET_CLIENT=@OLD_CHARACTER_SET_CLIENT */;
/*!40101 SET CHARACTER_SET_RESULTS=@OLD_CHARACTER_SET_RESULTS */;
/*!40101 SET COLLATION_CONNECTION=@OLD_COLLATION_CONNECTION */;
/*!40111 SET SQL_NOTES=@OLD_SQL_NOTES */;

-- Dump completed on 2018-05-31 17:08:26
