-- phpMyAdmin SQL Dump
-- version 4.7.4
-- https://www.phpmyadmin.net/
--
-- Host: 127.0.0.1:3306
-- Generation Time: May 26, 2018 at 06:43 AM
-- Server version: 5.7.19
-- PHP Version: 5.6.31

SET SQL_MODE = "NO_AUTO_VALUE_ON_ZERO";
SET AUTOCOMMIT = 0;
START TRANSACTION;
SET time_zone = "+00:00";


/*!40101 SET @OLD_CHARACTER_SET_CLIENT=@@CHARACTER_SET_CLIENT */;
/*!40101 SET @OLD_CHARACTER_SET_RESULTS=@@CHARACTER_SET_RESULTS */;
/*!40101 SET @OLD_COLLATION_CONNECTION=@@COLLATION_CONNECTION */;
/*!40101 SET NAMES utf8mb4 */;

--
-- Database: `jhcs`
--

-- --------------------------------------------------------

--
-- Table structure for table `activitylogs`
--

DROP TABLE IF EXISTS `activitylogs`;
CREATE TABLE IF NOT EXISTS `activitylogs` (
  `activitylogs_id` int(11) NOT NULL AUTO_INCREMENT,
  `user_no` varchar(45) NOT NULL,
  `timestamp` datetime NOT NULL,
  `message` varchar(100) NOT NULL,
  `type` varchar(45) NOT NULL,
  PRIMARY KEY (`activitylogs_id`),
  UNIQUE KEY `idactivitylogs_UNIQUE` (`activitylogs_id`)
) ENGINE=InnoDB AUTO_INCREMENT=1401 DEFAULT CHARSET=latin1;

--
-- Dumping data for table `activitylogs`
--

INSERT INTO `activitylogs` (`activitylogs_id`, `user_no`, `timestamp`, `message`, `type`) VALUES
(1, '6', '2018-05-24 03:11:06', 'Inserted New Account: Ruelos,Arlene in admin Department ', 'admin'),
(2, '2', '2018-05-24 03:19:03', 'Inserted New Supplier: Alterra Coffee Roasters ', 'admin'),
(3, '2', '2018-05-24 03:20:09', 'Inserted New Supplier: An Giang Coffee ', 'admin'),
(4, '2', '2018-05-24 03:21:05', 'Inserted New Supplier: Bridgehead Coffee ', 'admin'),
(5, '6', '2018-05-24 03:21:30', 'Inserted New Account: Tomines,Jules in inventory Department ', 'admin'),
(6, '2', '2018-05-24 03:22:03', 'Inserted New Supplier: Cafe Bom Dia ', 'admin'),
(7, '2', '2018-05-24 03:22:51', 'Inserted New Supplier: Caffe Vita Coffee Roasting Company ', 'admin'),
(8, '6', '2018-05-24 03:23:15', 'Inserted New Account: Reyes,Jenifer in sales Department ', 'admin'),
(9, '2', '2018-05-24 03:31:17', 'Inserted New Supplier: X-po General Merchandise ', 'admin'),
(10, '2', '2018-05-24 03:31:48', 'Inserted New Packaging: \'clear bag, 250g\'', 'admin'),
(11, '2', '2018-05-24 03:32:06', 'Inserted New Packaging: \'clear bag, 500g\'', 'admin'),
(12, '2', '2018-05-24 03:32:24', 'Inserted New Packaging: \'clear bag, 1000g\'', 'admin'),
(13, '2', '2018-05-24 03:32:36', 'Inserted New Supplier: Allegro Enterprise ', 'admin'),
(14, '2', '2018-05-24 03:34:12', 'Inserted New Supplier: Figaro Coffee Machine Company ', 'admin'),
(15, '2', '2018-05-24 03:35:32', 'Inserted New Supplier: Diedrich Packaging Enterprise ', 'admin'),
(16, '2', '2018-05-24 03:36:00', 'Inserted New Packaging: \'brown bag, 250g\'', 'admin'),
(17, '2', '2018-05-24 03:36:41', 'Inserted New Packaging: \'brown bag, 500g\'', 'admin'),
(18, '2', '2018-05-24 03:36:42', 'Inserted New Supplier: Black Ivory Coffee ', 'admin'),
(19, '2', '2018-05-24 03:37:03', 'Inserted New Packaging: \'brown bag, 1000g\'', 'admin'),
(20, '2', '2018-05-24 03:38:01', 'Inserted New Supplier: Black Ivory Coffee ', 'admin'),
(21, '6', '2018-05-24 03:38:17', 'Inserted New Account: Adversalo,Aeneid in inventory Department ', 'admin'),
(22, '2', '2018-05-24 03:39:36', 'Inserted New Supplier: Cafe Coffee Machine Inc ', 'admin'),
(23, '2', '2018-05-24 03:39:52', 'Inserted New Supplier: Cafe Coffee Machine Inc ', 'admin'),
(24, '2', '2018-05-24 03:41:06', 'Deactivated Supplier: \'Black Ivory Coffee\'', 'admin'),
(25, '2', '2018-05-24 03:41:19', 'Deactivated Supplier: \'Cafe Coffee Machine Inc\'', 'admin'),
(26, '2', '2018-05-24 03:42:51', 'Inserted New Supplier: Coop Kaffe Stickers Enterprise ', 'admin'),
(27, '2', '2018-05-24 03:43:18', 'Inserted Coffee Machine: \'Saeco, Double Cup Espresso\'', 'admin'),
(28, '1', '2018-05-24 03:43:47', 'Inserted New Account: Benitez,Mario in admin Department ', 'admin'),
(29, '2', '2018-05-24 03:43:53', 'Inserted Coffee Machine: \'Grato, Single Cup Espresso\'', 'admin'),
(30, '2', '2018-05-24 03:44:21', 'Inserted Coffee Machine: \'Colet, Triple Cup Espresso\'', 'admin'),
(31, '2', '2018-05-24 03:45:02', 'Updated Supplier: \'Blendz Coffee Machine Inc.\'', 'admin'),
(32, '2', '2018-05-24 03:45:07', 'Activated Supplier: \'Blendz Coffee Machine Inc.\'', 'admin'),
(33, '6', '2018-05-24 03:46:05', 'Inserted New Account: Mendoza,Grace in sales Department ', 'admin'),
(34, '2', '2018-05-24 03:46:14', 'Updated Coffee Machine: Colet, Triple Cup Espresso roast ', 'admin'),
(35, '2', '2018-05-24 03:46:22', 'Updated Supplier: \'Bourbon Coffee Machines\'', 'admin'),
(36, '2', '2018-05-24 03:46:25', 'Updated Coffee Machine: Saeco, Double Cup Espresso roast ', 'admin'),
(37, '2', '2018-05-24 03:46:27', 'Activated Supplier: \'Bourbon Coffee Machines\'', 'admin'),
(38, '2', '2018-05-24 03:47:04', 'Inserted Coffee Machine: \'Lirika, Single Cup Espresso\'', 'admin'),
(39, '2', '2018-05-24 03:47:27', 'Inserted Coffee Machine: \'Piccolina, Double Cup Espresso\'', 'admin'),
(40, '2', '2018-05-24 03:48:26', 'Inserted Coffee Machine: \'Piccolina, Triple Cup Espresso\'', 'admin'),
(41, '6', '2018-05-24 03:48:26', 'Inserted New Account: Ramos,Lester in inventory Department ', 'admin'),
(42, '2', '2018-05-24 03:48:45', 'Inserted New Supplier: Dunn Bros Sticker Press ', 'admin'),
(43, '2', '2018-05-24 03:49:07', 'Inserted Coffee Machine: \'Bunn, Single Cup Espresso\'', 'admin'),
(44, '2', '2018-05-24 03:49:13', 'Updated Supplier: \'Nero Coffee Machine Company\'', 'admin'),
(45, '6', '2018-05-24 03:49:45', 'Inserted New Account: Gomez,Stephanie in sales Department ', 'admin'),
(46, '2', '2018-05-24 03:49:49', 'Inserted Coffee Machine: \'Percolator, Double Cup Espresso\'', 'admin'),
(47, '2', '2018-05-24 03:50:45', 'Inserted Coffee Machine: \'Bravilor, Double Cup Espresso\'', 'admin'),
(48, '2', '2018-05-24 03:51:13', 'Inserted Coffee Machine: \'AVR, Triple Cup Espresso\'', 'admin'),
(49, '2', '2018-05-24 03:51:24', 'Inserted New Supplier: Gimme! Stickers Printing ', 'admin'),
(50, '2', '2018-05-24 03:51:24', 'Updated Coffee Machine: Grato, Double Cup Espresso roast ', 'admin'),
(51, '6', '2018-05-24 03:51:25', 'Inserted New Account: DeGuzman,Jerome in inventory Department ', 'admin'),
(52, '2', '2018-05-24 03:53:17', 'Inserted New Raw Coffee: Guatamela,city roast roast ', 'admin'),
(53, '2', '2018-05-24 03:53:32', 'Inserted New Client: Eurotel under Coffee Service ', 'admin'),
(54, '2', '2018-05-24 03:53:55', 'Updated Raw Coffee: Guatamela, city roast roast ', 'admin'),
(55, '2', '2018-05-24 03:54:08', 'Updated Raw Coffee: Guatamela, city roast roast ', 'admin'),
(56, '6', '2018-05-24 03:54:38', 'Inserted New Account: Manzon,Rhianna in sales Department ', 'admin'),
(57, '2', '2018-05-24 03:55:02', 'Inserted New Supplier: Coffeepack Enterprise ', 'admin'),
(58, '2', '2018-05-24 03:56:50', 'Inserted New Raw Coffee: Guatamela,medium roast roast ', 'admin'),
(59, '2', '2018-05-24 03:56:58', 'Updated Raw Coffee: Guatamela, city roast roast ', 'admin'),
(60, '2', '2018-05-24 03:57:13', 'Updated Raw Coffee: Guatemela, city roast roast ', 'admin'),
(61, '2', '2018-05-24 03:57:24', 'Updated Raw Coffee: Guatemela, city roast roast ', 'admin'),
(62, '2', '2018-05-24 03:57:33', 'Updated Raw Coffee: Guatemela, city roast roast ', 'admin'),
(63, '6', '2018-05-24 03:58:53', 'Inserted New Account: Fontanilla,Barbie in sales Department ', 'admin'),
(64, '6', '2018-05-24 04:00:45', 'Inserted New Account: Caguioa,Tinang in sales Department ', 'admin'),
(65, '2', '2018-05-24 04:03:00', 'Inserted New Raw Coffee: Guatemela,light roast roast ', 'admin'),
(66, '2', '2018-05-24 04:05:32', 'Inserted New Client: Bloomfield Hotel (Patch Cafe) under Retail ', 'admin'),
(67, '2', '2018-05-24 04:06:08', 'Inserted New Raw Coffee: Barako,light roast roast ', 'admin'),
(68, '2', '2018-05-24 04:06:59', 'Inserted New Client: Bread House under Coffee Service ', 'admin'),
(69, '2', '2018-05-24 04:08:26', 'Inserted New Client: Bowknot Brewery Inc. under Coffee Service ', 'admin'),
(70, '2', '2018-05-24 04:09:22', 'Updated Raw Coffee: Guatemela, city roast roast ', 'admin'),
(71, '2', '2018-05-24 04:09:31', 'Updated Raw Coffee: Guatemela, city roast roast ', 'admin'),
(72, '2', '2018-05-24 04:10:22', 'Inserted New Raw Coffee: Sumatra,city roast roast ', 'admin'),
(73, '2', '2018-05-24 04:10:41', 'Inserted New Raw Coffee: Sumatra,medium roast roast ', 'admin'),
(74, '2', '2018-05-24 04:10:58', 'Inserted New Raw Coffee: Sumatra,light roast roast ', 'admin'),
(75, '2', '2018-05-24 04:11:09', 'Inserted New Client: Bote Central Roasting Machine under Coffee Service ', 'admin'),
(76, '2', '2018-05-24 04:11:44', 'Inserted New Raw Coffee: Robusta,city roast roast ', 'admin'),
(77, '2', '2018-05-24 04:12:07', 'Inserted New Raw Coffee: Robusta,medium roast roast ', 'admin'),
(78, '2', '2018-05-24 04:12:22', 'Inserted New Client: Camp John Hay Golf Club under Retail ', 'admin'),
(79, '2', '2018-05-24 04:13:28', 'Inserted New Client: Canto Restaurant under Coffee Service ', 'admin'),
(80, '2', '2018-05-24 04:13:49', 'Updated Supplier: \'Mr. Beans Enterprise\'', 'admin'),
(81, '2', '2018-05-24 04:15:06', 'Inserted New Raw Coffee: Robusta,light roast roast ', 'admin'),
(82, '2', '2018-05-24 04:15:09', 'Inserted New Client: Cafe de Seoul under Coffee Service ', 'admin'),
(83, '2', '2018-05-24 04:15:56', 'Updated Raw Coffee: Guatemela, city roast roast ', 'admin'),
(84, '2', '2018-05-24 04:16:04', 'Inserted New Client: Cafe Caw under Retail ', 'admin'),
(85, '2', '2018-05-24 04:16:07', 'Updated Raw Coffee: Guatemela, medium roast roast ', 'admin'),
(86, '2', '2018-05-24 04:16:31', 'Updated Raw Coffee: Sumatra, city roast roast ', 'admin'),
(87, '2', '2018-05-24 04:16:42', 'Updated Raw Coffee: Sumatra, city roast roast ', 'admin'),
(88, '2', '2018-05-24 04:16:52', 'Updated Raw Coffee: Sumatra, city roast roast ', 'admin'),
(89, '2', '2018-05-24 04:17:20', 'Inserted New Client: Citrus Restaurant under Coffee Service ', 'admin'),
(90, '2', '2018-05-24 04:17:47', 'Inserted New Raw Coffee: Barako,medium roast roast ', 'admin'),
(91, '2', '2018-05-24 04:18:03', 'Inserted New Raw Coffee: Barako,city roast roast ', 'admin'),
(92, '2', '2018-05-24 05:28:21', 'Inserted New Client: John Hay Water System, Inc. under Retail ', 'admin'),
(93, '2', '2018-05-24 05:29:12', 'Inserted New Client: Kahuna Beach Resort and spa under Coffee Service ', 'admin'),
(94, '2', '2018-05-24 05:30:10', 'Inserted New Client:  Kintetsu World Express under Coffee Service ', 'admin'),
(95, '2', '2018-05-24 05:30:29', 'Inserted New Raw Coffee: Benguet,city roast roast ', 'admin'),
(96, '2', '2018-05-24 05:30:49', 'Inserted New Raw Coffee: Benguet,medium roast roast ', 'admin'),
(97, '2', '2018-05-24 05:30:56', 'Inserted New Client: La Casa Blanca under Coffee Service ', 'admin'),
(98, '2', '2018-05-24 05:31:01', 'Inserted New Raw Coffee: Benguet,light roast roast ', 'admin'),
(99, '2', '2018-05-24 05:31:47', 'Inserted New Client: La Parilla under Coffee Service ', 'admin'),
(100, '2', '2018-05-24 05:32:18', 'Inserted New Raw Coffee: Colombia,city roast roast ', 'admin'),
(101, '2', '2018-05-24 05:32:36', 'Inserted New Raw Coffee: Colombia,medium roast roast ', 'admin'),
(102, '2', '2018-05-24 05:32:48', 'Inserted New Client: La Tienda under Retail ', 'admin'),
(103, '2', '2018-05-24 05:32:56', 'Inserted New Raw Coffee: Colombia,light roast roast ', 'admin'),
(104, '2', '2018-05-24 05:34:58', 'Inserted New Client: Le Chef Manor under Coffee Service ', 'admin'),
(105, '2', '2018-05-24 05:35:05', 'Inserted New Client:  under  ', 'admin'),
(106, '2', '2018-05-24 05:35:17', 'Inserted New Client: Colleen Curran under Retail ', 'admin'),
(107, '2', '2018-05-24 05:36:28', 'Inserted New Client: ATACOGMAC under Coffee Service ', 'admin'),
(108, '2', '2018-05-24 05:37:21', 'Inserted New Client: Le Chef Golf under Retail ', 'admin'),
(109, '2', '2018-05-24 05:38:13', 'Inserted New Client: Le Chef Southwoods under Coffee Service ', 'admin'),
(110, '2', '2018-05-24 05:38:25', 'Inserted New Client: ABS CBN under Retail ', 'admin'),
(111, '2', '2018-05-24 05:38:39', 'Inserted Sticker: \'Eurotel Sticker\'', 'admin'),
(112, '2', '2018-05-24 05:38:56', 'Inserted New Client: Le Chef -Paranaque under Coffee Service ', 'admin'),
(113, '2', '2018-05-24 05:39:08', 'Inserted Sticker: \'Guatamela Rainforest Sticker\'', 'admin'),
(114, '2', '2018-05-24 05:39:34', 'Inserted New Client: Le Chef Accounting under Coffee Service ', 'admin'),
(115, '2', '2018-05-24 05:39:37', 'Inserted New Client: Connies Kitchen under Coffee Service ', 'admin'),
(116, '2', '2018-05-24 05:39:55', 'Inserted Sticker: \'Cordillera Sunrise Sticker\'', 'admin'),
(117, '2', '2018-05-24 05:40:12', 'Inserted New Supplier: Porta Vaga Stall  ', 'admin'),
(118, '2', '2018-05-24 05:40:17', 'Inserted Sticker: \'Sumatra Night\'', 'admin'),
(119, '2', '2018-05-24 05:40:22', 'Inserted New Client: Lemon & Olives under Coffee Service ', 'admin'),
(120, '2', '2018-05-24 05:40:39', 'Updated Sticker: \'Sumatra Night Sticker\'', 'admin'),
(121, '2', '2018-05-24 05:40:46', 'Inserted New Coffee Blend: Guatamela Rainforest, clear bag 250 grams in Existing blend ', 'admin'),
(122, '2', '2018-05-24 05:41:07', 'Inserted New Client: Le Festin Trading, Inc. (Gourmet) under Retail ', 'admin'),
(123, '2', '2018-05-24 05:41:22', 'Inserted New Client: Cosy\'s Cafe and Roasterie under Coffee Service ', 'admin'),
(124, '2', '2018-05-24 05:42:14', 'Inserted New Client: Lighthouse Marina Resort under Retail ', 'admin'),
(125, '2', '2018-05-24 05:42:32', 'Inserted Sticker: \'Chefs Blend Sticker\'', 'admin'),
(126, '2', '2018-05-24 05:42:38', 'Inserted New Client: Edwin Hui under Retail ', 'admin'),
(127, '2', '2018-05-24 05:42:39', 'Updated Sticker: \'Cordillera Sunrise Sticker\'', 'admin'),
(128, '2', '2018-05-24 05:43:03', 'Inserted New Client: Mario\'s Restaurant (Baguio) under Coffee Service ', 'admin'),
(129, '2', '2018-05-24 05:43:32', 'Inserted Sticker: \'Espresso Blend Sticker\'', 'admin'),
(130, '2', '2018-05-24 05:43:39', 'Updated Sticker: \'Sumatra Night Sticker\'', 'admin'),
(131, '2', '2018-05-24 05:43:45', 'Inserted New Client: Mario\'s Restaurant (Q.C) under Retail ', 'admin'),
(132, '2', '2018-05-24 05:44:10', 'Inserted New Client: Escala under Coffee Service ', 'admin'),
(133, '2', '2018-05-24 05:44:31', 'Inserted New Client: Mr. Hapi Bakery & Mami House under Coffee Service ', 'admin'),
(134, '2', '2018-05-24 05:45:22', 'Inserted New Client: Fil Estate under Coffee Service ', 'admin'),
(135, '2', '2018-05-24 05:45:37', 'Updated Supplier: \'Porta Vaga Stall \'', 'admin'),
(136, '2', '2018-05-24 05:45:38', 'Inserted New Client: Prof. Valentino Macanes under Retail ', 'admin'),
(137, '6', '2018-05-24 05:47:02', 'Inserted New Client: Eurotel under Retail ', 'admin'),
(138, '2', '2018-05-24 05:47:04', 'Inserted New Account: Latayan,Marife in admin Department ', 'admin'),
(139, '2', '2018-05-24 05:47:18', 'Inserted New Supplier: Baguio City Graphics and Design ', 'admin'),
(140, '6', '2018-05-24 05:47:48', 'Inserted New Client: ABS CBN under Retail ', 'admin'),
(141, '14', '2018-05-24 05:47:54', 'Updated Sticker: \'Guatemela Rainforest Sticker\'', 'admin'),
(142, '2', '2018-05-24 05:48:08', 'Inserted New Account: Gascon,Evelyn in admin Department ', 'admin'),
(143, '14', '2018-05-24 05:48:25', 'Inserted Sticker: \'Breakfast Blend Sticker\'', 'admin'),
(144, '14', '2018-05-24 05:48:35', 'Updated Sticker: \'Chefs Blend Sticker\'', 'admin'),
(145, '6', '2018-05-24 05:48:35', 'Inserted New Client: Grumpy Joe under Retail ', 'admin'),
(146, '14', '2018-05-24 05:48:43', 'Updated Sticker: \'Cordillera Sunrise Sticker\'', 'admin'),
(147, '2', '2018-05-24 05:49:21', 'Inserted New Supplier: Rush Wiz Printing Shop ', 'admin'),
(148, '6', '2018-05-24 05:49:24', 'Inserted New Client: Cafe de Manor under Retail ', 'admin'),
(149, '2', '2018-05-24 05:49:31', 'Inserted New Account: Manzano,Lorlyn in sales Department ', 'admin'),
(150, '14', '2018-05-24 05:49:56', 'Inserted Sticker: \'Mabuhay Blend Sticker\'', 'admin'),
(151, '15', '2018-05-24 05:50:13', 'Inserted New Client: Wack Wack under Coffee Service ', 'admin'),
(152, '14', '2018-05-24 05:50:17', 'Inserted Sticker: \'Fiesta Blend Sticker\'', 'admin'),
(153, '6', '2018-05-24 05:50:37', 'Inserted New Client: Best Western Oxford Suites under Coffee Service ', 'admin'),
(154, '14', '2018-05-24 05:50:39', 'Inserted Sticker: \'Kalayaan Blend Sticker\'', 'admin'),
(155, '2', '2018-05-24 05:50:56', 'Inserted New Account: Baldon,Marilou in inventory Department ', 'admin'),
(156, '2', '2018-05-24 05:51:26', 'Inserted New Supplier: Baguio Allied Printers & General Merchandise ', 'admin'),
(157, '6', '2018-05-24 05:51:28', 'Inserted New Client: Baguio Country Club under Coffee Service ', 'admin'),
(158, '15', '2018-05-24 05:51:34', 'Inserted New Client: Forest Hills (PAR72) under Coffee Service ', 'admin'),
(159, '2', '2018-05-24 05:52:11', 'Inserted New Account: Bisleg,Minerva in inventory Department ', 'admin'),
(160, '6', '2018-05-24 05:52:33', 'Inserted New Client: Bioessence under Coffee Service ', 'admin'),
(161, '6', '2018-05-24 05:53:19', 'Inserted New Client: Blackwoods under Coffee Service ', 'admin'),
(162, '15', '2018-05-24 05:53:53', 'Inserted New Client: Gerry\'s Grill Treasury under Retail ', 'admin'),
(163, '2', '2018-05-24 05:54:11', 'Updated Coffee Blend: Guatamela Rainforest, clear Bag 250 grams in Existing ', 'admin'),
(164, '2', '2018-05-24 05:54:50', 'Inserted New Coffee Blend: Guatamela Rainforest, brown bag 250 grams in Existing blend ', 'admin'),
(165, '15', '2018-05-24 05:55:04', 'Inserted New Client: Gerry\'s Grill Purchasing under Coffee Service ', 'admin'),
(166, '14', '2018-05-24 05:55:07', 'Inserted New Client: Keiffeir Coffee Shop under Coffee Service ', 'admin'),
(167, '2', '2018-05-24 05:55:19', 'Inserted New Coffee Blend: Guatamela Rainforest, clear bag 500 grams in Existing blend ', 'admin'),
(168, '2', '2018-05-24 05:55:41', 'Inserted New Coffee Blend: Guatamela Rainforest, brown bag 500 grams in Existing blend ', 'admin'),
(169, '15', '2018-05-24 05:56:55', 'Inserted New Client: Gweilo Corp (Amelie Hotel) under Coffee Service ', 'admin'),
(170, '2', '2018-05-24 05:57:02', 'Inserted New Coffee Blend: Guatamela Rainforest, clear bag 1000 grams in Existing blend ', 'admin'),
(171, '6', '2018-05-24 05:59:30', 'Inserted Sticker: \'La Parilla Sticker\'', 'admin'),
(172, '6', '2018-05-24 06:00:22', 'Inserted Sticker: \'La Tienda\'', 'admin'),
(173, '6', '2018-05-24 06:00:51', 'Inserted Sticker: \'Le Chef Manor Sticker\'', 'admin'),
(174, '6', '2018-05-24 06:01:01', 'Updated Sticker: \'La Tienda Sticker\'', 'admin'),
(175, '6', '2018-05-24 06:01:26', 'Inserted Sticker: \'ATACOGMAC\'', 'admin'),
(176, '6', '2018-05-24 06:01:52', 'Inserted Sticker: \'Le Chef Golf\'', 'admin'),
(177, '6', '2018-05-24 06:02:58', 'Inserted Sticker: \'\'', 'admin'),
(178, '6', '2018-05-24 06:03:25', 'Updated Sticker: \'Le Chef Golf Sticker\'', 'admin'),
(179, '6', '2018-05-24 06:03:34', 'Updated Sticker: \'ATACOGMAC Sticker\'', 'admin'),
(180, '6', '2018-05-24 06:04:06', 'Inserted Sticker: \'Le Chef Southwoods Sticker\'', 'admin'),
(181, '6', '2018-05-24 06:04:43', 'Inserted Sticker: \'Le Chef Paranaque Sticker\'', 'admin'),
(182, '6', '2018-05-24 06:05:10', 'Inserted Sticker: \'Le Chef Accounting Sticker\'', 'admin'),
(183, '2', '2018-05-24 06:05:39', 'Inserted Sticker: \'Bloomfield Patch Cafe Sticker\'', 'admin'),
(184, '14', '2018-05-24 06:05:39', 'Updated Client information: 40\'s Diner under Retail ', 'admin'),
(185, '6', '2018-05-24 06:05:42', 'Inserted Sticker: \'Lemon and Olives Sticker\'', 'admin'),
(186, '6', '2018-05-24 06:06:11', 'Inserted Sticker: \'Le Festin Trading Sticker\'', 'admin'),
(187, '2', '2018-05-24 06:06:32', 'Inserted Sticker: \'Connies Kitchen Sticker\'', 'admin'),
(188, '2', '2018-05-24 06:06:41', 'Inserted Sticker: \'Eurotel Sticker\'', 'admin'),
(189, '2', '2018-05-24 06:08:00', 'Inserted Sticker: \'Citrus Restaurant Sticker\'', 'admin'),
(190, '14', '2018-05-24 06:08:05', 'Inserted Sticker: \'Cosys Cafe and Roasterie Sticker\'', 'admin'),
(191, '2', '2018-05-24 06:08:13', 'Inserted Sticker: \'ABS CBN Sticker\'', 'admin'),
(192, '14', '2018-05-24 06:08:24', 'Inserted Sticker: \'Lighthouse Marina Resort Sticker\'', 'admin'),
(193, '6', '2018-05-24 06:08:37', 'Inserted Sticker: \'ABS CBN Sticker\'', 'admin'),
(194, '14', '2018-05-24 06:08:39', 'Inserted Sticker: \'Bread House Sticker\'', 'admin'),
(195, '2', '2018-05-24 06:08:45', 'Inserted Sticker: \'John Hay Water System Inc Sticker\'', 'admin'),
(196, '14', '2018-05-24 06:08:55', 'Inserted Sticker: \'Edwin Hui\'', 'admin'),
(197, '6', '2018-05-24 06:09:15', 'Inserted Sticker: \'Blackwoods Sticker\'', 'admin'),
(198, '14', '2018-05-24 06:09:24', 'Inserted Sticker: \'Marios Restaurant Baguio \'', 'admin'),
(199, '2', '2018-05-24 06:09:25', 'Inserted Sticker: \'Kahuna Beach Resort and Spa\'', 'admin'),
(200, '2', '2018-05-24 06:09:32', 'Inserted Sticker: \'Grumpy Joe Sticker\'', 'admin'),
(201, '14', '2018-05-24 06:09:38', 'Updated Sticker: \'Edwin Hui Sticker\'', 'admin'),
(202, '14', '2018-05-24 06:09:49', 'Updated Sticker: \'Kahuna Beach Resort and Spa Sticker\'', 'admin'),
(203, '14', '2018-05-24 06:09:56', 'Updated Sticker: \'Marios Restaurant Baguio Sticker\'', 'admin'),
(204, '6', '2018-05-24 06:10:07', 'Inserted Sticker: \'Gerrys Grill Stiker\'', 'admin'),
(205, '2', '2018-05-24 06:10:08', 'Inserted Sticker: \'Kintetsu World Express Sticker\'', 'admin'),
(206, '14', '2018-05-24 06:10:18', 'Inserted Sticker: \'Marios Restaurant Manila Sticker\'', 'admin'),
(207, '2', '2018-05-24 06:10:32', 'Inserted Sticker: \'Bowknot Brewery Sticker\'', 'admin'),
(208, '6', '2018-05-24 06:10:32', 'Inserted Sticker: \'Keiffeir Coffee Shop Sticker\'', 'admin'),
(209, '14', '2018-05-24 06:10:44', 'Inserted Sticker: \'Escala Sticker\'', 'admin'),
(210, '2', '2018-05-24 06:11:03', 'Inserted Sticker: \'Cafe de Manor Sticker\'', 'admin'),
(211, '6', '2018-05-24 06:11:11', 'Inserted Sticker: \'Bote Central Sticker\'', 'admin'),
(212, '2', '2018-05-24 06:11:13', 'Inserted Sticker: \'La Casa Blanca\'', 'admin'),
(213, '14', '2018-05-24 06:11:24', 'Inserted Sticker: \'Hapi Bakery and Mami House\'', 'admin'),
(214, '2', '2018-05-24 06:11:30', 'Inserted Sticker: \'Wack Wack Sticker\'', 'admin'),
(215, '14', '2018-05-24 06:11:37', 'Inserted Sticker: \'Fil Estate\'', 'admin'),
(216, '2', '2018-05-24 06:11:40', 'Inserted Sticker: \'La Parilla\'', 'admin'),
(217, '6', '2018-05-24 06:11:42', 'Inserted Sticker: \'Amelie Hotel Sticker\'', 'admin'),
(218, '6', '2018-05-24 06:11:52', 'Updated Sticker: \'Bote Central Sticker\'', 'admin'),
(219, '6', '2018-05-24 06:12:05', 'Updated Sticker: \'Keiffeir Coffee Shop Sticker\'', 'admin'),
(220, '2', '2018-05-24 06:12:05', 'Inserted Sticker: \'La Tienda\'', 'admin'),
(221, '14', '2018-05-24 06:12:17', 'Inserted Sticker: \'Professor Valentino Macanes Sticker\'', 'admin'),
(222, '2', '2018-05-24 06:12:22', 'Inserted Sticker: \'Best Western Oxford Suites Sticker\'', 'admin'),
(223, '14', '2018-05-24 06:12:31', 'Updated Sticker: \'Fil Estate Sticker\'', 'admin'),
(224, '6', '2018-05-24 06:12:36', 'Inserted Sticker: \'Camp John Hay Golf Club Sticker\'', 'admin'),
(225, '2', '2018-05-24 06:12:37', 'Inserted Sticker: \'Le Chef Manor Sticker\'', 'admin'),
(226, '14', '2018-05-24 06:12:44', 'Updated Sticker: \'La Casa Blanca Sticker\'', 'admin'),
(227, '14', '2018-05-24 06:12:51', 'Updated Sticker: \'La Parilla Sticker\'', 'admin'),
(228, '2', '2018-05-24 06:12:55', 'Inserted Sticker: \'Baguio Country Club Sticker\'', 'admin'),
(229, '6', '2018-05-24 06:12:55', 'Inserted Sticker: \'Canto Restaurant\'', 'admin'),
(230, '14', '2018-05-24 06:12:59', 'Updated Sticker: \'La Tienda Sticker\'', 'admin'),
(231, '14', '2018-05-24 06:13:10', 'Updated Sticker: \'Canto Restaurant Sticker\'', 'admin'),
(232, '6', '2018-05-24 06:13:14', 'Inserted Sticker: \'Cafe de Seoul\'', 'admin'),
(233, '2', '2018-05-24 06:13:16', 'Inserted Sticker: \'Forest Hills Sticker\'', 'admin'),
(234, '14', '2018-05-24 06:13:20', 'Updated Sticker: \'Hapi Bakery and Mami House Sticker\'', 'admin'),
(235, '14', '2018-05-24 06:13:40', 'Updated Sticker: \'Cafe de Seoul Sticker\'', 'admin'),
(236, '6', '2018-05-24 06:13:41', 'Inserted Sticker: \'Cafe Caw Sticker\'', 'admin'),
(237, '2', '2018-05-24 06:13:48', 'Inserted Sticker: \'Bote Central Roasting Sticker\'', 'admin'),
(238, '2', '2018-05-24 06:14:22', 'Inserted Sticker: \'Colleen Curran Sticker\'', 'admin'),
(239, '6', '2018-05-24 06:15:31', 'Updated Sticker: \'GMA Sticker\'', 'admin'),
(240, '2', '2018-05-24 06:18:03', 'Inserted New Coffee Blend: Guatamela Rainforest, brown bag 1000 grams in Existing blend ', 'admin'),
(241, '2', '2018-05-24 06:19:35', 'Inserted New Coffee Blend: Cordillera Sunrise, clear bag 250 grams in Existing blend ', 'admin'),
(242, '2', '2018-05-24 06:20:01', 'Inserted New Coffee Blend (Client): Citrus Restaurant Blend .', 'admin'),
(243, '2', '2018-05-24 06:20:09', 'Inserted New Coffee Blend: Cordillera Sunrise, brown bag 250 grams in Existing blend ', 'admin'),
(244, '2', '2018-05-24 06:20:57', 'Updated Client information: Kahuna Beach Resort and Spa under Retail ', 'admin'),
(245, '2', '2018-05-24 06:20:59', 'Inserted New Coffee Blend: Cordillera Sunrise, clear bag 500 grams in Existing blend ', 'admin'),
(246, '2', '2018-05-24 06:21:31', 'Inserted New Coffee Blend: Cordillera Sunrise, brown bag 500 grams in Existing blend ', 'admin'),
(247, '2', '2018-05-24 06:21:56', 'Inserted New Coffee Blend (Client): ABS CBN Blend .', 'admin'),
(248, '2', '2018-05-24 06:21:57', 'Inserted New Coffee Blend (Client): La Casa Blanca Blend .', 'admin'),
(249, '14', '2018-05-24 06:22:04', 'Inserted New Coffee Blend (Client): Cosys Cafe and Roasterie .', 'admin'),
(250, '2', '2018-05-24 06:22:04', 'Inserted New Coffee Blend: Cordillera Sunrise, clear bag 1000 grams in Existing blend ', 'admin'),
(251, '2', '2018-05-24 06:22:42', 'Inserted New Coffee Blend: Cordillera Sunrise, brown bag 1000 grams in Existing blend ', 'admin'),
(252, '6', '2018-05-24 06:22:55', 'Updated Client information: Eurotel Baguio under Retail ', 'admin'),
(253, '2', '2018-05-24 06:23:53', 'Inserted New Coffee Blend: Sumatra Night, clear bag 250 grams in Existing blend ', 'admin'),
(254, '2', '2018-05-24 06:24:49', 'Inserted New Coffee Blend: Sumatra Night, brown bag 250 grams in Existing blend ', 'admin'),
(255, '6', '2018-05-24 06:25:04', 'Inserted New Coffee Blend (Client): Fourtys Diner Blend .', 'admin'),
(256, '14', '2018-05-24 06:25:20', 'Updated Raw Coffee: Sumatra, medium roast roast ', 'admin'),
(257, '14', '2018-05-24 06:25:35', 'Updated Raw Coffee: Sumatra, light roast roast ', 'admin'),
(258, '2', '2018-05-24 06:25:37', 'Inserted New Coffee Blend: Sumatra Night, clear bag 500 grams in Existing blend ', 'admin'),
(259, '6', '2018-05-24 06:25:48', 'Inserted New Coffee Blend (Client): ABS CBN Blend .', 'admin'),
(260, '2', '2018-05-24 06:26:03', 'Inserted New Coffee Blend: Sumatra Night, brown bag 500 grams in Existing blend ', 'admin'),
(261, '2', '2018-05-24 06:26:25', 'Inserted New Coffee Blend (Client): La Parilla Blend .', 'admin'),
(262, '2', '2018-05-24 06:26:31', 'Inserted New Coffee Blend: Sumatra Night, clear bag 1000 grams in Existing blend ', 'admin'),
(263, '14', '2018-05-24 06:26:34', 'Inserted New Coffee Blend (Client): Lighthouse Marina Blend .', 'admin'),
(264, '14', '2018-05-24 06:27:15', 'Inserted New Coffee Blend (Client): Bread House Blend .', 'admin'),
(265, '2', '2018-05-24 06:27:43', 'Inserted New Coffee Blend (Client): La Tienda Blend .', 'admin'),
(266, '14', '2018-05-24 06:28:20', 'Inserted New Coffee Blend (Client): Edwin Hui Blend .', 'admin'),
(267, '2', '2018-05-24 06:28:41', 'Inserted New Coffee Blend (Client): Le Chef Manor Blend .', 'admin'),
(268, '2', '2018-05-24 06:29:01', 'Inserted New Coffee Blend: Sumatra Night, brown bag 1000 grams in Existing blend ', 'admin'),
(269, '6', '2018-05-24 06:29:18', 'Inserted New Coffee Blend (Client): Grumpy Joe Blend .', 'admin'),
(270, '2', '2018-05-24 06:29:48', 'Inserted New Coffee Blend (Client): Colleen Curran Blend .', 'admin'),
(271, '6', '2018-05-24 06:29:52', 'Inserted New Coffee Blend (Client): Bowknot Brewery Blend .', 'admin'),
(272, '14', '2018-05-24 06:29:56', 'Inserted New Coffee Blend (Client): Escala Blend .', 'admin'),
(273, '2', '2018-05-24 06:30:22', 'Inserted New Coffee Blend: Chefs Blend, clear bag 250 grams in Existing blend ', 'admin'),
(274, '6', '2018-05-24 06:30:26', 'Inserted New Coffee Blend (Client): Cafe de Manor Blend .', 'admin'),
(275, '14', '2018-05-24 06:30:31', 'Inserted New Coffee Blend (Client): Hapi Bakery and Mami House Blend .', 'admin'),
(276, '2', '2018-05-24 06:30:48', 'Inserted New Coffee Blend (Client): Grumpy Joe Blend .', 'admin'),
(277, '2', '2018-05-24 06:30:48', 'Inserted New Coffee Blend: Chefs Blend, brown bag 250 grams in Existing blend ', 'admin'),
(278, '6', '2018-05-24 06:30:57', 'Inserted New Coffee Blend (Client): Wack Wack Blend .', 'admin'),
(279, '14', '2018-05-24 06:31:07', 'Inserted New Coffee Blend (Client): Fil Estate Blend .', 'admin'),
(280, '2', '2018-05-24 06:31:17', 'Inserted New Coffee Blend: Chefs Blend, clear bag 500 grams in Existing blend ', 'admin'),
(281, '6', '2018-05-24 06:31:38', 'Inserted New Coffee Blend (Client): Best Western Oxford Suites Blend .', 'admin'),
(282, '2', '2018-05-24 06:31:46', 'Inserted New Coffee Blend (Client): Bowknot Brewery Blend .', 'admin'),
(283, '6', '2018-05-24 06:32:08', 'Inserted New Coffee Blend (Client): Baguio Country Club Blend .', 'admin'),
(284, '14', '2018-05-24 06:32:10', 'Inserted New Coffee Blend (Client): Professor Valentino Macanes Blend .', 'admin'),
(285, '2', '2018-05-24 06:32:31', 'Inserted New Coffee Blend (Client): Cafe de Manor Blend .', 'admin'),
(286, '6', '2018-05-24 06:32:36', 'Inserted New Coffee Blend (Client): Forest Hills Blend .', 'admin'),
(287, '6', '2018-05-24 06:33:06', 'Inserted New Coffee Blend (Client): Bioessence Blend .', 'admin'),
(288, '2', '2018-05-24 06:34:24', 'Inserted New Coffee Blend (Client): Baguio Country Club Blend .', 'admin'),
(289, '2', '2018-05-24 06:34:56', 'Inserted New Coffee Blend (Client): Forest Hills Blend .', 'admin'),
(290, '14', '2018-05-24 06:34:58', 'Inserted New Coffee Blend (Client): Blackwoods Blend .', 'admin'),
(291, '14', '2018-05-24 06:35:36', 'Inserted New Coffee Blend (Client): Gerrys Grill Treasury Blend .', 'admin'),
(292, '2', '2018-05-24 06:35:38', 'Inserted New Coffee Blend (Client): Bioessence Blend .', 'admin'),
(293, '2', '2018-05-24 06:35:44', 'Inserted New Coffee Blend: Chefs Blend, brown bag 500 grams in Existing blend ', 'admin'),
(294, '6', '2018-05-24 06:35:50', 'Updated Client information: GMA under Retail ', 'admin'),
(295, '2', '2018-05-24 06:36:32', 'Inserted New Coffee Blend: Chefs Blend, clear bag 1000 grams in Existing blend ', 'admin'),
(296, '2', '2018-05-24 06:36:42', 'Inserted New Coffee Blend (Client): Western Oxford Suites Blend .', 'admin'),
(297, '14', '2018-05-24 06:36:46', 'Inserted New Coffee Blend (Client): Gerrys Grill Purchasing Blend .', 'admin'),
(298, '14', '2018-05-24 06:37:29', 'Inserted New Coffee Blend (Client): Keiffeir Coffee Shop Blend .', 'admin'),
(299, '2', '2018-05-24 06:38:21', 'Inserted New Coffee Blend: Chefs Blend, brown bag 1000 grams in Existing blend ', 'admin'),
(300, '14', '2018-05-24 06:41:08', 'Inserted New Coffee Blend (Client): Camp John Hay Golf Club Blend .', 'admin'),
(301, '14', '2018-05-24 06:44:31', 'Inserted New Coffee Blend (Client): Gweilo Corp Blend .', 'admin'),
(302, '14', '2018-05-24 06:44:54', 'Inserted New Coffee Blend (Client): Canto Restaurant  Blend .', 'admin'),
(303, '14', '2018-05-24 06:45:27', 'Inserted New Coffee Blend (Client): Cafe de Seoul Blend .', 'admin'),
(304, '14', '2018-05-24 06:46:04', 'Inserted New Coffee Blend (Client): Cafe Caw .', 'admin'),
(305, '14', '2018-05-24 06:47:50', 'Updated Packaging: \'brown bag bag, 250g\'', 'admin'),
(306, '14', '2018-05-24 06:47:57', 'Updated Packaging: \'brown bag bag, 250g\'', 'admin'),
(307, '14', '2018-05-24 06:48:24', 'Updated Packaging: \'brown bag  bag, 250g\'', 'admin'),
(308, '14', '2018-05-24 06:48:38', 'Updated Packaging: \'brown bag  bag, 250g\'', 'admin'),
(309, '14', '2018-05-24 06:48:59', 'Updated Packaging: \'brown bag, 250g\'', 'admin'),
(310, '14', '2018-05-24 06:49:06', 'Updated Packaging: \'brown bag, 250g\'', 'admin'),
(311, '14', '2018-05-24 06:49:57', 'Updated Packaging: \'brown bag bag, 250g\'', 'admin'),
(312, '14', '2018-05-24 06:50:06', 'Updated Packaging: \'brown bag bag, 250g\'', 'admin'),
(313, '14', '2018-05-24 06:50:12', 'Updated Packaging: \'clear bag bag, 250g\'', 'admin'),
(314, '14', '2018-05-24 06:50:20', 'Updated Packaging: \'clear bag bag, 250g\'', 'admin'),
(315, '14', '2018-05-24 06:50:27', 'Updated Packaging: \'clear bag bag, 250g\'', 'admin'),
(316, '14', '2018-05-24 07:00:21', 'Updated Packaging: \'brown bag bag, 1000g\'', 'admin'),
(317, '14', '2018-05-24 07:00:28', 'Updated Packaging: \'brown bag bag, 1000g\'', 'admin'),
(318, '14', '2018-05-24 07:00:35', 'Updated Packaging: \'brown bag bag, 500g\'', 'admin'),
(319, '2', '2018-05-24 07:02:59', 'Deactivated: Blackwoods Blend   grams ', 'admin'),
(320, '2', '2018-05-24 07:03:17', 'Activated: Blackwoods under Coffee Service ', 'admin'),
(321, '2', '2018-05-24 07:03:39', 'Activated: Blackwoods under Coffee Service ', 'admin'),
(322, '2', '2018-05-24 07:04:01', 'Deactivated: Eurotel Baguio under Retail ', 'admin'),
(323, '2', '2018-05-24 07:04:13', 'Deactivated: Eurotel Baguio under Retail ', 'admin'),
(324, '2', '2018-05-24 07:04:28', 'Activated: Blackwoods Blend   grams ', 'admin'),
(325, '2', '2018-05-24 07:04:50', 'Deactivated: ABS CBN Blend   grams ', 'admin'),
(326, '2', '2018-05-24 07:05:13', 'Deactivated: Eurotel Baguio under Retail ', 'admin'),
(327, '2', '2018-05-24 07:05:22', 'Deactivated: Eurotel Baguio under Retail ', 'admin'),
(328, '2', '2018-05-24 07:05:44', 'Activated: ABS CBN Blend   grams ', 'admin'),
(329, '2', '2018-05-24 07:08:26', 'Inserted New Coffee Blend: Espresso Blend, clear bag bag 250 grams in Existing blend ', 'admin'),
(330, '18', '2018-05-24 07:08:28', 'Purchased Order ', 'inventory'),
(331, '17', '2018-05-24 07:09:45', 'Purchased Order ', 'inventory'),
(332, '17', '2018-05-24 07:10:37', 'Purchased Order ', 'inventory'),
(333, '2', '2018-05-24 07:11:20', 'Inserted New Packaging: \'sample bag, 250g\'', 'admin'),
(334, '2', '2018-05-24 07:11:42', 'Inserted New Packaging: \'sampling bag, 250g\'', 'admin'),
(335, '18', '2018-05-24 07:12:04', 'Record Partial Delivery ', 'inventory'),
(336, '18', '2018-05-24 07:12:05', 'Record Partial Delivery ', 'inventory'),
(337, '18', '2018-05-24 07:12:06', 'Record Partial Delivery ', 'inventory'),
(338, '2', '2018-05-24 07:12:20', 'Updated Packaging: \'sample bag, 500g\'', 'admin'),
(339, '18', '2018-05-24 07:13:17', 'Record Partial Payment ', 'inventory'),
(340, '2', '2018-05-24 07:13:42', 'Inserted New Packaging: \'brown bag, 500g\'', 'admin'),
(341, '17', '2018-05-24 07:16:51', 'Purchased Order ', 'inventory'),
(342, '17', '2018-05-24 07:19:39', 'Record Partial Delivery ', 'inventory'),
(343, '17', '2018-05-24 07:19:39', 'Record Partial Delivery ', 'inventory'),
(344, '17', '2018-05-24 07:19:40', 'Record Partial Delivery ', 'inventory'),
(345, '17', '2018-05-24 07:19:40', 'Record Partial Delivery ', 'inventory'),
(346, '17', '2018-05-24 07:19:40', 'Record Partial Delivery ', 'inventory'),
(347, '17', '2018-05-24 07:21:06', 'Record Partial Delivery ', 'inventory'),
(348, '17', '2018-05-24 07:21:06', 'Record Partial Delivery ', 'inventory'),
(349, '17', '2018-05-24 07:21:06', 'Record Partial Delivery ', 'inventory'),
(350, '17', '2018-05-24 07:21:07', 'Record Partial Delivery ', 'inventory'),
(351, '17', '2018-05-24 07:21:07', 'Record Partial Delivery ', 'inventory'),
(352, '2', '2018-05-24 07:24:00', 'Inserted New Coffee Blend (Client): Eurotel Blend .', 'admin'),
(353, '17', '2018-05-24 07:24:24', 'Record Partial Delivery ', 'inventory'),
(354, '2', '2018-05-24 07:24:41', 'Inserted New Coffee Blend (Client): Kahuna Beach Resort and Spa Blend .', 'admin'),
(355, '2', '2018-05-24 07:24:54', 'Inserted New Coffee Blend (Client): ATACOGMAC Blend .', 'admin'),
(356, '2', '2018-05-24 07:25:13', 'Inserted New Coffee Blend (Client): Kintensu World Express  Blend .', 'admin'),
(357, '17', '2018-05-24 07:25:50', 'Purchased Order ', 'inventory'),
(358, '2', '2018-05-24 07:26:24', 'Inserted New Coffee Blend (Client): Bote Central Roasting Machine Blend .', 'admin'),
(359, '17', '2018-05-24 07:26:55', 'Record Partial Delivery ', 'inventory'),
(360, '17', '2018-05-24 07:26:55', 'Record Partial Delivery ', 'inventory'),
(361, '17', '2018-05-24 07:26:56', 'Record Partial Delivery ', 'inventory'),
(362, '17', '2018-05-24 07:28:44', 'Purchased Order ', 'inventory'),
(363, '18', '2018-05-24 07:29:30', 'Record Partial Delivery ', 'inventory'),
(364, '18', '2018-05-24 07:29:31', 'Record Partial Delivery ', 'inventory'),
(365, '18', '2018-05-24 07:29:31', 'Record Partial Delivery ', 'inventory'),
(366, '18', '2018-05-24 07:29:31', 'Record Partial Delivery ', 'inventory'),
(367, '18', '2018-05-24 07:29:31', 'Record Partial Delivery ', 'inventory'),
(368, '18', '2018-05-24 07:29:32', 'Record Partial Delivery ', 'inventory'),
(369, '17', '2018-05-24 07:30:00', 'Purchased Order ', 'inventory'),
(370, '18', '2018-05-24 07:30:05', 'Record Partial Payment ', 'inventory'),
(371, '18', '2018-05-24 07:30:50', 'Record Partial Payment ', 'inventory'),
(372, '17', '2018-05-24 07:31:28', 'Purchased Order ', 'inventory'),
(373, '18', '2018-05-24 07:31:48', 'Record Partial Payment ', 'inventory'),
(374, '18', '2018-05-24 07:32:07', 'Record Partial Payment ', 'inventory'),
(375, '18', '2018-05-24 07:32:59', 'Record Partial Payment ', 'inventory'),
(376, '2', '2018-05-24 07:33:48', 'Inserted New Coffee Blend: Espresso Blend, brown bag bag 250 grams in Existing blend ', 'admin'),
(377, '18', '2018-05-24 07:34:19', 'Record Partial Payment ', 'inventory'),
(378, '17', '2018-05-24 07:34:23', 'Purchased Order ', 'inventory'),
(379, '2', '2018-05-24 07:34:47', 'Inserted New Coffee Blend: Espresso Blend, clear bag bag 500 grams in Existing blend ', 'admin'),
(380, '18', '2018-05-24 07:34:59', 'Record Partial Delivery ', 'inventory'),
(381, '18', '2018-05-24 07:35:00', 'Record Partial Delivery ', 'inventory'),
(382, '18', '2018-05-24 07:35:00', 'Record Partial Delivery ', 'inventory'),
(383, '18', '2018-05-24 07:35:00', 'Record Partial Delivery ', 'inventory'),
(384, '2', '2018-05-24 07:35:19', 'Inserted New Coffee Blend: Espresso Blend, brown bag bag 500 grams in Existing blend ', 'admin'),
(385, '18', '2018-05-24 07:36:01', 'Record Partial Delivery ', 'inventory'),
(386, '18', '2018-05-24 07:36:01', 'Record Partial Delivery ', 'inventory'),
(387, '18', '2018-05-24 07:36:01', 'Record Partial Delivery ', 'inventory'),
(388, '18', '2018-05-24 07:36:02', 'Record Partial Delivery ', 'inventory'),
(389, '18', '2018-05-24 07:36:02', 'Record Partial Delivery ', 'inventory'),
(390, '17', '2018-05-24 07:36:09', 'Purchased Order ', 'inventory'),
(391, '2', '2018-05-24 07:36:19', 'Inserted New Coffee Blend: Espresso Blend, clear bag bag 1000 grams in Existing blend ', 'admin'),
(392, '18', '2018-05-24 07:36:24', 'Record Partial Delivery ', 'inventory'),
(393, '18', '2018-05-24 07:36:24', 'Record Partial Delivery ', 'inventory'),
(394, '18', '2018-05-24 07:36:25', 'Record Partial Delivery ', 'inventory'),
(395, '18', '2018-05-24 07:36:25', 'Record Partial Delivery ', 'inventory'),
(396, '18', '2018-05-24 07:36:43', 'Record Partial Delivery ', 'inventory'),
(397, '18', '2018-05-24 07:36:43', 'Record Partial Delivery ', 'inventory'),
(398, '18', '2018-05-24 07:36:43', 'Record Partial Delivery ', 'inventory'),
(399, '2', '2018-05-24 07:36:49', 'Inserted New Coffee Blend: Espresso Blend, brown bag bag 1000 grams in Existing blend ', 'admin'),
(400, '18', '2018-05-24 07:36:59', 'Record Partial Payment ', 'inventory'),
(401, '17', '2018-05-24 07:37:22', 'Purchased Order ', 'inventory'),
(402, '18', '2018-05-24 07:37:24', 'Record Partial Payment ', 'inventory'),
(403, '18', '2018-05-24 07:37:37', 'Record Partial Payment ', 'inventory'),
(404, '2', '2018-05-24 07:37:43', 'Inserted New Coffee Blend: Breakfast Blend, clear bag bag 250 grams in Existing blend ', 'admin'),
(405, '18', '2018-05-24 07:37:57', 'Record Partial Payment ', 'inventory'),
(406, '2', '2018-05-24 07:38:10', 'Inserted New Coffee Blend: Breakfast Blend, brown bag bag 250 grams in Existing blend ', 'admin'),
(407, '13', '2018-05-24 07:38:16', 'Resolved Citrus Restaurant\'s Piccolina machine Double Cup Espresso ', 'sales'),
(408, '2', '2018-05-24 07:38:26', 'Inserted New Coffee Blend (Client): John Hay Water System Blend .', 'admin'),
(409, '2', '2018-05-24 07:38:34', 'Inserted New Coffee Blend: Breakfast Blend, clear bag bag 500 grams in Existing blend ', 'admin'),
(410, '18', '2018-05-24 07:38:42', 'Record Partial Payment ', 'inventory'),
(411, '17', '2018-05-24 07:38:45', 'Purchased Order ', 'inventory'),
(412, '2', '2018-05-24 07:39:00', 'Inserted New Coffee Blend: Breakfast Blend, brown bag bag 500 grams in Existing blend ', 'admin'),
(413, '2', '2018-05-24 07:39:24', 'Inserted New Coffee Blend: Breakfast Blend, clear bag bag 1000 grams in Existing blend ', 'admin'),
(414, '2', '2018-05-24 07:39:48', 'Inserted New Coffee Blend: Breakfast Blend, brown bag bag 1000 grams in Existing blend ', 'admin'),
(415, '17', '2018-05-24 07:40:02', 'Purchased Order ', 'inventory'),
(416, '13', '2018-05-24 07:40:22', 'Added Purchase Order for ATACOGMAC ', 'sales'),
(417, '2', '2018-05-24 07:40:42', 'Inserted New Coffee Blend: Mabuhay Blend, clear bag bag 250 grams in Existing blend ', 'admin'),
(418, '13', '2018-05-24 07:40:58', 'Added Purchase Order for Blackwoods ', 'sales'),
(419, '2', '2018-05-24 07:41:09', 'Inserted New Coffee Blend: Mabuhay Blend, brown bag bag 250 grams in Existing blend ', 'admin'),
(420, '13', '2018-05-24 07:41:14', 'Added Purchase Order for Blackwoods ', 'sales'),
(421, '13', '2018-05-24 07:41:23', 'Added Purchase Order for Blackwoods ', 'sales'),
(422, '2', '2018-05-24 07:41:33', 'Inserted New Coffee Blend: Mabuhay Blend, clear bag bag 250 grams in Existing blend ', 'admin'),
(423, '13', '2018-05-24 07:41:44', 'Added Purchase Order for Cafe de Seoul ', 'sales'),
(424, '2', '2018-05-24 07:41:50', 'Updated Coffee Blend: Mabuhay Blend, clear bag Bag 500 grams in Existing ', 'admin'),
(425, '13', '2018-05-24 07:41:58', 'Added Purchase Order for ATACOGMAC ', 'sales'),
(426, '17', '2018-05-24 07:42:00', 'Purchased Order ', 'inventory'),
(427, '18', '2018-05-24 07:42:08', 'Record Partial Payment ', 'inventory'),
(428, '13', '2018-05-24 07:42:14', 'Added Purchase Order for ATACOGMAC ', 'sales'),
(429, '2', '2018-05-24 07:42:20', 'Inserted New Coffee Blend: Mabuhay Blend, brown bag bag 500 grams in Existing blend ', 'admin'),
(430, '13', '2018-05-24 07:42:24', 'Added Purchase Order for ATACOGMAC ', 'sales'),
(431, '18', '2018-05-24 07:42:38', 'Record Partial Delivery ', 'inventory'),
(432, '18', '2018-05-24 07:42:38', 'Record Partial Delivery ', 'inventory'),
(433, '18', '2018-05-24 07:42:38', 'Record Partial Delivery ', 'inventory'),
(434, '18', '2018-05-24 07:42:39', 'Record Partial Delivery ', 'inventory'),
(435, '18', '2018-05-24 07:42:39', 'Record Partial Delivery ', 'inventory'),
(436, '2', '2018-05-24 07:42:51', 'Inserted New Coffee Blend: Mabuhay Blend, clear bag bag 1000 grams in Existing blend ', 'admin'),
(437, '18', '2018-05-24 07:42:52', 'Record Partial Payment ', 'inventory'),
(438, '2', '2018-05-24 07:43:23', 'Inserted New Coffee Blend: Mabuhay Blend, brown bag bag 1000 grams in Existing blend ', 'admin'),
(439, '17', '2018-05-24 07:43:46', 'Record Partial Delivery ', 'inventory'),
(440, '17', '2018-05-24 07:43:46', 'Record Partial Delivery ', 'inventory'),
(441, '17', '2018-05-24 07:43:47', 'Record Partial Delivery ', 'inventory'),
(442, '17', '2018-05-24 07:43:47', 'Record Partial Delivery ', 'inventory'),
(443, '13', '2018-05-24 07:44:20', 'Added Purchase Order for Colleen Curran ', 'sales'),
(444, '4', '2018-05-24 07:45:21', 'Added Purchase Order for ATACOGMAC ', 'sales'),
(445, '2', '2018-05-24 07:45:40', 'Inserted New Coffee Blend: Fiesta Blend, clear bag bag 250 grams in Existing blend ', 'admin'),
(446, '17', '2018-05-24 07:45:50', 'Record Partial Delivery ', 'inventory'),
(447, '17', '2018-05-24 07:45:50', 'Record Partial Delivery ', 'inventory'),
(448, '17', '2018-05-24 07:45:50', 'Record Partial Delivery ', 'inventory'),
(449, '17', '2018-05-24 07:45:50', 'Record Partial Delivery ', 'inventory'),
(450, '17', '2018-05-24 07:45:51', 'Record Partial Delivery ', 'inventory'),
(451, '17', '2018-05-24 07:45:51', 'Record Partial Delivery ', 'inventory'),
(452, '2', '2018-05-24 07:46:37', 'Inserted New Coffee Blend: Fiesta Blend, brown bag bag 250 grams in Existing blend ', 'admin'),
(453, '2', '2018-05-24 07:47:10', 'Inserted New Coffee Blend: Fiesta Blend, clear bag bag 500 grams in Existing blend ', 'admin'),
(454, '2', '2018-05-24 07:47:40', 'Inserted New Coffee Blend: Fiesta Blend, brown bag bag 500 grams in Existing blend ', 'admin'),
(455, '17', '2018-05-24 07:47:46', 'Record Partial Delivery ', 'inventory'),
(456, '17', '2018-05-24 07:47:46', 'Record Partial Delivery ', 'inventory'),
(457, '17', '2018-05-24 07:47:47', 'Record Partial Delivery ', 'inventory'),
(458, '17', '2018-05-24 07:47:47', 'Record Partial Delivery ', 'inventory'),
(459, '2', '2018-05-24 07:48:31', 'Inserted New Coffee Blend: Fiesta Blend, clear bag bag 1000 grams in Existing blend ', 'admin'),
(460, '17', '2018-05-24 07:48:34', 'Record Partial Delivery ', 'inventory'),
(461, '17', '2018-05-24 07:48:34', 'Record Partial Delivery ', 'inventory'),
(462, '17', '2018-05-24 07:48:35', 'Record Partial Delivery ', 'inventory'),
(463, '17', '2018-05-24 07:48:35', 'Record Partial Delivery ', 'inventory'),
(464, '2', '2018-05-24 07:49:24', 'Inserted New Coffee Blend: Fiesta Blend, brown bag bag 1000 grams in Existing blend ', 'admin'),
(465, '2', '2018-05-24 07:50:26', 'Inserted New Coffee Blend: Kalayaan Blend, clear bag bag 250 grams in Existing blend ', 'admin'),
(466, '17', '2018-05-24 07:51:05', 'Record Partial Delivery ', 'inventory'),
(467, '17', '2018-05-24 07:51:05', 'Record Partial Delivery ', 'inventory'),
(468, '17', '2018-05-24 07:51:06', 'Record Partial Delivery ', 'inventory'),
(469, '17', '2018-05-24 07:51:06', 'Record Partial Delivery ', 'inventory'),
(470, '2', '2018-05-24 07:51:11', 'Inserted New Coffee Blend: Kalayaan Blend, brown bag bag 250 grams in Existing blend ', 'admin'),
(471, '2', '2018-05-24 07:51:46', 'Inserted New Coffee Blend: Kalayaan Blend, clear bag bag 500 grams in Existing blend ', 'admin'),
(472, '17', '2018-05-24 07:52:24', 'Purchased Order ', 'inventory'),
(473, '2', '2018-05-24 07:52:25', 'Inserted New Coffee Blend: Kalayaan Blend, clear bag bag 500 grams in Existing blend ', 'admin'),
(474, '2', '2018-05-24 07:52:51', 'Inserted New Coffee Blend: Kalayaan Blend, clear bag bag 1000 grams in Existing blend ', 'admin'),
(475, '17', '2018-05-24 07:53:01', 'Record Partial Delivery ', 'inventory'),
(476, '17', '2018-05-24 07:53:02', 'Record Partial Delivery ', 'inventory'),
(477, '17', '2018-05-24 07:53:02', 'Record Partial Delivery ', 'inventory'),
(478, '17', '2018-05-24 07:53:02', 'Record Partial Delivery ', 'inventory'),
(479, '17', '2018-05-24 07:53:02', 'Record Partial Delivery ', 'inventory'),
(480, '17', '2018-05-24 07:53:03', 'Record Partial Delivery ', 'inventory'),
(481, '2', '2018-05-24 07:53:21', 'Inserted New Coffee Blend: Kalayaan Blend, brown bag bag 1000 grams in Existing blend ', 'admin'),
(482, '17', '2018-05-24 07:54:43', 'Purchased Order ', 'inventory'),
(483, '18', '2018-05-24 07:56:11', 'Record Partial Payment ', 'inventory'),
(484, '18', '2018-05-24 07:56:38', 'Record Partial Payment ', 'inventory'),
(485, '18', '2018-05-24 07:58:04', 'Record Partial Payment ', 'inventory'),
(486, '17', '2018-05-24 07:58:12', 'Purchased Order ', 'inventory'),
(487, '18', '2018-05-24 07:58:47', 'Record Partial Payment ', 'inventory'),
(488, '18', '2018-05-24 07:59:11', 'Record Partial Payment ', 'inventory'),
(489, '17', '2018-05-24 08:00:02', 'Purchased Order ', 'inventory'),
(490, '17', '2018-05-24 08:00:55', 'Record Partial Delivery ', 'inventory'),
(491, '17', '2018-05-24 08:00:56', 'Record Partial Delivery ', 'inventory'),
(492, '17', '2018-05-24 08:00:56', 'Record Partial Delivery ', 'inventory'),
(493, '17', '2018-05-24 08:00:56', 'Record Partial Delivery ', 'inventory'),
(494, '17', '2018-05-24 08:00:57', 'Record Partial Delivery ', 'inventory'),
(495, '17', '2018-05-24 08:00:57', 'Record Partial Delivery ', 'inventory'),
(496, '17', '2018-05-24 08:00:57', 'Record Partial Delivery ', 'inventory'),
(497, '17', '2018-05-24 08:00:58', 'Record Partial Delivery ', 'inventory'),
(498, '17', '2018-05-24 08:00:58', 'Record Partial Delivery ', 'inventory'),
(499, '17', '2018-05-24 08:00:58', 'Record Partial Delivery ', 'inventory'),
(500, '17', '2018-05-24 08:01:28', 'Record Partial Delivery ', 'inventory'),
(501, '17', '2018-05-24 08:01:28', 'Record Partial Delivery ', 'inventory'),
(502, '17', '2018-05-24 08:01:29', 'Record Partial Delivery ', 'inventory'),
(503, '17', '2018-05-24 08:01:29', 'Record Partial Delivery ', 'inventory'),
(504, '17', '2018-05-24 08:01:29', 'Record Partial Delivery ', 'inventory'),
(505, '17', '2018-05-24 08:01:30', 'Record Partial Delivery ', 'inventory'),
(506, '17', '2018-05-24 08:01:51', 'Record Partial Delivery ', 'inventory'),
(507, '17', '2018-05-24 08:01:52', 'Record Partial Delivery ', 'inventory'),
(508, '17', '2018-05-24 08:01:52', 'Record Partial Delivery ', 'inventory'),
(509, '17', '2018-05-24 08:02:26', 'Purchased Order ', 'inventory'),
(510, '18', '2018-05-24 08:02:47', 'Record Partial Payment ', 'inventory'),
(511, '17', '2018-05-24 08:03:22', 'Purchased Order ', 'inventory'),
(512, '18', '2018-05-24 08:03:25', 'Record Partial Payment ', 'inventory'),
(513, '17', '2018-05-24 08:03:43', 'Record Partial Delivery ', 'inventory'),
(514, '18', '2018-05-24 08:03:52', 'Record Partial Payment ', 'inventory'),
(515, '18', '2018-05-24 08:04:24', 'Record Partial Payment ', 'inventory'),
(516, '18', '2018-05-24 08:04:55', 'Record Partial Payment ', 'inventory'),
(517, '17', '2018-05-24 08:05:00', 'Record Partial Delivery ', 'inventory'),
(518, '18', '2018-05-24 08:05:15', 'Record Partial Payment ', 'inventory'),
(519, '17', '2018-05-24 08:05:29', 'Purchased Order ', 'inventory'),
(520, '18', '2018-05-24 08:05:46', 'Record Partial Payment ', 'inventory'),
(521, '17', '2018-05-24 08:06:11', 'Purchased Order ', 'inventory'),
(522, '18', '2018-05-24 08:06:17', 'Record Partial Payment ', 'inventory'),
(523, '17', '2018-05-24 08:06:47', 'Purchased Order ', 'inventory'),
(524, '18', '2018-05-24 08:06:49', 'Record Partial Payment ', 'inventory'),
(525, '17', '2018-05-24 08:07:10', 'Record Partial Delivery ', 'inventory'),
(526, '18', '2018-05-24 08:07:12', 'Record Partial Payment ', 'inventory'),
(527, '18', '2018-05-24 08:08:04', 'Record Partial Payment ', 'inventory'),
(528, '17', '2018-05-24 08:08:19', 'Record Partial Delivery ', 'inventory'),
(529, '18', '2018-05-24 08:08:23', 'Record Partial Payment ', 'inventory'),
(530, '18', '2018-05-24 08:08:41', 'Record Partial Payment ', 'inventory'),
(531, '17', '2018-05-24 08:08:45', 'Record Partial Delivery ', 'inventory'),
(532, '18', '2018-05-24 08:10:14', 'Record Partial Payment ', 'inventory'),
(533, '18', '2018-05-24 08:10:30', 'Record Partial Payment ', 'inventory'),
(534, '18', '2018-05-24 08:10:50', 'Record Partial Payment ', 'inventory'),
(535, '2', '2018-05-24 08:15:09', 'Updated Packaging: \'clear bag bag, 250g\'', 'admin'),
(536, '17', '2018-05-24 08:21:58', 'Purchased Order ', 'inventory'),
(537, '17', '2018-05-24 08:22:17', 'Record Partial Delivery ', 'inventory'),
(538, '3', '2018-05-24 08:43:08', 'Purchased Order ', 'inventory');
INSERT INTO `activitylogs` (`activitylogs_id`, `user_no`, `timestamp`, `message`, `type`) VALUES
(539, '3', '2018-05-24 08:43:54', 'Record Partial Delivery ', 'inventory'),
(540, '3', '2018-05-24 08:46:14', 'Purchased Order ', 'inventory'),
(541, '3', '2018-05-24 08:46:39', 'Record Partial Delivery ', 'inventory'),
(542, '2', '2018-05-24 08:47:09', 'Inserted New Packaging: \'sample bag, 250g\'', 'admin'),
(543, '2', '2018-05-24 08:48:30', 'Inserted New Packaging: \'samper bag, 250g\'', 'admin'),
(544, '2', '2018-05-24 08:49:57', 'Purchased Order ', 'inventory'),
(545, '2', '2018-05-24 08:50:19', 'Record Partial Delivery ', 'inventory'),
(546, '17', '2018-05-24 08:51:15', 'Purchased Order ', 'inventory'),
(547, '17', '2018-05-24 08:51:37', 'Record Partial Delivery ', 'inventory'),
(548, '17', '2018-05-24 08:51:38', 'Record Partial Delivery ', 'inventory'),
(549, '17', '2018-05-24 08:51:38', 'Record Partial Delivery ', 'inventory'),
(550, '17', '2018-05-24 08:51:38', 'Record Partial Delivery ', 'inventory'),
(551, '17', '2018-05-24 08:52:19', 'Purchased Order ', 'inventory'),
(552, '17', '2018-05-24 08:52:41', 'Record Partial Delivery ', 'inventory'),
(553, '18', '2018-05-24 08:54:08', 'Purchased Order ', 'inventory'),
(554, '16', '2018-05-24 08:54:15', 'Added other Purchase Order ', 'sales'),
(555, '2', '2018-05-24 08:54:17', 'Added other Purchase Order ', 'sales'),
(556, '16', '2018-05-24 08:55:00', 'Added other Purchase Order ', 'sales'),
(557, '2', '2018-05-24 08:55:41', 'Added other Purchase Order ', 'sales'),
(558, '18', '2018-05-24 08:55:45', 'Purchased Order ', 'inventory'),
(559, '2', '2018-05-24 08:56:25', 'Added other Purchase Order ', 'sales'),
(560, '16', '2018-05-24 08:57:00', 'Added other Purchase Order ', 'sales'),
(561, '2', '2018-05-24 08:57:26', 'Purchased Order ', 'inventory'),
(562, '16', '2018-05-24 08:57:44', 'Added other Purchase Order ', 'sales'),
(563, '16', '2018-05-24 08:59:21', 'Returned 1 Sumatra Night from Walkin Sales ', 'sales'),
(564, '2', '2018-05-24 08:59:57', 'Resolved Sumatra Night of Walkin Client Order ', 'sales'),
(565, '16', '2018-05-24 09:01:18', 'Returned 1 Guatamela Rainforest from Walkin Sales ', 'sales'),
(566, '16', '2018-05-24 09:01:37', 'Returned 2 Fiesta Blend from Walkin Sales ', 'sales'),
(567, '16', '2018-05-24 09:01:54', 'Returned 1 Breakfast Blend from Walkin Sales ', 'sales'),
(568, '18', '2018-05-24 09:04:00', 'Record Partial Delivery ', 'inventory'),
(569, '18', '2018-05-24 09:04:32', 'Record Partial Delivery ', 'inventory'),
(570, '18', '2018-05-24 09:05:02', 'Record Partial Delivery ', 'inventory'),
(571, '16', '2018-05-24 09:05:21', 'Returned 2 Lirika Machine Single Cup Espresso from Walkin Sales ', 'sales'),
(572, '14', '2018-05-24 09:05:44', 'Inserted Sticker: \'Bioessence Sticker\'', 'admin'),
(573, '18', '2018-05-24 09:05:57', 'Record Partial Payment ', 'inventory'),
(574, '18', '2018-05-24 09:06:33', 'Record Partial Payment ', 'inventory'),
(575, '16', '2018-05-24 09:06:43', 'Returned 1 Grato Machine Double Cup Espresso from Walkin Sales ', 'sales'),
(576, '18', '2018-05-24 09:06:55', 'Record Partial Payment ', 'inventory'),
(577, '18', '2018-05-24 09:07:15', 'Record Partial Payment ', 'inventory'),
(578, '16', '2018-05-24 09:07:33', 'Resolved Eurotel Baguio\'s Grato machine Double Cup Espresso ', 'sales'),
(579, '18', '2018-05-24 09:07:36', 'Record Partial Payment ', 'inventory'),
(580, '16', '2018-05-24 09:08:14', 'Returned 2 Piccolina Machine Double Cup Espresso from Walkin Sales ', 'sales'),
(581, '18', '2018-05-24 09:08:16', 'Record Partial Payment ', 'inventory'),
(582, '18', '2018-05-24 09:08:41', 'Record Partial Payment ', 'inventory'),
(583, '16', '2018-05-24 09:11:03', 'Added Purchase Order for  ', 'sales'),
(584, '18', '2018-05-24 09:12:50', 'Purchased Order ', 'inventory'),
(585, '18', '2018-05-24 09:13:20', 'Record Partial Delivery ', 'inventory'),
(586, '18', '2018-05-24 09:13:56', 'Record Partial Delivery ', 'inventory'),
(587, '16', '2018-05-24 09:14:02', 'Added Purchase Order for Baguio Country Club ', 'sales'),
(588, '16', '2018-05-24 09:14:06', 'Added Purchase Order for Best Western Oxford Suites ', 'sales'),
(589, '16', '2018-05-24 09:14:16', 'Added Purchase Order for Blackwoods ', 'sales'),
(590, '16', '2018-05-24 09:14:22', 'Added Purchase Order for Bioessence ', 'sales'),
(591, '16', '2018-05-24 09:14:43', 'Added Purchase Order for Cafe de Manor ', 'sales'),
(592, '14', '2018-05-24 09:15:13', 'Inserted New Coffee Blend (Client): GMA .', 'admin'),
(593, '14', '2018-05-24 09:15:56', 'Updated Client information: She Diner under Retail ', 'admin'),
(594, '14', '2018-05-24 09:16:34', 'Inserted New Coffee Blend (Client): She Blend .', 'admin'),
(595, '14', '2018-05-24 09:17:00', 'Inserted Sticker: \'She Sticker\'', 'admin'),
(596, '16', '2018-05-24 09:30:45', 'Added Purchase Order for Bowknot Brewery Inc. ', 'sales'),
(597, '3', '2018-05-24 09:33:02', 'Added other Purchase Order ', 'sales'),
(598, '3', '2018-05-24 09:33:59', 'Returned 1 Guatamela Rainforest from Walkin Sales ', 'sales'),
(599, '3', '2018-05-24 09:37:56', 'Added Purchase Order for Baguio Country Club ', 'sales'),
(600, '3', '2018-05-24 09:38:03', 'Added Purchase Order for Baguio Country Club ', 'sales'),
(601, '14', '2018-05-25 01:37:34', 'Updated Sticker: \'Forest Hills Sticker\'', 'admin'),
(602, '14', '2018-05-25 01:38:08', 'Updated Sticker: \'Best Western Oxford Suites Sticker\'', 'admin'),
(603, '13', '2018-05-25 01:43:19', 'Added Purchase Order for Baguio Country Club ', 'sales'),
(604, '13', '2018-05-25 01:43:27', 'Added Purchase Order for Baguio Country Club ', 'sales'),
(605, '13', '2018-05-25 01:43:31', 'Added Purchase Order for  ', 'sales'),
(606, '14', '2018-05-25 02:00:44', 'Updated Coffee Machine: Percolator, Double Cup Espresso roast ', 'admin'),
(607, '14', '2018-05-25 02:00:59', 'Updated Coffee Machine: AVR, Triple Cup Espresso roast ', 'admin'),
(608, '14', '2018-05-25 02:02:18', 'Updated Sticker: \'Baguio Country Club Sticker\'', 'admin'),
(609, '14', '2018-05-25 02:02:32', 'Updated Sticker: \'Bote Central Roasting Sticker\'', 'admin'),
(610, '14', '2018-05-25 02:02:42', 'Updated Sticker: \'Bowknot Brewery Sticker\'', 'admin'),
(611, '14', '2018-05-25 02:03:25', 'Updated Sticker: \'Grumpy Joe Sticker\'', 'admin'),
(612, '14', '2018-05-25 02:03:59', 'Updated Sticker: \'Wack Wack Sticker\'', 'admin'),
(613, '14', '2018-05-25 02:04:15', 'Updated Coffee Machine: Saeco, Double Cup Espresso roast ', 'admin'),
(614, '14', '2018-05-25 02:04:40', 'Updated Coffee Machine: Lirika, Single Cup Espresso roast ', 'admin'),
(615, '14', '2018-05-25 02:04:52', 'Updated Packaging: \'brown bag bag, 250g\'', 'admin'),
(616, '14', '2018-05-25 02:05:01', 'Updated Packaging: \'brown bag bag, 250g\'', 'admin'),
(617, '14', '2018-05-25 02:05:18', 'Updated Packaging: \'clear bag bag, 250g\'', 'admin'),
(618, '14', '2018-05-25 02:05:24', 'Updated Packaging: \'brown bag bag, 250g\'', 'admin'),
(619, '14', '2018-05-25 02:05:37', 'Updated Packaging: \'brown bag bag, 250g\'', 'admin'),
(620, '14', '2018-05-25 02:06:17', 'Updated Packaging: \'brown bag bag, 250g\'', 'admin'),
(621, '13', '2018-05-25 02:07:52', 'Added other Purchase Order ', 'sales'),
(622, '14', '2018-05-25 02:10:17', 'Updated Raw Coffee: Robusta, city roast roast ', 'admin'),
(623, '14', '2018-05-25 02:10:40', 'Updated Raw Coffee: Sumatra, city roast roast ', 'admin'),
(624, '14', '2018-05-25 02:16:11', 'Updated Sticker: \'Gerrys Grill Treasury Sticker\'', 'admin'),
(625, '14', '2018-05-25 02:16:32', 'Inserted Sticker: \'Gerrys Grill Purchasing Sticker\'', 'admin'),
(626, '14', '2018-05-25 02:17:17', 'Inserted Sticker: \'Gweilo Corp Sticker\'', 'admin'),
(627, '13', '2018-05-25 02:21:23', 'Added other Purchase Order ', 'sales'),
(628, '13', '2018-05-25 02:21:25', 'Added other Purchase Order ', 'sales'),
(629, '13', '2018-05-25 02:21:26', 'Added other Purchase Order ', 'sales'),
(630, '13', '2018-05-25 02:21:27', 'Added other Purchase Order ', 'sales'),
(631, '13', '2018-05-25 02:22:54', 'Added other Purchase Order ', 'sales'),
(632, '17', '2018-05-25 02:29:12', 'Purchased Order ', 'inventory'),
(633, '17', '2018-05-25 02:30:29', 'Record Physical Count under Raw Coffee Stocks ', 'inventory'),
(634, '17', '2018-05-25 02:30:41', 'Record Physical Count under Raw Coffee Stocks ', 'inventory'),
(635, '17', '2018-05-25 02:30:56', 'Record Physical Count under Raw Coffee Stocks ', 'inventory'),
(636, '17', '2018-05-25 02:31:08', 'Record Physical Count under Raw Coffee Stocks ', 'inventory'),
(637, '17', '2018-05-25 02:31:21', 'Record Physical Count under Raw Coffee Stocks ', 'inventory'),
(638, '17', '2018-05-25 02:31:35', 'Record Physical Count under Raw Coffee Stocks ', 'inventory'),
(639, '17', '2018-05-25 02:31:52', 'Record Physical Count under Raw Coffee Stocks ', 'inventory'),
(640, '17', '2018-05-25 02:32:09', 'Record Physical Count under Raw Coffee Stocks ', 'inventory'),
(641, '17', '2018-05-25 02:32:26', 'Record Physical Count under Raw Coffee Stocks ', 'inventory'),
(642, '17', '2018-05-25 02:32:43', 'Record Physical Count under Raw Coffee Stocks ', 'inventory'),
(643, '17', '2018-05-25 02:32:59', 'Record Physical Count under Raw Coffee Stocks ', 'inventory'),
(644, '18', '2018-05-25 02:33:00', 'Purchased Order ', 'inventory'),
(645, '17', '2018-05-25 02:33:13', 'Record Physical Count under Raw Coffee Stocks ', 'inventory'),
(646, '17', '2018-05-25 02:33:29', 'Record Physical Count under Raw Coffee Stocks ', 'inventory'),
(647, '17', '2018-05-25 02:33:41', 'Record Physical Count under Raw Coffee Stocks ', 'inventory'),
(648, '17', '2018-05-25 02:33:54', 'Record Physical Count under Raw Coffee Stocks ', 'inventory'),
(649, '17', '2018-05-25 02:34:05', 'Record Physical Count under Raw Coffee Stocks ', 'inventory'),
(650, '17', '2018-05-25 02:34:18', 'Record Physical Count under Raw Coffee Stocks ', 'inventory'),
(651, '17', '2018-05-25 02:34:30', 'Record Physical Count under Raw Coffee Stocks ', 'inventory'),
(652, '17', '2018-05-25 02:34:59', 'Record Physical Count under Coffee Blends Inventory Stocks ', 'inventory'),
(653, '17', '2018-05-25 02:35:09', 'Record Physical Count under Coffee Blends Inventory Stocks ', 'inventory'),
(654, '17', '2018-05-25 02:35:16', 'Record Physical Count under Coffee Blends Inventory Stocks ', 'inventory'),
(655, '17', '2018-05-25 02:35:25', 'Record Physical Count under Coffee Blends Inventory Stocks ', 'inventory'),
(656, '17', '2018-05-25 02:35:33', 'Record Physical Count under Coffee Blends Inventory Stocks ', 'inventory'),
(657, '17', '2018-05-25 02:35:46', 'Record Physical Count under Coffee Blends Inventory Stocks ', 'inventory'),
(658, '17', '2018-05-25 02:35:55', 'Record Physical Count under Coffee Blends Inventory Stocks ', 'inventory'),
(659, '18', '2018-05-25 02:36:00', 'Record Partial Delivery ', 'inventory'),
(660, '17', '2018-05-25 02:36:11', 'Record Physical Count under Coffee Blends Inventory Stocks ', 'inventory'),
(661, '17', '2018-05-25 02:36:18', 'Record Physical Count under Coffee Blends Inventory Stocks ', 'inventory'),
(662, '17', '2018-05-25 02:36:28', 'Record Physical Count under Coffee Blends Inventory Stocks ', 'inventory'),
(663, '17', '2018-05-25 02:36:48', 'Record Physical Count under Packaging Inventory Stocks ', 'inventory'),
(664, '17', '2018-05-25 02:36:58', 'Record Physical Count under Packaging Inventory Stocks ', 'inventory'),
(665, '17', '2018-05-25 02:37:07', 'Record Physical Count under Packaging Inventory Stocks ', 'inventory'),
(666, '17', '2018-05-25 02:37:56', 'Record Physical Count under Packaging Inventory Stocks ', 'inventory'),
(667, '17', '2018-05-25 02:38:10', 'Record Physical Count under Packaging Inventory Stocks ', 'inventory'),
(668, '17', '2018-05-25 02:38:17', 'Record Physical Count under Packaging Inventory Stocks ', 'inventory'),
(669, '17', '2018-05-25 02:38:27', 'Updated Coffee Blend: Guatamela Rainforest, clear bag Bag 250 grams in Existing ', 'admin'),
(670, '17', '2018-05-25 02:38:42', 'Record Physical Count under Machine Inventory Stocks ', 'inventory'),
(671, '17', '2018-05-25 02:38:43', 'Updated Coffee Blend: Guatamela Rainforest, clear bag Bag 250 grams in Existing ', 'admin'),
(672, '17', '2018-05-25 02:38:57', 'Updated Coffee Blend: Guatamela Rainforest, clear bag Bag 250 grams in Existing ', 'admin'),
(673, '17', '2018-05-25 02:38:58', 'Record Physical Count under Machine Inventory Stocks ', 'inventory'),
(674, '17', '2018-05-25 02:39:05', 'Record Physical Count under Machine Inventory Stocks ', 'inventory'),
(675, '17', '2018-05-25 02:39:19', 'Record Physical Count under Machine Inventory Stocks ', 'inventory'),
(676, '17', '2018-05-25 02:39:20', 'Updated Coffee Blend: Guatamela Rainforest, clear bag Bag 250 grams in Existing ', 'admin'),
(677, '17', '2018-05-25 02:39:28', 'Record Physical Count under Machine Inventory Stocks ', 'inventory'),
(678, '17', '2018-05-25 02:39:34', 'Updated Coffee Blend: Guatamela Rainforest, clear bag Bag 250 grams in Existing ', 'admin'),
(679, '17', '2018-05-25 02:39:50', 'Record Physical Count under Machine Inventory Stocks ', 'inventory'),
(680, '17', '2018-05-25 02:39:52', 'Updated Coffee Blend: Guatamela Rainforest, clear bag Bag 250 grams in Existing ', 'admin'),
(681, '17', '2018-05-25 02:40:01', 'Record Physical Count under Machine Inventory Stocks ', 'inventory'),
(682, '2', '2018-05-25 02:40:06', 'Purchased Order ', 'inventory'),
(683, '17', '2018-05-25 02:40:11', 'Record Physical Count under Machine Inventory Stocks ', 'inventory'),
(684, '17', '2018-05-25 02:40:12', 'Updated Coffee Blend: Guatamela Rainforest, clear bag Bag 250 grams in Existing ', 'admin'),
(685, '17', '2018-05-25 02:40:21', 'Record Physical Count under Machine Inventory Stocks ', 'inventory'),
(686, '2', '2018-05-25 02:40:27', 'Record Partial Delivery ', 'inventory'),
(687, '17', '2018-05-25 02:40:29', 'Record Physical Count under Machine Inventory Stocks ', 'inventory'),
(688, '2', '2018-05-25 02:40:55', 'Record Partial Payment ', 'inventory'),
(689, '17', '2018-05-25 02:40:56', 'Record Physical Count under Stickers Invetory Stocks ', 'inventory'),
(690, '17', '2018-05-25 02:41:09', 'Record Physical Count under Stickers Invetory Stocks ', 'inventory'),
(691, '17', '2018-05-25 02:41:19', 'Record Physical Count under Stickers Invetory Stocks ', 'inventory'),
(692, '17', '2018-05-25 02:41:29', 'Record Physical Count under Stickers Invetory Stocks ', 'inventory'),
(693, '17', '2018-05-25 02:41:37', 'Record Physical Count under Stickers Invetory Stocks ', 'inventory'),
(694, '17', '2018-05-25 02:41:45', 'Record Physical Count under Stickers Invetory Stocks ', 'inventory'),
(695, '17', '2018-05-25 02:41:57', 'Record Physical Count under Stickers Invetory Stocks ', 'inventory'),
(696, '17', '2018-05-25 02:42:06', 'Record Physical Count under Stickers Invetory Stocks ', 'inventory'),
(697, '17', '2018-05-25 02:42:15', 'Record Physical Count under Stickers Invetory Stocks ', 'inventory'),
(698, '17', '2018-05-25 02:42:24', 'Record Physical Count under Stickers Invetory Stocks ', 'inventory'),
(699, '17', '2018-05-25 02:42:36', 'Record Physical Count under Stickers Invetory Stocks ', 'inventory'),
(700, '17', '2018-05-25 02:42:47', 'Record Physical Count under Stickers Invetory Stocks ', 'inventory'),
(701, '17', '2018-05-25 02:42:56', 'Record Physical Count under Stickers Invetory Stocks ', 'inventory'),
(702, '17', '2018-05-25 02:43:06', 'Record Physical Count under Stickers Invetory Stocks ', 'inventory'),
(703, '17', '2018-05-25 02:43:18', 'Record Physical Count under Stickers Invetory Stocks ', 'inventory'),
(704, '17', '2018-05-25 02:43:31', 'Record Physical Count under Stickers Invetory Stocks ', 'inventory'),
(705, '17', '2018-05-25 02:43:41', 'Record Physical Count under Stickers Invetory Stocks ', 'inventory'),
(706, '17', '2018-05-25 02:43:50', 'Record Physical Count under Stickers Invetory Stocks ', 'inventory'),
(707, '17', '2018-05-25 02:44:08', 'Record Physical Count under Stickers Invetory Stocks ', 'inventory'),
(708, '17', '2018-05-25 02:44:32', 'Record Physical Count under Stickers Invetory Stocks ', 'inventory'),
(709, '13', '2018-05-25 02:44:48', 'Returned 1 Guatamela Rainforest from Walkin Sales ', 'sales'),
(710, '17', '2018-05-25 02:44:51', 'Record Physical Count under Stickers Invetory Stocks ', 'inventory'),
(711, '13', '2018-05-25 02:45:04', 'Resolved Guatamela Rainforest of Walkin Client Order ', 'sales'),
(712, '17', '2018-05-25 02:45:16', 'Record Physical Count under Stickers Invetory Stocks ', 'inventory'),
(713, '17', '2018-05-25 02:45:29', 'Record Physical Count under Stickers Invetory Stocks ', 'inventory'),
(714, '17', '2018-05-25 02:45:39', 'Record Physical Count under Stickers Invetory Stocks ', 'inventory'),
(715, '17', '2018-05-25 02:45:50', 'Record Physical Count under Stickers Invetory Stocks ', 'inventory'),
(716, '17', '2018-05-25 02:46:00', 'Record Physical Count under Stickers Invetory Stocks ', 'inventory'),
(717, '17', '2018-05-25 02:46:13', 'Record Physical Count under Stickers Invetory Stocks ', 'inventory'),
(718, '17', '2018-05-25 02:46:23', 'Record Physical Count under Stickers Invetory Stocks ', 'inventory'),
(719, '17', '2018-05-25 02:46:33', 'Record Physical Count under Stickers Invetory Stocks ', 'inventory'),
(720, '17', '2018-05-25 02:46:43', 'Record Physical Count under Stickers Invetory Stocks ', 'inventory'),
(721, '17', '2018-05-25 02:46:51', 'Record Physical Count under Stickers Invetory Stocks ', 'inventory'),
(722, '17', '2018-05-25 02:47:06', 'Record Physical Count under Stickers Invetory Stocks ', 'inventory'),
(723, '17', '2018-05-25 02:47:18', 'Record Physical Count under Stickers Invetory Stocks ', 'inventory'),
(724, '17', '2018-05-25 02:47:28', 'Record Physical Count under Stickers Invetory Stocks ', 'inventory'),
(725, '17', '2018-05-25 02:47:46', 'Record Physical Count under Stickers Invetory Stocks ', 'inventory'),
(726, '17', '2018-05-25 02:47:57', 'Record Physical Count under Stickers Invetory Stocks ', 'inventory'),
(727, '17', '2018-05-25 02:48:11', 'Record Physical Count under Stickers Invetory Stocks ', 'inventory'),
(728, '17', '2018-05-25 02:48:21', 'Record Physical Count under Stickers Invetory Stocks ', 'inventory'),
(729, '17', '2018-05-25 02:48:33', 'Record Physical Count under Stickers Invetory Stocks ', 'inventory'),
(730, '17', '2018-05-25 02:48:44', 'Record Physical Count under Stickers Invetory Stocks ', 'inventory'),
(731, '17', '2018-05-25 02:48:54', 'Record Physical Count under Stickers Invetory Stocks ', 'inventory'),
(732, '17', '2018-05-25 02:49:06', 'Record Physical Count under Stickers Invetory Stocks ', 'inventory'),
(733, '17', '2018-05-25 02:49:17', 'Record Physical Count under Stickers Invetory Stocks ', 'inventory'),
(734, '17', '2018-05-25 02:49:26', 'Record Physical Count under Stickers Invetory Stocks ', 'inventory'),
(735, '17', '2018-05-25 02:49:35', 'Record Physical Count under Stickers Invetory Stocks ', 'inventory'),
(736, '17', '2018-05-25 02:49:52', 'Record Physical Count under Stickers Invetory Stocks ', 'inventory'),
(737, '17', '2018-05-25 02:50:02', 'Record Physical Count under Stickers Invetory Stocks ', 'inventory'),
(738, '17', '2018-05-25 02:50:11', 'Record Physical Count under Stickers Invetory Stocks ', 'inventory'),
(739, '17', '2018-05-25 02:51:51', 'Record Physical Count under Stickers Invetory Stocks ', 'inventory'),
(740, '2', '2018-05-25 03:01:24', 'Record Physical Count under Stickers Invetory Stocks ', 'inventory'),
(741, '2', '2018-05-25 03:01:39', 'Record Physical Count under Stickers Invetory Stocks ', 'inventory'),
(742, '2', '2018-05-25 03:01:51', 'Record Physical Count under Stickers Invetory Stocks ', 'inventory'),
(743, '2', '2018-05-25 03:02:00', 'Record Physical Count under Stickers Invetory Stocks ', 'inventory'),
(744, '2', '2018-05-25 03:02:12', 'Record Physical Count under Stickers Invetory Stocks ', 'inventory'),
(745, '2', '2018-05-25 03:02:25', 'Record Physical Count under Stickers Invetory Stocks ', 'inventory'),
(746, '2', '2018-05-25 03:02:41', 'Record Physical Count under Stickers Invetory Stocks ', 'inventory'),
(747, '2', '2018-05-25 03:02:53', 'Record Physical Count under Stickers Invetory Stocks ', 'inventory'),
(748, '2', '2018-05-25 03:04:11', 'Record Physical Count under Stickers Invetory Stocks ', 'inventory'),
(749, '2', '2018-05-25 03:04:20', 'Record Physical Count under Stickers Invetory Stocks ', 'inventory'),
(750, '2', '2018-05-25 03:05:15', 'Record Physical Count under Stickers Invetory Stocks ', 'inventory'),
(751, '2', '2018-05-25 03:05:25', 'Record Physical Count under Stickers Invetory Stocks ', 'inventory'),
(752, '2', '2018-05-25 03:05:37', 'Record Physical Count under Stickers Invetory Stocks ', 'inventory'),
(753, '2', '2018-05-25 03:05:46', 'Record Physical Count under Stickers Invetory Stocks ', 'inventory'),
(754, '2', '2018-05-25 03:05:56', 'Record Physical Count under Stickers Invetory Stocks ', 'inventory'),
(755, '2', '2018-05-25 03:06:06', 'Record Physical Count under Stickers Invetory Stocks ', 'inventory'),
(756, '2', '2018-05-25 03:06:14', 'Record Physical Count under Stickers Invetory Stocks ', 'inventory'),
(757, '2', '2018-05-25 03:06:23', 'Record Physical Count under Stickers Invetory Stocks ', 'inventory'),
(758, '2', '2018-05-25 03:06:35', 'Record Physical Count under Stickers Invetory Stocks ', 'inventory'),
(759, '2', '2018-05-25 03:06:49', 'Record Physical Count under Stickers Invetory Stocks ', 'inventory'),
(760, '2', '2018-05-25 03:07:00', 'Record Physical Count under Stickers Invetory Stocks ', 'inventory'),
(761, '2', '2018-05-25 03:07:12', 'Record Physical Count under Stickers Invetory Stocks ', 'inventory'),
(762, '2', '2018-05-25 03:07:24', 'Record Physical Count under Stickers Invetory Stocks ', 'inventory'),
(763, '2', '2018-05-25 03:09:26', 'Record Physical Count under Stickers Invetory Stocks ', 'inventory'),
(764, '3', '2018-05-25 03:09:57', 'Purchased Order ', 'inventory'),
(765, '17', '2018-05-25 03:10:44', 'Updated Coffee Blend: Breakfast Blends, brown bag Bag 250 grams in Existing ', 'admin'),
(766, '17', '2018-05-25 03:12:21', 'Updated Coffee Blend: Breakfast Blend, brown bag Bag 250 grams in Existing ', 'admin'),
(767, '2', '2018-05-25 03:22:35', 'Record Physical Count under Machine Inventory Stocks ', 'inventory'),
(768, '2', '2018-05-25 03:22:42', 'Record Physical Count under Machine Inventory Stocks ', 'inventory'),
(769, '2', '2018-05-25 03:22:50', 'Record Physical Count under Machine Inventory Stocks ', 'inventory'),
(770, '2', '2018-05-25 03:22:57', 'Record Physical Count under Machine Inventory Stocks ', 'inventory'),
(771, '2', '2018-05-25 03:23:08', 'Record Physical Count under Machine Inventory Stocks ', 'inventory'),
(772, '2', '2018-05-25 03:23:16', 'Record Physical Count under Machine Inventory Stocks ', 'inventory'),
(773, '2', '2018-05-25 03:23:26', 'Record Physical Count under Machine Inventory Stocks ', 'inventory'),
(774, '2', '2018-05-25 03:23:33', 'Record Physical Count under Machine Inventory Stocks ', 'inventory'),
(775, '13', '2018-05-25 03:26:08', 'Updated Coffee Blend: Breakfast Blends, brown bag Bag 250 grams in Existing ', 'admin'),
(776, '13', '2018-05-25 03:26:31', 'Updated Coffee Blend: Breakfast Blend, clear bag Bag 250 grams in Existing ', 'admin'),
(777, '13', '2018-05-25 03:43:33', 'Updated Coffee Blend: Breakfast Blend, clear bag Bag 500 grams in Existing ', 'admin'),
(778, '18', '2018-05-25 03:43:53', 'Purchased Order ', 'inventory'),
(779, '2', '2018-05-25 03:43:56', 'Purchased Order ', 'inventory'),
(780, '14', '2018-05-25 03:50:39', 'Inserted New Coffee Blend (Client): Wack Wack .', 'admin'),
(781, '14', '2018-05-25 03:51:53', 'Inserted New Coffee Blend (Client): Eurotel Blend .', 'admin'),
(782, '14', '2018-05-25 03:52:31', 'Inserted New Coffee Blend (Client): Citrus Restaurant  Blend .', 'admin'),
(783, '14', '2018-05-25 03:53:10', 'Updated Packaging: \'brown bag bag, 500g\'', 'admin'),
(784, '14', '2018-05-25 03:53:17', 'Updated Packaging: \'brown bag bag, 1000g\'', 'admin'),
(785, '14', '2018-05-25 03:53:27', 'Updated Packaging: \'clear bag bag, 1000g\'', 'admin'),
(786, '14', '2018-05-25 03:53:58', 'Inserted New Coffee Blend (Client): John Hay Water System  Blend .', 'admin'),
(787, '14', '2018-05-25 03:54:38', 'Inserted New Coffee Blend (Client): Kahuna Beach Resort and Spa  Blend .', 'admin'),
(788, '14', '2018-05-25 03:55:24', 'Inserted New Coffee Blend (Client): Kintetsu World Express  Blend .', 'admin'),
(789, '14', '2018-05-25 03:56:01', 'Inserted New Coffee Blend (Client): La Casa Blanca .', 'admin'),
(790, '14', '2018-05-25 03:56:47', 'Updated Coffee Blend: Breakfast Blend, clear bag Bag 250 grams in Existing ', 'admin'),
(791, '14', '2018-05-25 03:56:55', 'Updated Coffee Blend: Breakfast Blend, clear bag Bag 250 grams in Existing ', 'admin'),
(792, '14', '2018-05-25 03:57:03', 'Updated Coffee Blend: Breakfast Blend, clear bag Bag 250 grams in Existing ', 'admin'),
(793, '2', '2018-05-25 03:57:09', 'Updated Coffee Blend: Breakfast Blend, clear bag Bag 250 grams in Existing ', 'admin'),
(794, '14', '2018-05-25 03:57:12', 'Updated Coffee Blend: Breakfast Blend, clear bag Bag 250 grams in Existing ', 'admin'),
(795, '14', '2018-05-25 03:57:21', 'Updated Coffee Blend: Breakfast Blend, clear bag Bag 250 grams in Existing ', 'admin'),
(796, '14', '2018-05-25 03:57:32', 'Updated Coffee Blend: Chefs Blend, clear bag Bag 250 grams in Existing ', 'admin'),
(797, '2', '2018-05-25 03:57:34', 'Updated Coffee Blend: Breakfast Blend, clear bag Bag 250 grams in Existing ', 'admin'),
(798, '14', '2018-05-25 03:57:41', 'Updated Coffee Blend: Chefs Blend, clear bag Bag 250 grams in Existing ', 'admin'),
(799, '14', '2018-05-25 03:57:50', 'Updated Coffee Blend: Chefs Blend, clear bag Bag 250 grams in Existing ', 'admin'),
(800, '14', '2018-05-25 03:57:59', 'Updated Coffee Blend: Chefs Blend, clear bag Bag 250 grams in Existing ', 'admin'),
(801, '14', '2018-05-25 03:58:09', 'Updated Coffee Blend: Chefs Blend, clear bag Bag 250 grams in Existing ', 'admin'),
(802, '14', '2018-05-25 03:58:20', 'Updated Coffee Blend: Chefs Blend, clear bag Bag 250 grams in Existing ', 'admin'),
(803, '14', '2018-05-25 03:58:37', 'Updated Coffee Blend: Cordillera Sunrise, clear bag Bag 250 grams in Existing ', 'admin'),
(804, '14', '2018-05-25 03:58:48', 'Updated Coffee Blend: Cordillera Sunrise, clear bag Bag 250 grams in Existing ', 'admin'),
(805, '14', '2018-05-25 03:59:00', 'Updated Coffee Blend: Cordillera Sunrise, clear bag Bag 250 grams in Existing ', 'admin'),
(806, '14', '2018-05-25 03:59:16', 'Updated Coffee Blend: Cordillera Sunrise, clear bag Bag 250 grams in Existing ', 'admin'),
(807, '14', '2018-05-25 03:59:48', 'Updated Coffee Blend: Cordillera Sunrise, clear bag Bag 250 grams in Existing ', 'admin'),
(808, '14', '2018-05-25 03:59:58', 'Updated Coffee Blend: Espresso Blend, clear bag Bag 250 grams in Existing ', 'admin'),
(809, '14', '2018-05-25 04:00:31', 'Updated Coffee Blend: Espresso Blend, clear bag Bag 250 grams in Existing ', 'admin'),
(810, '17', '2018-05-25 04:00:40', 'Added other Purchase Order ', 'sales'),
(811, '14', '2018-05-25 04:00:47', 'Updated Coffee Blend: Sumatra Night, clear bag Bag 250 grams in Existing ', 'admin'),
(812, '14', '2018-05-25 04:01:02', 'Updated Coffee Blend: Mabuhay Blend, clear bag Bag 250 grams in Existing ', 'admin'),
(813, '2', '2018-05-25 04:02:03', 'Updated Coffee Blend: Sumatra Night, clear bag Bag 250 grams in Existing ', 'admin'),
(814, '14', '2018-05-25 04:02:18', 'Inserted New Coffee Blend (Client): La Parilla Blend .', 'admin'),
(815, '2', '2018-05-25 04:02:55', 'Updated Coffee Blend: Sumatra Night, clear bag Bag 250 grams in Existing ', 'admin'),
(816, '2', '2018-05-25 04:03:06', 'Updated Coffee Blend: Sumatra Night, clear bag Bag 250 grams in Existing ', 'admin'),
(817, '14', '2018-05-25 04:03:13', 'Inserted New Coffee Blend (Client): La Tienda  Blend .', 'admin'),
(818, '2', '2018-05-25 04:03:43', 'Updated Coffee Blend: Sumatra Night, clear bag Bag 250 grams in Existing ', 'admin'),
(819, '2', '2018-05-25 04:04:00', 'Updated Coffee Blend: Sumatra Night, clear bag Bag 250 grams in Existing ', 'admin'),
(820, '14', '2018-05-25 04:04:19', 'Inserted New Coffee Blend (Client): Le Chef Manor  Blend .', 'admin'),
(821, '2', '2018-05-25 04:04:22', 'Updated Coffee Blend: Mabuhay Blend, clear bag Bag 250 grams in Existing ', 'admin'),
(822, '2', '2018-05-25 04:04:34', 'Updated Coffee Blend: Mabuhay Blend, clear bag Bag 250 grams in Existing ', 'admin'),
(823, '2', '2018-05-25 04:04:47', 'Updated Coffee Blend: Mabuhay Blend, clear bag Bag 250 grams in Existing ', 'admin'),
(824, '2', '2018-05-25 04:05:30', 'Updated Coffee Blend: Mabuhay Blend, clear bag Bag 250 grams in Existing ', 'admin'),
(825, '2', '2018-05-25 04:06:21', 'Updated Coffee Blend: Kalayaan Blend, clear bag Bag 250 grams in Existing ', 'admin'),
(826, '2', '2018-05-25 04:06:37', 'Updated Coffee Blend: Kalayaan Blend, clear bag Bag 250 grams in Existing ', 'admin'),
(827, '2', '2018-05-25 04:06:53', 'Updated Coffee Blend: Kalayaan Blend, clear bag Bag 250 grams in Existing ', 'admin'),
(828, '14', '2018-05-25 04:06:56', 'Inserted New Coffee Blend (Client): Colleen Curran  Blend .', 'admin'),
(829, '2', '2018-05-25 04:07:08', 'Updated Coffee Blend: Kalayaan Blend, clear bag Bag 250 grams in Existing ', 'admin'),
(830, '2', '2018-05-25 04:07:21', 'Updated Coffee Blend: Kalayaan Blend, clear bag Bag 250 grams in Existing ', 'admin'),
(831, '2', '2018-05-25 04:09:15', 'Updated Coffee Blend: Fiesta Blend, clear bag Bag 250 grams in Existing ', 'admin'),
(832, '14', '2018-05-25 04:09:41', 'Inserted New Coffee Blend (Client): ATACOGMAC Blend .', 'admin'),
(833, '14', '2018-05-25 04:10:30', 'Inserted New Coffee Blend (Client): Bloomfield Hotel Blend .', 'admin'),
(834, '14', '2018-05-25 04:11:00', 'Inserted New Coffee Blend (Client): Le Chef Golf Blend .', 'admin'),
(835, '14', '2018-05-25 04:14:12', 'Inserted New Coffee Blend (Client): Le Chef Southwood Blend .', 'admin'),
(836, '14', '2018-05-25 04:14:45', 'Inserted New Coffee Blend (Client): ABS CBN Blend .', 'admin'),
(837, '14', '2018-05-25 04:15:34', 'Inserted New Coffee Blend (Client): Le Chef Accounting Blend .', 'admin'),
(838, '14', '2018-05-25 04:16:22', 'Inserted New Coffee Blend (Client): Le Chef Paranaque Blend .', 'admin'),
(839, '14', '2018-05-25 04:16:57', 'Inserted New Coffee Blend (Client): Connies Kitchen Blend .', 'admin'),
(840, '14', '2018-05-25 04:17:43', 'Inserted New Coffee Blend (Client): Lemon and Olives Blend .', 'admin'),
(841, '14', '2018-05-25 04:18:42', 'Inserted New Coffee Blend (Client): Le Festin Trading Blend .', 'admin'),
(842, '14', '2018-05-25 04:19:18', 'Inserted New Coffee Blend (Client): Cosys Cafe and Roasterie Blend .', 'admin'),
(843, '14', '2018-05-25 04:20:00', 'Inserted New Coffee Blend (Client): Lighthouse Marina Resort Blend .', 'admin'),
(844, '2', '2018-05-25 04:22:28', 'Updated Coffee Blend: Breakfast Blend, brown bag Bag 250 grams in Existing ', 'admin'),
(845, '14', '2018-05-25 04:22:59', 'Updated Coffee Blend: Breakfast Blend, clear bag Bag 500 grams in Existing ', 'admin'),
(846, '14', '2018-05-25 04:23:23', 'Updated Coffee Blend: Breakfast Blend, clear bag Bag 250 grams in Existing ', 'admin'),
(847, '14', '2018-05-25 04:23:31', 'Updated Coffee Blend: Breakfast Blend, clear bag Bag 500 grams in Existing ', 'admin'),
(848, '14', '2018-05-25 04:23:39', 'Updated Coffee Blend: Breakfast Blend, clear bag Bag 1000 grams in Existing ', 'admin'),
(849, '14', '2018-05-25 04:23:48', 'Updated Coffee Blend: Breakfast Blend, clear bag Bag 250 grams in Existing ', 'admin'),
(850, '14', '2018-05-25 04:23:57', 'Updated Coffee Blend: Breakfast Blend, clear bag Bag 500 grams in Existing ', 'admin'),
(851, '14', '2018-05-25 04:24:06', 'Updated Coffee Blend: Breakfast Blend, brown bag Bag 1000 grams in Existing ', 'admin'),
(852, '2', '2018-05-25 04:26:00', 'Updated Coffee Blend: Breakfast Blend, clear bag Bag 500 grams in Existing ', 'admin'),
(853, '2', '2018-05-25 04:26:45', 'Updated Coffee Blend: Breakfast Blend, brown bag Bag 500 grams in Existing ', 'admin'),
(854, '2', '2018-05-25 04:26:57', 'Updated Coffee Blend: Breakfast Blend, clear bag Bag 1000 grams in Existing ', 'admin'),
(855, '14', '2018-05-25 04:27:08', 'Inserted New Coffee Blend (Client): Bread House Blend .', 'admin'),
(856, '2', '2018-05-25 04:27:10', 'Updated Coffee Blend: Chefs Blend, brown bag Bag 250 grams in Existing ', 'admin'),
(857, '2', '2018-05-25 04:27:23', 'Updated Coffee Blend: Chefs Blend, clear bag Bag 500 grams in Existing ', 'admin'),
(858, '2', '2018-05-25 04:27:39', 'Updated Coffee Blend: Chefs Blend, brown bag Bag 500 grams in Existing ', 'admin'),
(859, '14', '2018-05-25 04:27:50', 'Inserted New Coffee Blend (Client): Edwin Hui Blend .', 'admin'),
(860, '2', '2018-05-25 04:27:55', 'Updated Coffee Blend: Chefs Blend, clear bag Bag 1000 grams in Existing ', 'admin'),
(861, '2', '2018-05-25 04:28:14', 'Updated Coffee Blend: Chefs Blend, brown bag Bag 1000 grams in Existing ', 'admin'),
(862, '2', '2018-05-25 04:28:35', 'Updated Coffee Blend: Cordillera Sunrise, brown bag Bag 250 grams in Existing ', 'admin'),
(863, '14', '2018-05-25 04:28:38', 'Inserted New Coffee Blend (Client): Marios Restaurant Baguio Blend .', 'admin'),
(864, '2', '2018-05-25 04:28:49', 'Updated Coffee Blend: Cordillera Sunrise, clear bag Bag 500 grams in Existing ', 'admin'),
(865, '14', '2018-05-25 04:29:54', 'Inserted New Coffee Blend (Client): Marios Restaurant Manila Blend .', 'admin'),
(866, '17', '2018-05-25 04:36:26', 'Record Physical Count under Packaging Inventory Stocks ', 'inventory'),
(867, '17', '2018-05-25 04:36:36', 'Record Physical Count under Packaging Inventory Stocks ', 'inventory'),
(868, '14', '2018-05-25 04:59:13', 'Inserted New Coffee Blend (Client): Escala Blend .', 'admin'),
(869, '14', '2018-05-25 04:59:52', 'Inserted New Coffee Blend (Client): Hapi Bakery  and Mami House .', 'admin'),
(870, '17', '2018-05-25 05:00:16', 'Record Physical Count under Stickers Invetory Stocks ', 'inventory'),
(871, '14', '2018-05-25 05:00:20', 'Inserted New Coffee Blend (Client): Fil Estate Blend .', 'admin'),
(872, '17', '2018-05-25 05:00:25', 'Record Physical Count under Stickers Invetory Stocks ', 'inventory'),
(873, '17', '2018-05-25 05:00:45', 'Record Physical Count under Stickers Invetory Stocks ', 'inventory'),
(874, '17', '2018-05-25 05:00:55', 'Record Physical Count under Stickers Invetory Stocks ', 'inventory'),
(875, '14', '2018-05-25 05:01:05', 'Inserted New Coffee Blend (Client): Professor Valentino Macanes Blend .', 'admin'),
(876, '14', '2018-05-25 05:01:33', 'Inserted New Coffee Blend (Client): She Diner Blend .', 'admin'),
(877, '17', '2018-05-25 05:01:46', 'Record Physical Count under Stickers Invetory Stocks ', 'inventory'),
(878, '14', '2018-05-25 05:01:53', 'Inserted New Coffee Blend (Client): GMA Blend .', 'admin'),
(879, '17', '2018-05-25 05:01:54', 'Record Physical Count under Stickers Invetory Stocks ', 'inventory'),
(880, '17', '2018-05-25 05:02:08', 'Record Physical Count under Stickers Invetory Stocks ', 'inventory'),
(881, '17', '2018-05-25 05:02:17', 'Record Physical Count under Stickers Invetory Stocks ', 'inventory'),
(882, '14', '2018-05-25 05:02:21', 'Inserted New Coffee Blend (Client): Grumpy Joe Blend .', 'admin'),
(883, '14', '2018-05-25 05:02:54', 'Inserted New Coffee Blend (Client): Bowknot Brewery Blend .', 'admin'),
(884, '14', '2018-05-25 05:03:26', 'Inserted New Coffee Blend (Client): Cafe de Manor .', 'admin'),
(885, '14', '2018-05-25 05:04:35', 'Inserted New Coffee Blend (Client): Best Western Oxford Suites Blend .', 'admin'),
(886, '17', '2018-05-25 05:04:40', 'Purchased Order ', 'inventory'),
(887, '14', '2018-05-25 05:05:18', 'Inserted New Coffee Blend (Client): Baguio Country Club Blend .', 'admin'),
(888, '14', '2018-05-25 05:05:52', 'Inserted New Coffee Blend (Client): Forest Hills Blend .', 'admin'),
(889, '14', '2018-05-25 05:06:33', 'Inserted New Coffee Blend (Client): Bioessence Blend .', 'admin'),
(890, '14', '2018-05-25 05:07:54', 'Inserted New Coffee Blend (Client): Blackwoods Blend .', 'admin'),
(891, '17', '2018-05-25 05:08:22', 'Purchased Order ', 'inventory'),
(892, '3', '2018-05-25 05:08:22', 'Purchased Order ', 'inventory'),
(893, '14', '2018-05-25 05:08:48', 'Inserted New Coffee Blend (Client): Gerrys Grill Treasury Blend .', 'admin'),
(894, '3', '2018-05-25 05:08:58', 'Record Partial Delivery ', 'inventory'),
(895, '17', '2018-05-25 05:09:14', 'Record Partial Delivery ', 'inventory'),
(896, '17', '2018-05-25 05:09:14', 'Record Partial Delivery ', 'inventory'),
(897, '17', '2018-05-25 05:09:15', 'Record Partial Delivery ', 'inventory'),
(898, '14', '2018-05-25 05:09:48', 'Inserted New Coffee Blend (Client): Gerrys Grill Purchasing Blend .', 'admin'),
(899, '3', '2018-05-25 05:09:58', 'Purchased Order ', 'inventory'),
(900, '14', '2018-05-25 05:10:26', 'Inserted New Coffee Blend (Client): Keiffeir Coffee Shop Blend .', 'admin'),
(901, '3', '2018-05-25 05:11:15', 'Purchased Order ', 'inventory'),
(902, '13', '2018-05-25 05:11:25', 'Added other Purchase Order ', 'sales'),
(903, '14', '2018-05-25 05:11:44', 'Inserted New Coffee Blend (Client): Bote Central Roasting Machine Blend .', 'admin'),
(904, '3', '2018-05-25 05:12:04', 'Record Partial Delivery ', 'inventory'),
(905, '14', '2018-05-25 05:12:21', 'Inserted New Coffee Blend (Client): Gweilo Corp Blend .', 'admin'),
(906, '3', '2018-05-25 05:12:27', 'Record Partial Delivery ', 'inventory'),
(907, '14', '2018-05-25 05:12:57', 'Inserted New Coffee Blend (Client): Camp John Hay Golf Club Blend .', 'admin'),
(908, '13', '2018-05-25 05:13:21', 'Record Partial Payment ', 'inventory'),
(909, '14', '2018-05-25 05:13:23', 'Inserted New Coffee Blend (Client): Canto Blend .', 'admin'),
(910, '14', '2018-05-25 05:13:54', 'Inserted New Coffee Blend (Client): Cafe de Seoul Blend .', 'admin'),
(911, '3', '2018-05-25 05:15:27', 'Record Partial Delivery ', 'inventory'),
(912, '3', '2018-05-25 05:15:27', 'Record Partial Delivery ', 'inventory'),
(913, '3', '2018-05-25 05:16:58', 'Record Partial Delivery ', 'inventory'),
(914, '13', '2018-05-25 05:17:07', 'Returned 3 Cordillera Sunrise from Walkin Sales ', 'sales'),
(915, '3', '2018-05-25 05:18:11', 'Record Partial Delivery ', 'inventory'),
(916, '13', '2018-05-25 05:18:48', 'Resolved Cordillera Sunrise of Walkin Client Order ', 'sales'),
(917, '3', '2018-05-25 05:18:51', 'Record Partial Delivery ', 'inventory'),
(918, '3', '2018-05-25 05:19:55', 'Record Partial Delivery ', 'inventory'),
(919, '13', '2018-05-25 05:20:05', 'Record Physical Count under Machine Inventory Stocks ', 'inventory'),
(920, '13', '2018-05-25 05:20:23', 'Record Physical Count under Machine Inventory Stocks ', 'inventory'),
(921, '3', '2018-05-25 05:20:32', 'Record Partial Payment ', 'inventory'),
(922, '14', '2018-05-25 05:22:45', 'Inserted New Coffee Blend (Client): Cafe Caw Blend .', 'admin'),
(923, '18', '2018-05-25 05:23:08', 'Purchased Order ', 'inventory'),
(924, '18', '2018-05-25 05:23:33', 'Record Partial Delivery ', 'inventory'),
(925, '2', '2018-05-25 05:23:51', 'Added other Purchase Order ', 'sales'),
(926, '2', '2018-05-25 05:25:06', 'Added other Purchase Order ', 'sales'),
(927, '3', '2018-05-25 05:33:52', 'Record Physical Count under Raw Coffee Stocks ', 'inventory'),
(928, '2', '2018-05-25 05:34:10', 'Added other Purchase Order ', 'sales'),
(929, '3', '2018-05-25 05:34:21', 'Record Physical Count under Raw Coffee Stocks ', 'inventory'),
(930, '13', '2018-05-25 05:38:56', 'Resolved Citrus Restaurant\'s Piccolina machine Double Cup Espresso ', 'sales'),
(931, '13', '2018-05-25 05:39:50', 'Added Purchase Order for ABS CBN ', 'sales'),
(932, '13', '2018-05-25 05:41:10', 'Added Purchase Order for Bloomfield Hotel (Patch Cafe) ', 'sales'),
(933, '13', '2018-05-25 05:42:33', 'Added Purchase Order for Cafe Caw ', 'sales'),
(934, '13', '2018-05-25 05:43:25', 'Added other Purchase Order ', 'sales'),
(935, '13', '2018-05-25 05:43:47', 'Added Purchase Order for ABS CBN ', 'sales'),
(936, '4', '2018-05-25 05:44:39', 'Added Purchase Order for Escala ', 'sales'),
(937, '4', '2018-05-25 05:47:15', 'Updated Packaging: \'brown bag bag, 250g\'', 'admin'),
(938, '4', '2018-05-25 05:47:41', 'Updated Sticker: \'ABS CBN Sticker\'', 'admin'),
(939, '4', '2018-05-25 05:48:38', 'Updated Packaging: \'brown bag bag, 250g\'', 'admin'),
(940, '17', '2018-05-25 05:50:41', 'Purchased Order ', 'inventory'),
(941, '17', '2018-05-25 05:51:02', 'Record Partial Delivery ', 'inventory'),
(942, '17', '2018-05-25 06:09:31', 'Record Physical Count under Packaging Inventory Stocks ', 'inventory'),
(943, '17', '2018-05-25 06:11:57', 'Record Physical Count under Coffee Blends Inventory Stocks ', 'inventory'),
(944, '17', '2018-05-25 06:19:23', 'Record Physical Count under Packaging Inventory Stocks ', 'inventory'),
(945, '17', '2018-05-25 06:19:30', 'Record Physical Count under Packaging Inventory Stocks ', 'inventory'),
(946, '4', '2018-05-25 08:00:51', 'Added Purchase Order for ABS CBN ', 'sales'),
(947, '4', '2018-05-25 08:00:57', 'Added Purchase Order for Bloomfield Hotel (Patch Cafe) ', 'sales'),
(948, '4', '2018-05-25 08:01:32', 'Added Purchase Order for Bloomfield Hotel (Patch Cafe) ', 'sales'),
(949, '4', '2018-05-25 08:01:48', 'Added Purchase Order for Bloomfield Hotel (Patch Cafe) ', 'sales'),
(950, '4', '2018-05-25 08:02:18', 'Added Purchase Order for Cafe Caw ', 'sales'),
(951, '3', '2018-05-25 08:02:41', 'Purchased Order ', 'inventory'),
(952, '3', '2018-05-25 08:03:16', 'Record Partial Delivery ', 'inventory'),
(953, '3', '2018-05-25 08:04:29', 'Purchased Order ', 'inventory'),
(954, '3', '2018-05-25 08:05:50', 'Purchased Order ', 'inventory'),
(955, '3', '2018-05-25 08:06:26', 'Record Partial Delivery ', 'inventory'),
(956, '3', '2018-05-25 08:06:27', 'Record Partial Delivery ', 'inventory'),
(957, '3', '2018-05-25 08:07:12', 'Record Partial Delivery ', 'inventory'),
(958, '3', '2018-05-25 08:07:41', 'Record Partial Delivery ', 'inventory'),
(959, '3', '2018-05-25 08:07:42', 'Record Partial Delivery ', 'inventory'),
(960, '14', '2018-05-25 08:08:16', 'Updated Coffee Blend: Breakfast Blend, brown bag Bag 250 grams in Company Blends.', 'admin'),
(961, '14', '2018-05-25 08:08:42', 'Updated Coffee Blend: Breakfast Blend, brown bag Bag 250 grams in Company Blends.', 'admin'),
(962, '14', '2018-05-25 08:08:53', 'Updated Coffee Blend: Breakfast Blend, clear bag Bag 250 grams in Company Blends.', 'admin'),
(963, '14', '2018-05-25 08:09:05', 'Updated Coffee Blend: Breakfast Blend, clear bag Bag 250 grams in Company Blends.', 'admin'),
(964, '14', '2018-05-25 08:09:18', 'Updated Coffee Blend: Breakfast Blend, clear bag Bag 250 grams in Company Blends.', 'admin'),
(965, '14', '2018-05-25 08:09:30', 'Updated Coffee Blend: Breakfast Blend, clear bag Bag 500 grams in Company Blends.', 'admin'),
(966, '3', '2018-05-25 08:10:20', 'Purchased Order ', 'inventory'),
(967, '14', '2018-05-25 08:10:20', 'Updated Coffee Blend: Breakfast Blend, clear bag Bag 500 grams in Company Blends.', 'admin'),
(968, '14', '2018-05-25 08:10:53', 'Updated Coffee Blend: Baguio Country Club Blend, clear bag Bag 500 grams in Client Blends.', 'admin'),
(969, '3', '2018-05-25 08:11:06', 'Purchased Order ', 'inventory'),
(970, '14', '2018-05-25 08:11:33', 'Updated Coffee Blend: Baguio Country Club Blend, brown bag Bag 500 grams in Client Blends.', 'admin'),
(971, '3', '2018-05-25 08:11:58', 'Purchased Order ', 'inventory'),
(972, '3', '2018-05-25 08:12:26', 'Record Partial Delivery ', 'inventory'),
(973, '14', '2018-05-25 08:12:32', 'Updated Coffee Blend: Cordillera Sunrise, brown bag Bag 500 grams in Company Blends.', 'admin'),
(974, '3', '2018-05-25 08:12:48', 'Record Partial Delivery ', 'inventory'),
(975, '14', '2018-05-25 08:12:55', 'Updated Coffee Blend: Cordillera Sunrise, brown bag Bag 1000 grams in Company Blends.', 'admin'),
(976, '3', '2018-05-25 08:13:12', 'Record Partial Delivery ', 'inventory'),
(977, '14', '2018-05-25 08:13:13', 'Updated Coffee Blend: Espresso Blend, clear bag Bag 500 grams in Company Blends.', 'admin'),
(978, '14', '2018-05-25 08:13:48', 'Updated Coffee Blend: Guatamela Rainforest, brown bag Bag 250 grams in Company Blends.', 'admin'),
(979, '14', '2018-05-25 08:14:00', 'Updated Coffee Blend: Guatamela Rainforest, clear bag Bag 500 grams in Company Blends.', 'admin'),
(980, '14', '2018-05-25 08:14:14', 'Updated Coffee Blend: Guatamela Rainforest, brown bag Bag 500 grams in Company Blends.', 'admin'),
(981, '3', '2018-05-25 08:14:31', 'Purchased Order ', 'inventory'),
(982, '14', '2018-05-25 08:14:42', 'Updated Coffee Blend: Guatamela Rainforest, clear bag Bag 1000 grams in Company Blends.', 'admin'),
(983, '14', '2018-05-25 08:15:11', 'Updated Coffee Blend: Guatamela Rainforest, brown bag Bag 1000 grams in Company Blends.', 'admin'),
(984, '14', '2018-05-25 08:15:28', 'Updated Coffee Blend: Kalayaan Blend, clear bag Bag 500 grams in Company Blends.', 'admin'),
(985, '3', '2018-05-25 08:15:41', 'Purchased Order ', 'inventory'),
(986, '14', '2018-05-25 08:15:42', 'Updated Coffee Blend: Kalayaan Blend, brown bag Bag 500 grams in Company Blends.', 'admin'),
(987, '14', '2018-05-25 08:16:09', 'Updated Coffee Blend: Kalayaan Blend, clear bag Bag 1000 grams in Company Blends.', 'admin'),
(988, '14', '2018-05-25 08:16:22', 'Updated Coffee Blend: Kalayaan Blend, brown bag Bag 1000 grams in Company Blends.', 'admin'),
(989, '3', '2018-05-25 08:16:24', 'Record Partial Delivery ', 'inventory'),
(990, '14', '2018-05-25 08:16:47', 'Updated Coffee Blend: Mabuhay Blend, clear bag Bag 500 grams in Company Blends.', 'admin'),
(991, '14', '2018-05-25 08:16:59', 'Updated Coffee Blend: Mabuhay Blend, brown bag Bag 500 grams in Company Blends.', 'admin'),
(992, '14', '2018-05-25 08:17:11', 'Updated Coffee Blend: Mabuhay Blend, clear bag Bag 1000 grams in Company Blends.', 'admin'),
(993, '14', '2018-05-25 08:17:25', 'Updated Coffee Blend: Mabuhay Blend, brown bag Bag 1000 grams in Company Blends.', 'admin'),
(994, '3', '2018-05-25 08:17:25', 'Record Partial Delivery ', 'inventory'),
(995, '14', '2018-05-25 08:17:40', 'Updated Coffee Blend: Sumatra Night, brown bag Bag 250 grams in Company Blends.', 'admin'),
(996, '14', '2018-05-25 08:17:55', 'Updated Coffee Blend: Sumatra Night, clear bag Bag 500 grams in Company Blends.', 'admin'),
(997, '14', '2018-05-25 08:18:06', 'Updated Coffee Blend: Sumatra Night, brown bag Bag 500 grams in Company Blends.', 'admin'),
(998, '14', '2018-05-25 08:18:17', 'Updated Coffee Blend: Sumatra Night, clear bag Bag 1000 grams in Company Blends.', 'admin'),
(999, '14', '2018-05-25 08:18:26', 'Updated Coffee Blend: Sumatra Night, brown bag Bag 1000 grams in Company Blends.', 'admin'),
(1000, '3', '2018-05-25 08:18:28', 'Record Partial Payment ', 'inventory'),
(1001, '3', '2018-05-25 08:19:09', 'Record Partial Payment ', 'inventory'),
(1002, '3', '2018-05-25 08:20:16', 'Record Partial Payment ', 'inventory'),
(1003, '3', '2018-05-25 08:20:40', 'Record Partial Payment ', 'inventory'),
(1004, '14', '2018-05-25 08:23:21', 'Updated Raw Coffee: ,  roast ', 'admin'),
(1005, '14', '2018-05-25 08:23:38', 'Updated Raw Coffee: Robusta, light roast roast ', 'admin'),
(1006, '3', '2018-05-25 08:24:18', 'Record Partial Payment ', 'inventory'),
(1007, '14', '2018-05-25 08:24:42', 'Updated Coffee Blend: Breakfast Blend, clear bag Bag 250 grams in Company Blends.', 'admin'),
(1008, '14', '2018-05-25 08:24:52', 'Updated Coffee Blend: Breakfast Blend, clear bag Bag 250 grams in Company Blends.', 'admin'),
(1009, '14', '2018-05-25 08:25:18', 'Updated Coffee Blend: Chefs Blend, brown bag Bag 250 grams in Company Blends.', 'admin'),
(1010, '14', '2018-05-25 08:25:30', 'Updated Coffee Blend: Chefs Blend, brown bag Bag 250 grams in Company Blends.', 'admin'),
(1011, '14', '2018-05-25 08:25:51', 'Updated Coffee Blend: Baguio Country Club Blend, brown bag Bag 500 grams in Client Blends.', 'admin'),
(1012, '14', '2018-05-25 08:26:45', 'Updated Coffee Blend: Baguio Country Club Blend, brown bag Bag 500 grams in Client Blends.', 'admin'),
(1013, '4', '2018-05-25 08:28:45', ' Mark Bloomfield Hotel (Patch Cafe)\'s orders as Fully Delivered ', 'sales'),
(1014, '4', '2018-05-25 08:30:03', ' Mark Bloomfield Hotel (Patch Cafe)\'s orders as Fully Paid ', 'sales'),
(1015, '4', '2018-05-25 08:30:49', 'Added Purchase Order for ABS CBN ', 'sales'),
(1016, '4', '2018-05-25 08:30:53', 'Added Purchase Order for Bioessence ', 'sales'),
(1017, '4', '2018-05-25 08:30:57', 'Added Purchase Order for Bloomfield Hotel (Patch Cafe) ', 'sales'),
(1018, '4', '2018-05-25 08:31:02', 'Added Purchase Order for Cafe de Manor ', 'sales'),
(1019, '4', '2018-05-25 08:31:08', 'Added Purchase Order for Camp John Hay Golf Club ', 'sales'),
(1020, '4', '2018-05-25 08:31:17', 'Added Purchase Order for Citrus Restaurant ', 'sales'),
(1021, '4', '2018-05-25 08:31:23', 'Added Purchase Order for Colleen Curran ', 'sales'),
(1022, '4', '2018-05-25 08:31:28', 'Added Purchase Order for Edwin Hui ', 'sales'),
(1023, '4', '2018-05-25 08:31:32', 'Added Purchase Order for Escala ', 'sales'),
(1024, '4', '2018-05-25 08:31:38', 'Added Purchase Order for Eurotel Baguio ', 'sales'),
(1025, '4', '2018-05-25 08:31:45', 'Added Purchase Order for Gerry\'s Grill Treasury ', 'sales'),
(1026, '4', '2018-05-25 08:31:52', 'Added Purchase Order for GMA ', 'sales'),
(1027, '4', '2018-05-25 08:31:58', 'Added Purchase Order for Grumpy Joe ', 'sales'),
(1028, '4', '2018-05-25 08:32:04', 'Added Purchase Order for John Hay Water System, Inc. ', 'sales'),
(1029, '4', '2018-05-25 08:32:16', 'Added Purchase Order for John Hay Water System, Inc. ', 'sales'),
(1030, '4', '2018-05-25 08:32:24', 'Added Purchase Order for Kahuna Beach Resort and Spa ', 'sales'),
(1031, '4', '2018-05-25 08:32:32', 'Added Purchase Order for  Kintetsu World Express ', 'sales'),
(1032, '4', '2018-05-25 08:32:38', 'Added Purchase Order for La Parilla ', 'sales'),
(1033, '4', '2018-05-25 08:32:44', 'Added Purchase Order for La Tienda ', 'sales'),
(1034, '4', '2018-05-25 08:32:49', 'Added Purchase Order for Le Chef Golf ', 'sales'),
(1035, '4', '2018-05-25 08:33:00', 'Added Purchase Order for Le Festin Trading, Inc. (Gourmet) ', 'sales'),
(1036, '4', '2018-05-25 08:33:05', 'Added Purchase Order for Lighthouse Marina Resort ', 'sales'),
(1037, '4', '2018-05-25 08:33:10', 'Added Purchase Order for Mario\'s Restaurant (Q.C) ', 'sales'),
(1038, '4', '2018-05-25 08:33:17', 'Added Purchase Order for Mario\'s Restaurant (Q.C) ', 'sales'),
(1039, '4', '2018-05-25 08:33:22', 'Added Purchase Order for Prof. Valentino Macanes ', 'sales'),
(1040, '4', '2018-05-25 08:33:29', 'Added Purchase Order for She Diner ', 'sales'),
(1041, '4', '2018-05-25 08:34:28', 'Added Purchase Order for ABS CBN ', 'sales');
INSERT INTO `activitylogs` (`activitylogs_id`, `user_no`, `timestamp`, `message`, `type`) VALUES
(1042, '4', '2018-05-25 08:34:32', 'Added Purchase Order for Bioessence ', 'sales'),
(1043, '4', '2018-05-25 08:34:47', 'Added Purchase Order for ABS CBN ', 'sales'),
(1044, '4', '2018-05-25 08:34:55', 'Added Purchase Order for Bioessence ', 'sales'),
(1045, '4', '2018-05-25 08:35:03', 'Added Purchase Order for Bloomfield Hotel (Patch Cafe) ', 'sales'),
(1046, '4', '2018-05-25 08:35:12', 'Added Purchase Order for Cafe Caw ', 'sales'),
(1047, '4', '2018-05-25 08:35:22', 'Added Purchase Order for Cafe de Manor ', 'sales'),
(1048, '4', '2018-05-25 08:35:32', 'Added Purchase Order for Camp John Hay Golf Club ', 'sales'),
(1049, '4', '2018-05-25 08:35:43', 'Added Purchase Order for Citrus Restaurant ', 'sales'),
(1050, '4', '2018-05-25 08:35:52', 'Added Purchase Order for Colleen Curran ', 'sales'),
(1051, '4', '2018-05-25 08:36:04', 'Added Purchase Order for Edwin Hui ', 'sales'),
(1052, '4', '2018-05-25 08:36:12', 'Added Purchase Order for Escala ', 'sales'),
(1053, '4', '2018-05-25 08:36:25', 'Added Purchase Order for Eurotel Baguio ', 'sales'),
(1054, '4', '2018-05-25 08:36:32', 'Added Purchase Order for Bioessence ', 'sales'),
(1055, '4', '2018-05-25 08:36:42', ' Mark Cafe Caw\'s orders as Partially Delivered ', 'sales'),
(1056, '4', '2018-05-25 08:36:43', 'Added Purchase Order for Bloomfield Hotel (Patch Cafe) ', 'sales'),
(1057, '4', '2018-05-25 08:36:55', 'Added Purchase Order for Cafe Caw ', 'sales'),
(1058, '4', '2018-05-25 08:37:06', 'Added Purchase Order for Camp John Hay Golf Club ', 'sales'),
(1059, '4', '2018-05-25 08:37:17', ' Mark Escala\'s orders as Fully Delivered ', 'sales'),
(1060, '4', '2018-05-25 08:37:20', 'Added Purchase Order for Citrus Restaurant ', 'sales'),
(1061, '4', '2018-05-25 08:42:14', ' Mark Camp John Hay Golf Club\'s orders as Fully Delivered ', 'sales'),
(1062, '8', '2018-05-25 08:44:28', 'Purchased Order ', 'inventory'),
(1063, '14', '2018-05-25 08:45:13', 'Updated Coffee Machine: Tempo, Double Cup Espresso roast ', 'admin'),
(1064, '8', '2018-05-25 08:45:26', 'Purchased Order ', 'inventory'),
(1065, '8', '2018-05-25 08:46:16', 'Purchased Order ', 'inventory'),
(1066, '8', '2018-05-25 08:46:54', 'Purchased Order ', 'inventory'),
(1067, '8', '2018-05-25 08:47:25', 'Record Partial Delivery ', 'inventory'),
(1068, '8', '2018-05-25 08:47:26', 'Record Partial Delivery ', 'inventory'),
(1069, '8', '2018-05-25 08:47:50', 'Record Partial Delivery ', 'inventory'),
(1070, '8', '2018-05-25 08:48:07', 'Record Partial Delivery ', 'inventory'),
(1071, '4', '2018-05-25 08:48:20', ' Mark ABS CBN\'s orders as Partially Delivered ', 'sales'),
(1072, '8', '2018-05-25 08:48:36', 'Record Partial Delivery ', 'inventory'),
(1073, '4', '2018-05-25 08:48:50', ' Mark ABS CBN\'s orders as Partially Delivered ', 'sales'),
(1074, '8', '2018-05-25 08:49:11', 'Record Partial Delivery ', 'inventory'),
(1075, '4', '2018-05-25 08:49:37', 'Mark Bloomfield Hotel (Patch Cafe)\'s orders as Returned ', 'sales'),
(1076, '8', '2018-05-25 08:50:03', 'Purchased Order ', 'inventory'),
(1077, '4', '2018-05-25 08:52:19', 'Resolved Bloomfield Hotel (Patch Cafe) from Contracted Client Order ', 'sales'),
(1078, '8', '2018-05-25 08:53:31', 'Record Partial Delivery ', 'inventory'),
(1079, '4', '2018-05-25 08:53:52', ' Mark Cafe Caw\'s orders as Partially Delivered ', 'sales'),
(1080, '8', '2018-05-25 08:54:27', 'Purchased Order ', 'inventory'),
(1081, '4', '2018-05-25 08:55:11', ' Mark Citrus Restaurant\'s orders as Fully Delivered ', 'sales'),
(1082, '8', '2018-05-25 08:55:20', 'Purchased Order ', 'inventory'),
(1083, '4', '2018-05-25 08:55:37', 'Mark Escala\'s orders as Returned ', 'sales'),
(1084, '8', '2018-05-25 08:56:33', 'Purchased Order ', 'inventory'),
(1085, '8', '2018-05-25 08:57:01', 'Record Partial Delivery ', 'inventory'),
(1086, '8', '2018-05-25 08:57:02', 'Record Partial Delivery ', 'inventory'),
(1087, '13', '2018-05-25 08:57:06', 'Deactivated: \'Bote Central Roasting Sticker\'', 'admin'),
(1088, '8', '2018-05-25 08:57:44', 'Record Partial Delivery ', 'inventory'),
(1089, '4', '2018-05-25 08:58:00', 'Returned 1 Guatamela Rainforest from Walkin Sales ', 'sales'),
(1090, '13', '2018-05-25 08:58:41', 'Activated: \'Bote Central Roasting Sticker\'', 'admin'),
(1091, '8', '2018-05-25 08:58:43', 'Record Partial Delivery ', 'inventory'),
(1092, '13', '2018-05-25 08:58:44', 'Deactivated: \'Bote Central Sticker\'', 'admin'),
(1093, '4', '2018-05-25 08:59:02', 'Resolved Guatamela Rainforest of Walkin Client Order ', 'sales'),
(1094, '4', '2018-05-25 08:59:04', 'Resolved Guatamela Rainforest of Walkin Client Order ', 'sales'),
(1095, '8', '2018-05-25 08:59:33', 'Record Partial Payment ', 'inventory'),
(1096, '8', '2018-05-25 08:59:53', 'Record Partial Payment ', 'inventory'),
(1097, '8', '2018-05-25 09:00:06', 'Record Partial Payment ', 'inventory'),
(1098, '8', '2018-05-25 09:00:27', 'Record Partial Payment ', 'inventory'),
(1099, '8', '2018-05-25 09:00:41', 'Record Partial Payment ', 'inventory'),
(1100, '8', '2018-05-25 09:00:54', 'Record Partial Payment ', 'inventory'),
(1101, '8', '2018-05-25 09:01:07', 'Record Partial Payment ', 'inventory'),
(1102, '8', '2018-05-25 09:01:34', 'Record Partial Payment ', 'inventory'),
(1103, '13', '2018-05-25 09:03:05', 'Updated Raw Coffee: Guatemala, city roast roast ', 'admin'),
(1104, '8', '2018-05-25 09:03:08', 'Record Partial Payment ', 'inventory'),
(1105, '13', '2018-05-25 09:03:14', 'Updated Raw Coffee: Guatemala, city roast roast ', 'admin'),
(1106, '13', '2018-05-25 09:03:24', 'Updated Raw Coffee: Guatemala, city roast roast ', 'admin'),
(1107, '13', '2018-05-25 09:03:46', 'Updated Coffee Blend: Guatemala Rainforest, clear bag Bag 250 grams in Company Blends.', 'admin'),
(1108, '13', '2018-05-25 09:04:02', 'Updated Coffee Blend: Guatemala Rainforest, clear bag Bag 500 grams in Company Blends.', 'admin'),
(1109, '13', '2018-05-25 09:04:18', 'Updated Coffee Blend: Guatemala Rainforest, brown bag Bag 1000 grams in Company Blends.', 'admin'),
(1110, '13', '2018-05-25 09:04:32', 'Updated Coffee Blend: Guatemala Rainforest, clear bag Bag 1000 grams in Company Blends.', 'admin'),
(1111, '13', '2018-05-25 09:04:49', 'Updated Coffee Blend: Guatemala Rainforest, brown bag Bag 500 grams in Company Blends.', 'admin'),
(1112, '13', '2018-05-25 09:05:04', 'Updated Coffee Blend: Guatemala Rainforest, brown bag Bag 250 grams in Company Blends.', 'admin'),
(1113, '8', '2018-05-25 09:05:16', 'Record Partial Payment ', 'inventory'),
(1114, '8', '2018-05-25 09:05:32', 'Record Partial Payment ', 'inventory'),
(1115, '13', '2018-05-25 09:05:41', 'Updated Sticker: \'Guatemala Rainforest Sticker\'', 'admin'),
(1116, '8', '2018-05-25 09:05:44', 'Record Partial Payment ', 'inventory'),
(1117, '8', '2018-05-25 09:06:00', 'Record Partial Payment ', 'inventory'),
(1118, '4', '2018-05-25 09:06:33', 'Mark Cafe Caw\'s orders as Returned ', 'sales'),
(1119, '13', '2018-05-25 09:06:34', 'Updated Raw Coffee: Guatemala, medium roast roast ', 'admin'),
(1120, '13', '2018-05-25 09:06:44', 'Updated Raw Coffee: Guatemala, light roast roast ', 'admin'),
(1121, '8', '2018-05-25 09:07:01', 'Record Partial Payment ', 'inventory'),
(1122, '8', '2018-05-25 09:07:21', 'Record Partial Payment ', 'inventory'),
(1123, '8', '2018-05-25 09:07:38', 'Record Partial Payment ', 'inventory'),
(1124, '8', '2018-05-25 09:08:00', 'Record Partial Payment ', 'inventory'),
(1125, '8', '2018-05-25 09:08:54', 'Record Partial Payment ', 'inventory'),
(1126, '8', '2018-05-25 09:09:11', 'Record Partial Payment ', 'inventory'),
(1127, '8', '2018-05-25 09:09:28', 'Record Partial Payment ', 'inventory'),
(1128, '8', '2018-05-25 09:09:42', 'Record Partial Payment ', 'inventory'),
(1129, '8', '2018-05-25 09:10:25', 'Record Partial Payment ', 'inventory'),
(1130, '8', '2018-05-25 09:10:40', 'Record Partial Payment ', 'inventory'),
(1131, '8', '2018-05-25 09:10:53', 'Record Partial Payment ', 'inventory'),
(1132, '8', '2018-05-25 09:11:10', 'Record Partial Payment ', 'inventory'),
(1133, '8', '2018-05-25 09:13:04', 'Purchased Order ', 'inventory'),
(1134, '8', '2018-05-25 09:13:55', 'Purchased Order ', 'inventory'),
(1135, '8', '2018-05-25 09:14:21', 'Record Partial Delivery ', 'inventory'),
(1136, '8', '2018-05-25 09:15:30', 'Record Partial Delivery ', 'inventory'),
(1137, '8', '2018-05-25 09:15:30', 'Record Partial Delivery ', 'inventory'),
(1138, '8', '2018-05-25 09:15:30', 'Record Partial Delivery ', 'inventory'),
(1139, '8', '2018-05-25 09:16:07', 'Record Partial Delivery ', 'inventory'),
(1140, '8', '2018-05-25 09:16:27', 'Record Partial Payment ', 'inventory'),
(1141, '8', '2018-05-25 09:16:44', 'Record Partial Payment ', 'inventory'),
(1142, '3', '2018-05-25 09:29:07', 'Returned 1 Guatemala Rainforest from Walkin Sales ', 'sales'),
(1143, '4', '2018-05-25 09:44:47', ' Mark Colleen Curran\'s orders as Partially Delivered ', 'sales'),
(1144, '4', '2018-05-25 09:45:27', ' Mark Colleen Curran\'s orders as Partially Delivered ', 'sales'),
(1145, '4', '2018-05-26 01:44:51', ' Mark Colleen Curran\'s orders as Fully Paid ', 'sales'),
(1146, '4', '2018-05-26 01:45:07', ' Mark Camp John Hay Golf Club\'s orders as Fully Paid ', 'sales'),
(1147, '4', '2018-05-26 01:46:47', ' Mark Cafe Caw\'s orders as Fully Paid ', 'sales'),
(1148, '13', '2018-05-26 01:47:59', 'Added Purchase Order for Le Chef -Paranaque ', 'sales'),
(1149, '13', '2018-05-26 01:48:06', 'Added Purchase Order for She Diner ', 'sales'),
(1150, '13', '2018-05-26 01:48:13', 'Added Purchase Order for Prof. Valentino Macanes ', 'sales'),
(1151, '13', '2018-05-26 01:48:18', 'Added Purchase Order for Mario\'s Restaurant (Q.C) ', 'sales'),
(1152, '13', '2018-05-26 01:48:34', 'Added Purchase Order for Mario\'s Restaurant (Q.C) ', 'sales'),
(1153, '13', '2018-05-26 01:48:42', 'Added Purchase Order for Lighthouse Marina Resort ', 'sales'),
(1154, '13', '2018-05-26 01:50:19', 'Added Purchase Order for Mario\'s Restaurant (Q.C) ', 'sales'),
(1155, '13', '2018-05-26 01:50:44', 'Added Purchase Order for Le Festin Trading, Inc. (Gourmet) ', 'sales'),
(1156, '13', '2018-05-26 01:50:51', 'Added Purchase Order for Le Chef Golf ', 'sales'),
(1157, '13', '2018-05-26 01:50:57', 'Added Purchase Order for Le Chef Southwoods ', 'sales'),
(1158, '10', '2018-05-26 01:51:09', 'Purchased Order ', 'inventory'),
(1159, '10', '2018-05-26 01:52:10', 'Purchased Order ', 'inventory'),
(1160, '10', '2018-05-26 01:52:57', 'Purchased Order ', 'inventory'),
(1161, '4', '2018-05-26 01:53:08', ' Mark Escala\'s orders as Fully Paid ', 'sales'),
(1162, '13', '2018-05-26 01:53:18', ' Mark Eurotel Baguio\'s orders as Fully Delivered ', 'sales'),
(1163, '10', '2018-05-26 01:53:37', 'Record Partial Delivery ', 'inventory'),
(1164, '10', '2018-05-26 01:54:12', 'Record Partial Delivery ', 'inventory'),
(1165, '13', '2018-05-26 01:54:12', ' Mark Gerry\'s Grill Treasury\'s orders as Fully Delivered ', 'sales'),
(1166, '10', '2018-05-26 01:55:00', 'Record Partial Delivery ', 'inventory'),
(1167, '10', '2018-05-26 01:56:09', 'Purchased Order ', 'inventory'),
(1168, '13', '2018-05-26 02:04:13', ' Mark GMA\'s orders as Fully Delivered ', 'sales'),
(1169, '13', '2018-05-26 02:04:45', ' Mark Grumpy Joe\'s orders as Fully Delivered ', 'sales'),
(1170, '13', '2018-05-26 02:05:11', ' Mark John Hay Water System, Inc.\'s orders as Fully Delivered ', 'sales'),
(1171, '10', '2018-05-26 02:05:13', 'Record Partial Delivery ', 'inventory'),
(1172, '13', '2018-05-26 02:05:32', ' Mark John Hay Water System, Inc.\'s orders as Fully Delivered ', 'sales'),
(1173, '13', '2018-05-26 02:06:04', ' Mark Kahuna Beach Resort and Spa\'s orders as Fully Delivered ', 'sales'),
(1174, '13', '2018-05-26 02:06:39', ' Mark  Kintetsu World Express\'s orders as Fully Delivered ', 'sales'),
(1175, '10', '2018-05-26 02:06:50', 'Purchased Order ', 'inventory'),
(1176, '13', '2018-05-26 02:07:03', ' Mark La Parilla\'s orders as Fully Delivered ', 'sales'),
(1177, '4', '2018-05-26 02:07:07', 'Mark John Hay Water System, Inc.\'s orders as Returned ', 'sales'),
(1178, '10', '2018-05-26 02:07:22', 'Record Partial Delivery ', 'inventory'),
(1179, '13', '2018-05-26 02:07:23', ' Mark La Tienda\'s orders as Fully Delivered ', 'sales'),
(1180, '4', '2018-05-26 02:07:31', 'Mark Gerry\'s Grill Treasury\'s orders as Returned ', 'sales'),
(1181, '13', '2018-05-26 02:07:47', ' Mark Le Festin Trading, Inc. (Gourmet)\'s orders as Fully Delivered ', 'sales'),
(1182, '4', '2018-05-26 02:08:00', ' Mark La Parilla\'s orders as Fully Paid ', 'sales'),
(1183, '13', '2018-05-26 02:08:13', ' Mark Lighthouse Marina Resort\'s orders as Fully Delivered ', 'sales'),
(1184, '4', '2018-05-26 02:08:24', ' Mark Grumpy Joe\'s orders as Fully Paid ', 'sales'),
(1185, '13', '2018-05-26 02:08:41', ' Mark Mario\'s Restaurant (Q.C)\'s orders as Fully Delivered ', 'sales'),
(1186, '4', '2018-05-26 02:08:49', ' Mark La Tienda\'s orders as Fully Paid ', 'sales'),
(1187, '10', '2018-05-26 02:08:58', 'Record Partial Payment ', 'inventory'),
(1188, '13', '2018-05-26 02:09:09', ' Mark Mario\'s Restaurant (Q.C)\'s orders as Fully Delivered ', 'sales'),
(1189, '10', '2018-05-26 02:09:26', 'Record Partial Payment ', 'inventory'),
(1190, '4', '2018-05-26 02:10:09', 'Resolved Gerry\'s Grill Treasury from Contracted Client Order ', 'sales'),
(1191, '4', '2018-05-26 02:10:11', 'Resolved Gerry\'s Grill Treasury from Contracted Client Order ', 'sales'),
(1192, '13', '2018-05-26 02:10:13', ' Mark Cafe Caw\'s orders as Fully Paid ', 'sales'),
(1193, '10', '2018-05-26 02:10:18', 'Record Partial Payment ', 'inventory'),
(1194, '13', '2018-05-26 02:10:40', ' Mark ABS CBN\'s orders as Fully Paid ', 'sales'),
(1195, '4', '2018-05-26 02:10:41', ' Mark Lighthouse Marina Resort\'s orders as Fully Paid ', 'sales'),
(1196, '4', '2018-05-26 02:10:51', ' Mark Citrus Restaurant\'s orders as Fully Paid ', 'sales'),
(1197, '13', '2018-05-26 02:11:05', ' Mark ABS CBN\'s orders as Fully Paid ', 'sales'),
(1198, '4', '2018-05-26 02:11:05', ' Mark Gerry\'s Grill Treasury\'s orders as Fully Paid ', 'sales'),
(1199, '4', '2018-05-26 02:11:15', ' Mark Mario\'s Restaurant (Q.C)\'s orders as Fully Paid ', 'sales'),
(1200, '10', '2018-05-26 02:11:55', 'Record Partial Payment ', 'inventory'),
(1201, '10', '2018-05-26 02:12:09', 'Record Partial Payment ', 'inventory'),
(1202, '4', '2018-05-26 02:12:29', ' Mark Colleen Curran\'s orders as Fully Paid ', 'sales'),
(1203, '4', '2018-05-26 02:13:42', ' Mark Le Festin Trading, Inc. (Gourmet)\'s orders as Fully Paid ', 'sales'),
(1204, '4', '2018-05-26 02:14:15', ' Mark John Hay Water System, Inc.\'s orders as Fully Paid ', 'sales'),
(1205, '13', '2018-05-26 02:14:50', 'Returned 10 Guatemala Rainforest  Blend from Walkin Sales ', 'sales'),
(1206, '14', '2018-05-26 02:23:33', 'Activated: \'Bote Central Sticker\'', 'admin'),
(1207, '13', '2018-05-26 02:33:48', 'Added other Purchase Order ', 'sales'),
(1208, '16', '2018-05-26 02:35:08', ' Mark Prof. Valentino Macanes\'s orders as Fully Delivered ', 'sales'),
(1209, '16', '2018-05-26 02:35:32', ' Mark She Diner\'s orders as Fully Delivered ', 'sales'),
(1210, '16', '2018-05-26 02:35:59', ' Mark ABS CBN\'s orders as Fully Delivered ', 'sales'),
(1211, '2', '2018-05-26 02:36:09', 'Added other Purchase Order ', 'sales'),
(1212, '11', '2018-05-26 02:36:12', 'Added Purchase Order for Wack Wack ', 'sales'),
(1213, '16', '2018-05-26 02:36:31', ' Mark Bioessence\'s orders as Fully Delivered ', 'sales'),
(1214, '11', '2018-05-26 02:36:42', 'Added Purchase Order for She Diner ', 'sales'),
(1215, '16', '2018-05-26 02:36:48', ' Mark ABS CBN\'s orders as Fully Delivered ', 'sales'),
(1216, '11', '2018-05-26 02:36:52', 'Added Purchase Order for Prof. Valentino Macanes ', 'sales'),
(1217, '11', '2018-05-26 02:37:04', 'Added Purchase Order for Mr. Hapi Bakery & Mami House ', 'sales'),
(1218, '11', '2018-05-26 02:37:15', 'Added Purchase Order for Mario\'s Restaurant (Q.C) ', 'sales'),
(1219, '16', '2018-05-26 02:37:22', ' Mark Bioessence\'s orders as Fully Delivered ', 'sales'),
(1220, '11', '2018-05-26 02:37:25', 'Added Purchase Order for Mario\'s Restaurant (Baguio) ', 'sales'),
(1221, '11', '2018-05-26 02:37:33', 'Added Purchase Order for Lighthouse Marina Resort ', 'sales'),
(1222, '11', '2018-05-26 02:37:40', 'Added Purchase Order for Lemon & Olives ', 'sales'),
(1223, '16', '2018-05-26 02:37:50', ' Mark Bloomfield Hotel (Patch Cafe)\'s orders as Fully Delivered ', 'sales'),
(1224, '11', '2018-05-26 02:37:52', 'Added Purchase Order for Le Festin Trading, Inc. (Gourmet) ', 'sales'),
(1225, '11', '2018-05-26 02:38:04', 'Added Purchase Order for Le Chef Southwoods ', 'sales'),
(1226, '16', '2018-05-26 02:38:06', ' Mark Cafe Caw\'s orders as Fully Delivered ', 'sales'),
(1227, '11', '2018-05-26 02:38:11', 'Added Purchase Order for Le Chef Manor ', 'sales'),
(1228, '11', '2018-05-26 02:38:18', 'Added Purchase Order for Le Chef Golf ', 'sales'),
(1229, '2', '2018-05-26 02:38:18', 'Added other Purchase Order ', 'sales'),
(1230, '11', '2018-05-26 02:38:25', 'Added Purchase Order for Le Chef -Paranaque ', 'sales'),
(1231, '11', '2018-05-26 02:38:31', 'Added Purchase Order for La Tienda ', 'sales'),
(1232, '16', '2018-05-26 02:38:38', ' Mark Cafe de Manor\'s orders as Fully Delivered ', 'sales'),
(1233, '11', '2018-05-26 02:38:39', 'Added Purchase Order for La Parilla ', 'sales'),
(1234, '2', '2018-05-26 02:38:40', 'Added other Purchase Order ', 'sales'),
(1235, '11', '2018-05-26 02:38:51', 'Added Purchase Order for La Casa Blanca ', 'sales'),
(1236, '16', '2018-05-26 02:39:41', ' Mark Citrus Restaurant\'s orders as Fully Delivered ', 'sales'),
(1237, '16', '2018-05-26 02:40:39', ' Mark Camp John Hay Golf Club\'s orders as Fully Delivered ', 'sales'),
(1238, '2', '2018-05-26 02:41:14', ' Mark Eurotel Baguio\'s orders as Fully Paid ', 'sales'),
(1239, '16', '2018-05-26 02:41:17', ' Mark Colleen Curran\'s orders as Fully Delivered ', 'sales'),
(1240, '11', '2018-05-26 02:41:34', ' Mark Edwin Hui\'s orders as Fully Delivered ', 'sales'),
(1241, '16', '2018-05-26 02:41:40', ' Mark Edwin Hui\'s orders as Fully Delivered ', 'sales'),
(1242, '2', '2018-05-26 02:41:42', ' Mark GMA\'s orders as Fully Paid ', 'sales'),
(1243, '2', '2018-05-26 02:41:58', ' Mark John Hay Water System, Inc.\'s orders as Fully Paid ', 'sales'),
(1244, '16', '2018-05-26 02:42:10', ' Mark Escala\'s orders as Fully Delivered ', 'sales'),
(1245, '2', '2018-05-26 02:42:13', ' Mark Kahuna Beach Resort and Spa\'s orders as Fully Paid ', 'sales'),
(1246, '2', '2018-05-26 02:42:44', ' Mark  Kintetsu World Express\'s orders as Partially Paid ', 'sales'),
(1247, '16', '2018-05-26 02:42:46', ' Mark Le Chef Southwoods\'s orders as Fully Delivered ', 'sales'),
(1248, '2', '2018-05-26 02:43:01', ' Mark Mario\'s Restaurant (Q.C)\'s orders as Fully Paid ', 'sales'),
(1249, '2', '2018-05-26 02:43:12', ' Mark Bioessence\'s orders as Fully Paid ', 'sales'),
(1250, '2', '2018-05-26 02:43:54', ' Mark She Diner\'s orders as Partially Paid ', 'sales'),
(1251, '16', '2018-05-26 02:44:02', 'Mark Eurotel Baguio\'s orders as Returned ', 'sales'),
(1252, '2', '2018-05-26 02:44:10', ' Mark Prof. Valentino Macanes\'s orders as Fully Paid ', 'sales'),
(1253, '16', '2018-05-26 02:44:27', 'Mark Cafe Caw\'s orders as Returned ', 'sales'),
(1254, '2', '2018-05-26 02:44:36', ' Mark She Diner\'s orders as Partially Paid ', 'sales'),
(1255, '16', '2018-05-26 02:44:50', 'Mark ABS CBN\'s orders as Returned ', 'sales'),
(1256, '2', '2018-05-26 02:44:56', ' Mark ABS CBN\'s orders as Fully Paid ', 'sales'),
(1257, '16', '2018-05-26 02:45:08', 'Mark ABS CBN\'s orders as Returned ', 'sales'),
(1258, '2', '2018-05-26 02:45:47', ' Mark ABS CBN\'s orders as Fully Paid ', 'sales'),
(1259, '11', '2018-05-26 02:45:47', ' Mark Camp John Hay Golf Club\'s orders as Partially Delivered ', 'sales'),
(1260, '16', '2018-05-26 02:45:53', 'Added Purchase Order for ATACOGMAC ', 'sales'),
(1261, '2', '2018-05-26 02:46:03', ' Mark Bioessence\'s orders as Fully Paid ', 'sales'),
(1262, '11', '2018-05-26 02:46:22', ' Mark Lighthouse Marina Resort\'s orders as Partially Delivered ', 'sales'),
(1263, '2', '2018-05-26 02:46:26', ' Mark  Kintetsu World Express\'s orders as Partially Paid ', 'sales'),
(1264, '11', '2018-05-26 02:46:55', ' Mark Mario\'s Restaurant (Q.C)\'s orders as Fully Delivered ', 'sales'),
(1265, '2', '2018-05-26 02:46:56', ' Mark Bloomfield Hotel (Patch Cafe)\'s orders as Fully Paid ', 'sales'),
(1266, '16', '2018-05-26 02:47:01', 'Returned 2 Guatemala Rainforest  Blend from Walkin Sales ', 'sales'),
(1267, '11', '2018-05-26 02:47:27', ' Mark Prof. Valentino Macanes\'s orders as Fully Delivered ', 'sales'),
(1268, '2', '2018-05-26 02:47:41', ' Mark Cafe Caw\'s orders as Partially Paid ', 'sales'),
(1269, '2', '2018-05-26 02:47:54', ' Mark Cafe Caw\'s orders as Partially Paid ', 'sales'),
(1270, '11', '2018-05-26 02:48:24', ' Mark She Diner\'s orders as Fully Delivered ', 'sales'),
(1271, '11', '2018-05-26 02:48:59', ' Mark Wack Wack\'s orders as Partially Delivered ', 'sales'),
(1272, '2', '2018-05-26 02:49:11', ' Mark Cafe de Manor\'s orders as Fully Paid ', 'sales'),
(1273, '11', '2018-05-26 02:49:33', ' Mark Camp John Hay Golf Club\'s orders as Partially Delivered ', 'sales'),
(1274, '11', '2018-05-26 02:49:59', ' Mark Wack Wack\'s orders as Partially Delivered ', 'sales'),
(1275, '16', '2018-05-26 02:50:00', 'Resolved John Hay Water System, Inc. from Contracted Client Order ', 'sales'),
(1276, '2', '2018-05-26 02:50:16', ' Mark Camp John Hay Golf Club\'s orders as Fully Paid ', 'sales'),
(1277, '2', '2018-05-26 02:50:34', ' Mark Citrus Restaurant\'s orders as Fully Paid ', 'sales'),
(1278, '2', '2018-05-26 02:50:49', ' Mark Colleen Curran\'s orders as Fully Paid ', 'sales'),
(1279, '16', '2018-05-26 02:50:52', 'Returned 1 Grato Machine Double Cup Espresso from Walkin Sales ', 'sales'),
(1280, '2', '2018-05-26 02:51:05', ' Mark Edwin Hui\'s orders as Fully Paid ', 'sales'),
(1281, '16', '2018-05-26 02:51:08', 'Returned 3 Lirika Machine Single Cup Espresso from Walkin Sales ', 'sales'),
(1282, '11', '2018-05-26 02:51:11', ' Mark She Diner\'s orders as Partially Delivered ', 'sales'),
(1283, '16', '2018-05-26 02:51:26', 'Resolved Bread House\'s Lirika machine Single Cup Espresso ', 'sales'),
(1284, '16', '2018-05-26 02:51:44', 'Resolved Camp John Hay Golf Club\'s Lirika machine Single Cup Espresso ', 'sales'),
(1285, '2', '2018-05-26 02:51:47', ' Mark Edwin Hui\'s orders as Fully Paid ', 'sales'),
(1286, '2', '2018-05-26 02:52:18', ' Mark Escala\'s orders as Fully Paid ', 'sales'),
(1287, '6', '2018-05-26 02:52:30', 'Deactivated: User ,Admin ', 'admin'),
(1288, '2', '2018-05-26 02:52:47', ' Mark Camp John Hay Golf Club\'s orders as Fully Paid ', 'sales'),
(1289, '16', '2018-05-26 02:52:48', 'Resolved Blackwoods\'s Tempo machine Double Cup Espresso ', 'sales'),
(1290, '11', '2018-05-26 02:52:52', ' Mark She Diner\'s orders as Partially Delivered ', 'sales'),
(1291, '2', '2018-05-26 02:53:13', ' Mark Camp John Hay Golf Club\'s orders as Fully Paid ', 'sales'),
(1292, '2', '2018-05-26 02:53:38', ' Mark She Diner\'s orders as Fully Paid ', 'sales'),
(1293, '2', '2018-05-26 02:54:02', ' Mark She Diner\'s orders as Fully Paid ', 'sales'),
(1294, '2', '2018-05-26 02:55:05', ' Mark Le Chef Southwoods\'s orders as Partially Paid ', 'sales'),
(1295, '2', '2018-05-26 02:55:22', ' Mark Le Chef Southwoods\'s orders as Partially Paid ', 'sales'),
(1296, '2', '2018-05-26 02:55:44', ' Mark Wack Wack\'s orders as Fully Paid ', 'sales'),
(1297, '10', '2018-05-26 02:55:50', 'Purchased Order ', 'inventory'),
(1298, '2', '2018-05-26 02:56:13', ' Mark Wack Wack\'s orders as Fully Paid ', 'sales'),
(1299, '2', '2018-05-26 02:56:30', ' Mark She Diner\'s orders as Fully Paid ', 'sales'),
(1300, '10', '2018-05-26 02:56:47', 'Purchased Order ', 'inventory'),
(1301, '2', '2018-05-26 02:57:12', ' Mark Prof. Valentino Macanes\'s orders as Fully Paid ', 'sales'),
(1302, '2', '2018-05-26 02:57:22', ' Mark Mario\'s Restaurant (Q.C)\'s orders as Fully Paid ', 'sales'),
(1303, '2', '2018-05-26 02:57:32', ' Mark Lighthouse Marina Resort\'s orders as Fully Paid ', 'sales'),
(1304, '10', '2018-05-26 02:57:48', 'Purchased Order ', 'inventory'),
(1305, '10', '2018-05-26 02:58:46', 'Record Partial Delivery ', 'inventory'),
(1306, '10', '2018-05-26 02:58:46', 'Record Partial Delivery ', 'inventory'),
(1307, '10', '2018-05-26 03:00:10', 'Record Partial Delivery ', 'inventory'),
(1308, '10', '2018-05-26 03:00:37', 'Record Partial Delivery ', 'inventory'),
(1309, '10', '2018-05-26 03:01:24', 'Record Partial Delivery ', 'inventory'),
(1310, '10', '2018-05-26 03:01:50', 'Record Partial Delivery ', 'inventory'),
(1311, '10', '2018-05-26 03:03:37', 'Purchased Order ', 'inventory'),
(1312, '10', '2018-05-26 03:04:23', 'Purchased Order ', 'inventory'),
(1313, '11', '2018-05-26 03:04:36', ' Mark Le Festin Trading, Inc. (Gourmet)\'s orders as Fully Delivered ', 'sales'),
(1314, '16', '2018-05-26 03:04:40', 'Returned 1 Guatemala Rainforest  Blend from Walkin Sales ', 'sales'),
(1315, '11', '2018-05-26 03:05:03', ' Mark Le Chef -Paranaque\'s orders as Fully Delivered ', 'sales'),
(1316, '10', '2018-05-26 03:05:04', 'Purchased Order ', 'inventory'),
(1317, '16', '2018-05-26 03:05:35', 'Resolved Guatemala Rainforest  Blend of Walkin Client Order ', 'sales'),
(1318, '11', '2018-05-26 03:05:39', ' Mark Prof. Valentino Macanes\'s orders as Partially Delivered ', 'sales'),
(1319, '10', '2018-05-26 03:05:54', 'Record Partial Delivery ', 'inventory'),
(1320, '10', '2018-05-26 03:06:24', 'Record Partial Delivery ', 'inventory'),
(1321, '11', '2018-05-26 03:06:32', ' Mark Citrus Restaurant\'s orders as Fully Delivered ', 'sales'),
(1322, '10', '2018-05-26 03:06:48', 'Record Partial Delivery ', 'inventory'),
(1323, '11', '2018-05-26 03:07:13', ' Mark Le Chef Golf\'s orders as Fully Delivered ', 'sales'),
(1324, '10', '2018-05-26 03:07:41', 'Purchased Order ', 'inventory'),
(1325, '11', '2018-05-26 03:07:58', ' Mark Le Festin Trading, Inc. (Gourmet)\'s orders as Fully Delivered ', 'sales'),
(1326, '11', '2018-05-26 03:08:37', ' Mark Prof. Valentino Macanes\'s orders as Partially Delivered ', 'sales'),
(1327, '10', '2018-05-26 03:08:41', 'Purchased Order ', 'inventory'),
(1328, '10', '2018-05-26 03:09:04', 'Record Partial Delivery ', 'inventory'),
(1329, '10', '2018-05-26 03:09:33', 'Record Partial Delivery ', 'inventory'),
(1330, '2', '2018-05-26 03:09:38', ' Mark Citrus Restaurant\'s orders as Fully Paid ', 'sales'),
(1331, '2', '2018-05-26 03:09:51', ' Mark Le Chef -Paranaque\'s orders as Fully Paid ', 'sales'),
(1332, '11', '2018-05-26 03:09:52', ' Mark Lighthouse Marina Resort\'s orders as Fully Delivered ', 'sales'),
(1333, '10', '2018-05-26 03:10:18', 'Purchased Order ', 'inventory'),
(1334, '2', '2018-05-26 03:10:26', ' Mark Prof. Valentino Macanes\'s orders as Partially Paid ', 'sales'),
(1335, '11', '2018-05-26 03:10:37', ' Mark Mario\'s Restaurant (Baguio)\'s orders as Fully Delivered ', 'sales'),
(1336, '2', '2018-05-26 03:10:39', ' Mark Prof. Valentino Macanes\'s orders as Partially Paid ', 'sales'),
(1337, '11', '2018-05-26 03:10:59', ' Mark Mr. Hapi Bakery & Mami House\'s orders as Fully Delivered ', 'sales'),
(1338, '2', '2018-05-26 03:11:00', ' Mark Prof. Valentino Macanes\'s orders as Fully Paid ', 'sales'),
(1339, '10', '2018-05-26 03:11:20', 'Purchased Order ', 'inventory'),
(1340, '2', '2018-05-26 03:11:41', ' Mark Lighthouse Marina Resort\'s orders as Fully Paid ', 'sales'),
(1341, '10', '2018-05-26 03:11:42', 'Record Partial Delivery ', 'inventory'),
(1342, '2', '2018-05-26 03:12:10', ' Mark Le Festin Trading, Inc. (Gourmet)\'s orders as Fully Paid ', 'sales'),
(1343, '10', '2018-05-26 03:12:14', 'Record Partial Delivery ', 'inventory'),
(1344, '2', '2018-05-26 03:12:23', ' Mark Le Chef Golf\'s orders as Fully Paid ', 'sales'),
(1345, '2', '2018-05-26 03:12:37', ' Mark Mr. Hapi Bakery & Mami House\'s orders as Fully Paid ', 'sales'),
(1346, '10', '2018-05-26 03:12:52', 'Record Partial Payment ', 'inventory'),
(1347, '10', '2018-05-26 03:13:08', 'Record Partial Payment ', 'inventory'),
(1348, '2', '2018-05-26 03:13:10', ' Mark Mario\'s Restaurant (Baguio)\'s orders as Fully Paid ', 'sales'),
(1349, '10', '2018-05-26 03:13:23', 'Record Partial Payment ', 'inventory'),
(1350, '2', '2018-05-26 03:13:27', ' Mark Le Festin Trading, Inc. (Gourmet)\'s orders as Fully Paid ', 'sales'),
(1351, '10', '2018-05-26 03:13:38', 'Record Partial Payment ', 'inventory'),
(1352, '10', '2018-05-26 03:13:55', 'Record Partial Payment ', 'inventory'),
(1353, '10', '2018-05-26 03:14:27', 'Record Partial Payment ', 'inventory'),
(1354, '10', '2018-05-26 03:14:52', 'Record Partial Payment ', 'inventory'),
(1355, '10', '2018-05-26 03:15:25', 'Record Partial Payment ', 'inventory'),
(1356, '10', '2018-05-26 03:16:10', 'Record Partial Payment ', 'inventory'),
(1357, '16', '2018-05-26 03:16:25', 'Returned 1 Guatemala Rainforest  Blend from Walkin Sales ', 'sales'),
(1358, '10', '2018-05-26 03:16:34', 'Record Partial Payment ', 'inventory'),
(1359, '14', '2018-05-26 03:16:34', ' Mark Lighthouse Marina Resort\'s orders as Partially Delivered ', 'sales'),
(1360, '10', '2018-05-26 03:16:51', 'Record Partial Payment ', 'inventory'),
(1361, '16', '2018-05-26 03:16:59', 'Resolved ABS CBN from Contracted Client Order ', 'sales'),
(1362, '14', '2018-05-26 03:16:59', ' Mark La Tienda\'s orders as Fully Delivered ', 'sales'),
(1363, '10', '2018-05-26 03:17:08', 'Record Partial Payment ', 'inventory'),
(1364, '10', '2018-05-26 03:17:26', 'Record Partial Payment ', 'inventory'),
(1365, '14', '2018-05-26 03:17:28', ' Mark La Parilla\'s orders as Partially Delivered ', 'sales'),
(1366, '10', '2018-05-26 03:17:46', 'Record Partial Payment ', 'inventory'),
(1367, '14', '2018-05-26 03:18:01', ' Mark Le Chef Golf\'s orders as Fully Delivered ', 'sales'),
(1368, '10', '2018-05-26 03:18:07', 'Record Partial Payment ', 'inventory'),
(1369, '10', '2018-05-26 03:18:31', 'Record Partial Payment ', 'inventory'),
(1370, '2', '2018-05-26 03:18:34', ' Mark La Tienda\'s orders as Fully Delivered ', 'sales'),
(1371, '14', '2018-05-26 03:18:37', ' Mark Lemon & Olives\'s orders as Fully Delivered ', 'sales'),
(1372, '2', '2018-05-26 03:19:18', ' Mark Lighthouse Marina Resort\'s orders as Partially Paid ', 'sales'),
(1373, '2', '2018-05-26 03:19:32', ' Mark Lighthouse Marina Resort\'s orders as Partially Paid ', 'sales'),
(1374, '10', '2018-05-26 03:19:45', 'Purchased Order ', 'inventory'),
(1375, '2', '2018-05-26 03:19:59', 'Mark Lemon & Olives\'s orders as Returned ', 'sales'),
(1376, '2', '2018-05-26 03:20:48', 'Resolved Lemon & Olives from Contracted Client Order ', 'sales'),
(1377, '10', '2018-05-26 03:22:11', 'Purchased Order ', 'inventory'),
(1378, '10', '2018-05-26 03:22:42', 'Record Partial Delivery ', 'inventory'),
(1379, '2', '2018-05-26 03:22:47', ' Mark Lemon & Olives\'s orders as Fully Paid ', 'sales'),
(1380, '10', '2018-05-26 03:23:08', 'Record Partial Delivery ', 'inventory'),
(1381, '16', '2018-05-26 03:23:28', 'Resolved Guatemala Rainforest  Blend of Walkin Client Order ', 'sales'),
(1382, '16', '2018-05-26 03:24:18', 'Returned 2 Guatemala Rainforest  Blend from Walkin Sales ', 'sales'),
(1383, '16', '2018-05-26 03:24:48', 'Resolved Guatemala Rainforest  Blend of Walkin Client Order ', 'sales'),
(1384, '16', '2018-05-26 03:36:06', 'Returned 2 Fiesta Blend from Walkin Sales ', 'sales'),
(1385, '16', '2018-05-26 03:37:39', 'Resolved Guatemala Rainforest  Blend of Walkin Client Order ', 'sales'),
(1386, '16', '2018-05-26 03:46:13', 'Returned 4 Lirika Machine Single Cup Espresso from Walkin Sales ', 'sales'),
(1387, '16', '2018-05-26 03:46:43', 'Resolved Bread House\'s Tempo machine Double Cup Espresso ', 'sales'),
(1388, '16', '2018-05-26 03:55:59', 'Added other Purchase Order ', 'sales'),
(1389, '16', '2018-05-26 04:00:31', 'Added other Purchase Order ', 'sales'),
(1390, '13', '2018-05-26 05:32:26', ' Mark Le Chef Golf\'s orders as Partially Paid ', 'sales'),
(1391, '13', '2018-05-26 05:33:36', ' Mark Le Chef Golf\'s orders as Partially Paid ', 'sales'),
(1392, '13', '2018-05-26 05:43:42', ' Mark La Parilla\'s orders as Fully Paid ', 'sales'),
(1393, '13', '2018-05-26 05:44:17', ' Mark La Tienda\'s orders as Partially Paid ', 'sales'),
(1394, '13', '2018-05-26 05:44:51', ' Mark La Tienda\'s orders as Partially Paid ', 'sales'),
(1395, '13', '2018-05-26 05:45:12', ' Mark La Tienda\'s orders as Partially Paid ', 'sales'),
(1396, '13', '2018-05-26 05:45:43', ' Mark La Tienda\'s orders as Fully Paid ', 'sales'),
(1397, '13', '2018-05-26 05:47:10', ' Mark Le Chef Southwoods\'s orders as Partially Delivered ', 'sales'),
(1398, '13', '2018-05-26 05:48:21', ' Mark Le Chef Southwoods\'s orders as Partially Delivered ', 'sales'),
(1399, '13', '2018-05-26 05:49:29', ' Mark Le Chef Southwoods\'s orders as Partially Delivered ', 'sales'),
(1400, '13', '2018-05-26 05:52:01', 'Resolved Baguio Country Club\'s Bravilor machine Double Cup Espresso ', 'sales');

-- --------------------------------------------------------

--
-- Table structure for table `category`
--

DROP TABLE IF EXISTS `category`;
CREATE TABLE IF NOT EXISTS `category` (
  `categoryId` int(11) NOT NULL AUTO_INCREMENT,
  `category` varchar(45) NOT NULL,
  `activation` int(11) DEFAULT '1',
  PRIMARY KEY (`categoryId`)
) ENGINE=InnoDB DEFAULT CHARSET=latin1;

-- --------------------------------------------------------

--
-- Table structure for table `client_coffreturn`
--

DROP TABLE IF EXISTS `client_coffreturn`;
CREATE TABLE IF NOT EXISTS `client_coffreturn` (
  `client_coffReturnID` int(11) NOT NULL AUTO_INCREMENT,
  `client_dr` varchar(20) NOT NULL,
  `client_deliveryID` int(11) NOT NULL,
  `coff_returnDate` date NOT NULL,
  `coff_returnQty` int(11) NOT NULL,
  `coff_remarks` varchar(50) NOT NULL,
  `coff_returnAction` varchar(50) NOT NULL,
  `coff_resolveDate` date DEFAULT NULL,
  `resolved` enum('Yes','No') NOT NULL DEFAULT 'No',
  `inv_stat` varchar(45) NOT NULL DEFAULT '0',
  `pckng_stat` varchar(45) NOT NULL DEFAULT '0',
  `stckr_stat` varchar(45) NOT NULL DEFAULT '0',
  `walkinPo_id` varchar(45) NOT NULL,
  PRIMARY KEY (`client_coffReturnID`)
) ENGINE=InnoDB AUTO_INCREMENT=26 DEFAULT CHARSET=latin1;

--
-- Dumping data for table `client_coffreturn`
--

INSERT INTO `client_coffreturn` (`client_coffReturnID`, `client_dr`, `client_deliveryID`, `coff_returnDate`, `coff_returnQty`, `coff_remarks`, `coff_returnAction`, `coff_resolveDate`, `resolved`, `inv_stat`, `pckng_stat`, `stckr_stat`, `walkinPo_id`) VALUES
(1, '', 10, '2018-05-24', 1, 'Wrong Blend', 'repacked', NULL, 'Yes', '0', '0', '0', ''),
(2, '', 9, '2018-05-24', 1, 'Damaged', '', NULL, 'No', '0', '0', '0', ''),
(4, '', 12, '2018-05-24', 0, 'Wrong Packaging', 'returned product has been resolved', '2018-05-26', 'Yes', '0', '0', '0', ''),
(6, '', 6, '2018-05-25', 0, 'wrong blend', 'repacked', '2018-05-26', 'Yes', '0', '0', '0', ''),
(7, '', 21, '2018-05-25', 3, 'Spoiled', 'Replace', NULL, 'Yes', '0', '0', '0', ''),
(8, 'dr256', 1, '2018-05-25', 0, 'spoiled', 'redelivered', '2018-05-25', 'Yes', '0', '0', '0', ''),
(9, 'dr951', 3, '2018-05-25', 50, 'damaged', '', NULL, 'No', '0', '0', '0', ''),
(10, '', 13, '2018-05-25', 1, 'not roasted', 'repacked', NULL, 'Yes', '0', '0', '0', ''),
(11, 'dr852', 2, '2018-05-25', 100, 'Spoiled', '', NULL, 'No', '0', '0', '0', ''),
(13, 'DR534', 16, '2018-05-26', 0, 'Wrong Blend', 'redelivered', '2018-05-26', 'Yes', '0', '0', '0', ''),
(14, 'DR491', 12, '2018-05-26', 0, 'Wrong Order', 'returned product has been resolved', '2018-05-26', 'Yes', '0', '0', '0', ''),
(15, '', 0, '2018-05-26', 10, 'wrong blend', 'repacked', NULL, 'Yes', '0', '0', '0', '19'),
(16, 'DR831', 11, '2018-05-26', 300, 'damaged', '', NULL, 'No', '0', '0', '0', ''),
(17, 'dr646', 7, '2018-05-26', 50, 'wrong packaging', '', NULL, 'No', '0', '0', '0', ''),
(18, 'dr787', 6, '2018-05-26', 0, 'wrong blend', 'repacked', '2018-05-26', 'Yes', '0', '0', '0', ''),
(19, 'dr931', 5, '2018-05-26', 100, 'incorrect delivery', '', NULL, 'No', '0', '0', '0', ''),
(21, '', 0, '2018-05-26', 1, 'Damaged', '', NULL, 'No', '0', '0', '0', '3'),
(22, '', 0, '2018-05-26', 1, 'incorrect packaging', 'repacked', NULL, 'Yes', '0', '0', '0', '6'),
(23, 'DR775', 66, '2018-05-26', 0, 'Wrong Blend', 'Checked and Delivered the Right Blend', '2018-05-26', 'Yes', '0', '0', '0', ''),
(24, '', 0, '2018-05-26', 2, 'incorrect blend', 'roasted again', NULL, 'Yes', '0', '0', '0', '4'),
(25, '', 0, '2018-05-26', 2, 'wrong packaging', '', NULL, 'No', '0', '0', '0', '1');

-- --------------------------------------------------------

--
-- Table structure for table `client_delivery`
--

DROP TABLE IF EXISTS `client_delivery`;
CREATE TABLE IF NOT EXISTS `client_delivery` (
  `client_deliveryID` int(11) NOT NULL AUTO_INCREMENT,
  `client_dr` varchar(20) NOT NULL,
  `contractPO_id` int(11) NOT NULL,
  `client_invoice` varchar(50) NOT NULL,
  `client_deliverDate` date NOT NULL,
  `client_balance` int(11) NOT NULL,
  `client_receive` varchar(50) NOT NULL,
  `deliver_quantity` int(11) NOT NULL,
  `client_id` int(11) NOT NULL,
  `amount_paid` int(11) NOT NULL DEFAULT '0',
  `payment_remarks` varchar(25) NOT NULL DEFAULT 'unpaid',
  `return` varchar(10) NOT NULL DEFAULT 'Received',
  PRIMARY KEY (`client_deliveryID`)
) ENGINE=InnoDB AUTO_INCREMENT=70 DEFAULT CHARSET=latin1;

--
-- Dumping data for table `client_delivery`
--

INSERT INTO `client_delivery` (`client_deliveryID`, `client_dr`, `contractPO_id`, `client_invoice`, `client_deliverDate`, `client_balance`, `client_receive`, `deliver_quantity`, `client_id`, `amount_paid`, `payment_remarks`, `return`) VALUES
(1, 'dr256', 2, 'si256', '2018-05-25', 80000, 'Anne Sanguir', 250, 2, 80000, 'paid', 'Received'),
(2, 'dr852', 6, 'si852', '2018-05-25', 56000, 'Jemma Alvarez', 200, 9, 56000, 'paid', 'Returned'),
(3, 'dr951', 5, 'si951', '2018-05-25', 75000, 'Sonia Cruz', 250, 33, 75000, 'paid', 'Returned'),
(4, 'DR622', 11, 'SI523', '2018-05-25', 87000, 'Shane Lo', 300, 6, 87000, 'paid', 'Received'),
(5, 'dr931', 7, 'si931', '2018-05-25', 29000, 'Alexandro Benitez', 100, 22, 29000, 'paid', 'Returned'),
(6, 'dr787', 7, 'si787', '2018-05-25', 58000, 'Johnny Bustamante', 200, 22, 58000, 'paid', 'Received'),
(7, 'dr646', 6, 'si646', '2018-05-25', 14000, 'Robert Balisi', 50, 9, 14000, 'paid', 'Returned'),
(8, 'DR858', 12, 'SI858', '2018-05-25', 75000, 'Julio Dantes', 250, 10, 75000, 'paid', 'Received'),
(9, 'DR914', 13, 'SI914', '2018-05-25', 46500, 'Shane Lo', 150, 18, 46500, 'paid', 'Received'),
(10, 'DR724', 13, 'SI724', '2018-05-25', 31000, 'Faye Gabriel', 100, 18, 31000, 'paid', 'Received'),
(11, 'DR831', 16, 'SI831', '2018-05-26', 90000, 'Jimanji Salik', 300, 1, 90000, 'paid', 'Returned'),
(12, 'DR491', 17, 'SI491', '2018-05-26', 114000, 'Sonny Garcia', 300, 47, 114000, 'paid', 'Received'),
(13, 'DR976', 18, 'SI976', '2018-05-26', 72000, 'Rene Velasco', 300, 38, 72000, 'paid', 'Received'),
(14, 'DR576', 19, 'SI576', '2018-05-26', 75000, 'Hanna Lucas', 300, 39, 75000, 'paid', 'Received'),
(15, 'DR945', 20, 'SI945', '2018-05-26', 102500, 'Jared Domingo', 250, 11, 102500, 'paid', 'Received'),
(16, 'DR534', 21, 'SI534', '2018-05-26', 102500, 'Lina Cortez', 250, 11, 102500, 'paid', 'Received'),
(17, 'DR732', 22, 'SI732', '2018-05-26', 114000, 'Randolf Singga', 300, 12, 114000, 'paid', 'Received'),
(18, 'DR587', 23, 'SI587', '2018-05-26', 70000, 'Kali Dulah', 250, 13, 70000, 'paid', 'Received'),
(19, 'DR977', 24, 'SI977', '2018-05-26', 96000, 'Larry Delta', 300, 15, 96000, 'paid', 'Received'),
(20, 'DR855', 25, 'SI855', '2018-05-26', 63000, 'Danila Domondon', 300, 16, 63000, 'paid', 'Received'),
(21, 'DR801', 26, 'SI801', '2018-05-26', 96000, 'Douglas Arturo', 300, 27, 96000, 'paid', 'Received'),
(22, 'DR986', 27, 'SI986', '2018-05-26', 84000, 'George Tagudar', 300, 29, 84000, 'paid', 'Received'),
(23, 'DR500', 28, 'SI500', '2018-05-26', 75000, 'Julius Dulatre', 300, 32, 75000, 'paid', 'Received'),
(24, 'DR556', 29, 'SI556', '2018-05-26', 75000, 'Danilo Sanguir', 300, 32, 75000, 'paid', 'Received'),
(25, 'DR571', 30, 'SI571', '2018-05-26', 87500, 'Justin Alcantara', 250, 36, 87500, 'paid', 'Received'),
(26, 'DR821', 31, 'SI821', '2018-05-26', 80000, 'Darwin Koron', 250, 37, 80000, 'paid', 'Received'),
(27, 'DR870', 32, 'SI870', '2018-05-26', 87000, 'Dean Kalak', 300, 22, 87000, 'paid', 'Received'),
(28, 'DR636', 33, 'SI636', '2018-05-26', 122500, 'Lorna Saculles', 350, 45, 122500, 'paid', 'Received'),
(29, 'DR955', 34, 'SI955', '2018-05-26', 87000, 'Jacob Binala', 300, 22, 87000, 'paid', 'Received'),
(30, 'DR603', 35, 'SI603', '2018-05-26', 122500, 'Dante Adren', 350, 45, 122500, 'paid', 'Received'),
(31, 'DR599', 36, 'SI599', '2018-05-26', 80000, 'Zeus Cerezo', 250, 2, 80000, 'paid', 'Received'),
(32, 'DR522', 37, 'SI522', '2018-05-26', 70000, 'Shane Angeles', 250, 9, 70000, 'paid', 'Received'),
(33, 'DR622', 38, 'SI622', '2018-05-26', 50000, 'Leni Fajardo', 200, 40, 50000, 'paid', 'Received'),
(34, 'DR632', 40, 'SI632', '2018-05-26', 75000, 'Helix Jordan', 250, 10, 75000, 'paid', 'Received'),
(35, 'DR522', 39, 'SI522', '2018-05-26', 87000, 'Keli Tuazon', 300, 6, 87000, 'paid', 'Received'),
(36, 'DR645', 41, 'SI645', '2018-05-26', 77500, 'Jonathan Corneja', 250, 18, 77500, 'paid', 'Received'),
(37, 'DR520', 42, 'SI520', '2018-05-26', 80000, 'Keiffer Craig', 250, 30, 80000, 'paid', 'Received'),
(38, 'DR845', 42, 'SI845', '2018-05-26', 80000, 'Dawn Lustre', 250, 30, 80000, 'paid', 'Received'),
(39, 'DR492', 43, 'SI492', '2018-05-26', 75000, 'Xander Collantes', 250, 33, 75000, 'paid', 'Received'),
(40, 'DR560', 56, 'SI560', '2018-05-26', 70000, 'Quen Talis', 250, 21, 70000, 'paid', 'Received'),
(41, 'DR890', 48, 'DR890', '2018-05-26', 72500, 'Frances Payumo', 250, 6, 72500, 'paid', 'Received'),
(42, 'DR800', 63, 'SI800', '2018-05-26', 56000, 'Jackie ', 200, 29, 56000, 'paid', 'Received'),
(43, 'DR108', 61, 'SI109', '2018-05-26', 62500, 'Alexandra', 250, 32, 62500, 'paid', 'Received'),
(44, 'DR208', 59, 'SI208', '2018-05-26', 70000, 'Jackie Lou', 200, 36, 70000, 'paid', 'Received'),
(45, 'dr308', 58, 'si308', '2018-05-26', 96000, 'Jess Martin', 300, 37, 96000, 'paid', 'Received'),
(46, 'd408', 57, 'si408', '2018-05-26', 37500, 'Justine Cuadra', 150, 41, 37500, 'paid', 'Received'),
(47, 'dr507', 48, 'si507', '2018-05-26', 14500, 'Kim Ballatong', 50, 6, 14500, 'paid', 'Received'),
(48, 'dr805', 57, 'si805', '2018-05-26', 12500, 'Lyca Kris', 50, 41, 12500, 'paid', 'Received'),
(49, 'dr905', 51, 'si905', '2018-05-26', 57600, 'Mariza Anoma', 180, 37, 57600, 'paid', 'Received'),
(50, 'DR012', 51, 'S012', '2018-05-26', 22400, 'Kristy Reyes', 70, 37, 22400, 'paid', 'Received'),
(51, 'DR208', 65, 'SI208', '2018-05-26', 64000, 'Mario Bex', 200, 27, 64000, 'paid', 'Received'),
(52, 'DR305', 50, 'SI305', '2018-05-26', 126000, 'France Ceda', 300, 23, 126000, 'paid', 'Received'),
(53, 'DR405', 52, 'SI405', '2018-05-26', 70000, 'Ling Ramos', 200, 36, 70000, 'paid', 'Received'),
(54, 'DR508', 49, 'SI508', '2018-05-26', 75000, 'Anna Bautista', 250, 10, 75000, 'paid', 'Received'),
(55, 'DR601', 55, 'SI601', '2018-05-26', 114000, 'Rex Darwin', 300, 20, 114000, 'paid', 'Received'),
(56, 'DR705', 54, 'SI705', '2018-02-14', 96000, 'Lalaine Fora', 300, 27, 96000, 'paid', 'Received'),
(57, 'DR806', 52, 'SI806', '2018-01-11', 17500, 'Bennie Forma', 50, 36, 17500, 'paid', 'Received'),
(58, 'DR904', 53, 'SI904', '2018-02-22', 84000, 'Jonna Valera', 300, 29, 84000, 'paid', 'Received'),
(59, 'DR110', 62, 'SI110', '2018-05-26', 68000, 'Janella Quilala', 200, 31, 68000, 'paid', 'Received'),
(60, 'DR225', 60, 'SI225', '2018-05-26', 84000, 'Exekiel Dulnuan', 300, 34, 84000, 'paid', 'Received'),
(61, 'DR335', 63, 'SI335', '2018-02-07', 14000, 'Ramon Banes', 50, 29, 14000, 'paid', 'Received'),
(62, 'DR442', 70, 'SI442', '2018-05-26', 42000, 'Feby Fernandez', 200, 16, 42000, 'paid', 'Received'),
(63, 'DR559', 71, 'SI559', '2018-02-13', 32000, 'Gopal Mongao', 100, 15, 32000, 'paid', 'Received'),
(64, 'DR660', 68, 'SI660', '2018-04-18', 95000, 'Gerwin Canero', 250, 20, 95000, 'paid', 'Received'),
(65, 'DR653', 70, 'SI976', '2018-05-26', 42000, 'Susan Fajardo', 200, 16, 42000, 'paid', 'Received'),
(66, 'DR775', 64, 'SI775', '2018-05-26', 72500, 'Emma Hernandez', 250, 26, 72500, 'paid', 'Received'),
(67, 'DR009', 66, 'SI009', '2018-05-26', 42000, 'Susan Fajardo', 150, 21, 0, 'unpaid', 'Received'),
(68, 'DR099', 66, 'SI099', '2018-05-26', 28000, 'Susan Fajardo', 100, 21, 0, 'unpaid', 'Received'),
(69, 'DR909', 66, 'SI909', '2018-05-26', 14000, 'Susan Fajardo', 50, 21, 0, 'unpaid', 'Received');

--
-- Triggers `client_delivery`
--
DROP TRIGGER IF EXISTS `update_pay_stat`;
DELIMITER $$
CREATE TRIGGER `update_pay_stat` BEFORE UPDATE ON `client_delivery` FOR EACH ROW IF NEW.client_balance = NEW.amount_paid THEN
	SET NEW.payment_remarks = 'paid';
END IF
$$
DELIMITER ;

-- --------------------------------------------------------

--
-- Table structure for table `client_machreturn`
--

DROP TABLE IF EXISTS `client_machreturn`;
CREATE TABLE IF NOT EXISTS `client_machreturn` (
  `client_machReturnID` int(11) NOT NULL AUTO_INCREMENT,
  `mach_returnDate` date NOT NULL,
  `mach_returnQty` int(11) NOT NULL,
  `client_id` varchar(20) NOT NULL,
  `mach_id` int(11) NOT NULL,
  `mach_serial` varchar(60) NOT NULL,
  `mach_remarks` varchar(50) NOT NULL,
  `mach_returnAction` varchar(50) NOT NULL,
  `mach_resolveDate` date DEFAULT NULL,
  `resolved` varchar(11) CHARACTER SET latin1 COLLATE latin1_general_ci DEFAULT 'No',
  `mach_stat` varchar(45) NOT NULL DEFAULT '0',
  PRIMARY KEY (`client_machReturnID`)
) ENGINE=InnoDB AUTO_INCREMENT=12 DEFAULT CHARSET=latin1;

--
-- Dumping data for table `client_machreturn`
--

INSERT INTO `client_machreturn` (`client_machReturnID`, `mach_returnDate`, `mach_returnQty`, `client_id`, `mach_id`, `mach_serial`, `mach_remarks`, `mach_returnAction`, `mach_resolveDate`, `resolved`, `mach_stat`) VALUES
(1, '2018-05-24', 0, '10                  ', 5, 'SN597', 'for maintenance', 'maintained & returned ', '2018-05-24', 'Yes', '1'),
(2, '2018-05-24', 0, '3                   ', 4, 'SN6523', 'Damaged', 'resolved machine', '2018-05-26', 'Yes', '1'),
(3, '2018-05-24', 0, '1                   ', 2, 'SN9562', 'For Repair', 'Repaired', '2018-05-24', 'Yes', '1'),
(4, '2018-05-24', 0, '3                   ', 5, 'SN9831', 'For Repair', 'repaired', '2018-05-26', 'Yes', '1'),
(5, '2018-05-25', 0, '10                  ', 5, 'SN597', 'maintenance', 'returned', '2018-05-25', 'Yes', '0'),
(6, '2018-05-26', 1, '1                   ', 2, 'SN9562', 'damaged', '', NULL, 'No', '0'),
(7, '2018-05-26', 0, '6                   ', 4, 'SN9501', 'repair', 'repaired', '2018-05-26', 'Yes', '0'),
(8, '2018-05-26', 0, '46                  ', 5, 'SN123', 'for maintenance', 'repaired', '2018-05-26', 'Yes', '0'),
(9, '2018-05-26', 4, '3                   ', 4, 'SN6523', 'damaged', '', NULL, 'No', '0'),
(10, '2018-05-26', 6, '19                  ', 1, 'SN001', 'maintenance', '', NULL, 'No', '0'),
(11, '2018-05-26', 0, '43                  ', 9, 'SN680', 'maintenance', 'repaired', '2018-05-26', 'Yes', '0');

-- --------------------------------------------------------

--
-- Table structure for table `coffee_blend`
--

DROP TABLE IF EXISTS `coffee_blend`;
CREATE TABLE IF NOT EXISTS `coffee_blend` (
  `blend_id` int(11) NOT NULL AUTO_INCREMENT,
  `blend` varchar(50) NOT NULL,
  `package_id` varchar(45) NOT NULL,
  `blend_price` int(11) NOT NULL,
  `blend_qty` int(11) NOT NULL,
  `blend_physcount` int(11) NOT NULL DEFAULT '0',
  `blend_remarks` varchar(45) DEFAULT NULL,
  `blend_discrepancy` int(11) NOT NULL DEFAULT '0',
  `inventory_date` date DEFAULT NULL,
  `blend_activation` int(11) NOT NULL DEFAULT '1',
  `blend_type` varchar(45) NOT NULL,
  `sticker_id` int(11) NOT NULL,
  PRIMARY KEY (`blend_id`)
) ENGINE=InnoDB AUTO_INCREMENT=154 DEFAULT CHARSET=latin1;

--
-- Dumping data for table `coffee_blend`
--

INSERT INTO `coffee_blend` (`blend_id`, `blend`, `package_id`, `blend_price`, `blend_qty`, `blend_physcount`, `blend_remarks`, `blend_discrepancy`, `inventory_date`, `blend_activation`, `blend_type`, `sticker_id`) VALUES
(1, 'Guatemala Rainforest  Blend', '1', 365, 3, 1, '', 0, '2018-05-25', 1, 'Existing', 2),
(2, 'Guatemala Rainforest  Blend', '4', 365, 0, 0, '', 0, '2018-05-25', 1, 'Existing', 2),
(3, 'Guatemala Rainforest  Blend', '2', 615, 0, 0, '', 0, '2018-05-25', 1, 'Existing', 2),
(4, 'Guatemala Rainforest  Blend', '5', 615, 1, 1, '', 0, '2018-05-25', 1, 'Existing', 2),
(5, 'Guatemala Rainforest  Blend', '3', 1025, 0, 0, '', 0, '2018-05-25', 1, 'Existing', 2),
(6, 'Guatemala Rainforest  Blend', '6', 1025, 0, 0, '', 0, '2018-05-25', 1, 'Existing', 2),
(7, 'Cordillera Sunrise  Blend', '1', 350, 0, 0, '', 0, '2018-05-25', 1, 'Existing', 3),
(9, 'Cordillera Sunrise  Blend', '4', 350, 0, 0, '', 0, '2018-05-25', 1, 'Existing', 3),
(10, 'Cordillera Sunrise  Blend', '2', 575, 0, 0, '', 0, '2018-05-25', 1, 'Existing', 3),
(11, 'Cordillera Sunrise  Blend', '5', 575, 0, 0, '', 0, '2018-05-25', 1, 'Existing', 3),
(15, 'Cordillera Sunrise  Blend', '3', 950, 0, 0, NULL, 0, NULL, 1, 'Existing', 3),
(16, 'Cordillera Sunrise  Blend', '6', 950, 0, 0, NULL, 0, NULL, 1, 'Existing', 3),
(17, 'Sumatra Night  Blend', '1', 325, 0, 0, NULL, 0, NULL, 1, 'Existing', 4),
(18, 'Sumatra Night  Blend', '4', 350, 0, 0, NULL, 0, NULL, 1, 'Existing', 4),
(20, 'Sumatra Night  Blend', '2', 530, 0, 0, NULL, 0, NULL, 1, 'Existing', 4),
(22, 'Sumatra Night  Blend', '5', 575, 0, 0, NULL, 0, NULL, 1, 'Existing', 4),
(24, 'Sumatra Night  Blend', '3', 850, 0, 0, NULL, 0, NULL, 1, 'Existing', 4),
(30, 'Sumatra Night  Blend', '6', 850, 0, 0, NULL, 0, NULL, 1, 'Existing', 4),
(35, 'Chefs Blend', '1', 265, 0, 0, NULL, 0, NULL, 1, 'Existing', 5),
(39, 'Chefs Blend ', '4', 265, 0, 0, NULL, 0, NULL, 1, 'Existing', 5),
(42, 'Chefs Blend', '2', 465, 0, 0, NULL, 0, NULL, 1, 'Existing', 5),
(55, 'Chefs Blend ', '5', 465, 0, 0, NULL, 0, NULL, 1, 'Existing', 5),
(56, 'Chefs Blend', '3', 800, 0, 0, NULL, 0, NULL, 1, 'Existing', 5),
(60, 'Chefs Blend', '6', 800, 0, 0, NULL, 0, NULL, 1, 'Existing', 5),
(66, 'Espresso Blend', '1', 230, 0, 0, NULL, 0, NULL, 1, 'Existing', 6),
(72, 'Espresso Blend', '4', 230, 0, 0, NULL, 0, NULL, 1, 'Existing', 6),
(73, 'Espresso Blend', '2', 415, 0, 0, NULL, 0, NULL, 1, 'Existing', 6),
(74, 'Espresso Blend', '5', 415, 0, 0, NULL, 0, NULL, 1, 'Existing', 6),
(75, 'Espresso Blend', '3', 750, 0, 0, NULL, 0, NULL, 1, 'Existing', 6),
(76, 'Espresso Blend', '6', 750, 0, 0, NULL, 0, NULL, 1, 'Existing', 6),
(77, 'Breakfast Blend', '1', 200, 0, 0, NULL, 0, NULL, 1, 'Existing', 7),
(78, 'Breakfast Blend', '4', 200, 0, 0, NULL, 0, NULL, 1, 'Existing', 7),
(80, 'Breakfast Blend', '2', 375, 0, 0, NULL, 0, NULL, 1, 'Existing', 7),
(81, 'Breakfast Blend', '5', 375, 0, 0, NULL, 0, NULL, 1, 'Existing', 7),
(82, 'Breakfast Blend', '3', 675, 1, 0, NULL, 0, NULL, 1, 'Existing', 7),
(83, 'Breakfast Blend', '6', 675, 0, 0, NULL, 0, NULL, 1, 'Existing', 7),
(84, 'Mabuhay Blend', '1', 180, 0, 0, NULL, 0, NULL, 1, 'Existing', 8),
(85, 'Mabuhay Blend', '4', 180, 0, 0, NULL, 0, NULL, 1, 'Existing', 8),
(86, 'Mabuhay Blend', '2', 350, 0, 0, NULL, 0, NULL, 1, 'Existing', 8),
(87, 'Mabuhay Blend', '5', 350, 0, 0, NULL, 0, NULL, 1, 'Existing', 8),
(88, 'Mabuhay Blend', '3', 600, 0, 0, NULL, 0, NULL, 1, 'Existing', 8),
(89, 'Mabuhay Blend', '6', 600, 0, 0, NULL, 0, NULL, 1, 'Existing', 8),
(90, 'Fiesta Blend', '1', 165, 0, 0, NULL, 0, NULL, 1, 'Existing', 9),
(91, 'Fiesta Blend', '4', 165, 0, 0, NULL, 0, NULL, 1, 'Existing', 9),
(92, 'Fiesta Blend', '2', 315, 0, 0, NULL, 0, NULL, 1, 'Existing', 9),
(93, 'Fiesta Blend', '5', 315, 4, 0, NULL, 0, NULL, 1, 'Existing', 9),
(94, 'Fiesta Blend', '3', 500, 0, 0, NULL, 0, NULL, 1, 'Existing', 9),
(95, 'Fiesta Blend', '6', 500, 0, 0, NULL, 0, NULL, 1, 'Existing', 9),
(96, 'Kalayaan Blend', '1', 150, 0, 0, NULL, 0, NULL, 1, 'Existing', 10),
(97, 'Kalayaan Blend', '4', 150, 0, 0, NULL, 0, NULL, 1, 'Existing', 10),
(98, 'Kalayaan Blend', '2', 275, 0, 0, NULL, 0, NULL, 1, 'Existing', 10),
(99, 'Kalayaan Blend', '5', 275, 0, 0, NULL, 0, NULL, 1, 'Existing', 10),
(100, 'Kalayaan Blend', '3', 400, 0, 0, NULL, 0, NULL, 1, 'Existing', 10),
(101, 'Kalayaan Blend', '6', 400, 0, 0, NULL, 0, NULL, 1, 'Existing', 10),
(104, 'Wack Wack  Blend', '1', 250, 0, 0, NULL, 0, NULL, 1, 'Client', 47),
(105, 'Eurotel Blend', '1', 300, 600, 0, NULL, 0, NULL, 1, 'Client', 24),
(106, 'Citrus Restaurant  Blend', '4', 300, 0, 0, NULL, 0, NULL, 1, 'Client', 25),
(107, 'John Hay Water System  Blend', '5', 410, 0, 0, NULL, 0, NULL, 1, 'Client', 31),
(108, 'Kahuna Beach Resort  Blend', '5', 380, 0, 0, NULL, 0, NULL, 1, 'Client', 35),
(109, 'Kintetsu World Express  Blend', '2', 280, 0, 0, NULL, 0, NULL, 1, 'Client', 38),
(110, 'La Casa Blanca  Blend', '5', 310, 200, 0, NULL, 0, NULL, 1, 'Client', 45),
(111, 'La Parilla Blend', '3', 320, 150, 0, NULL, 0, NULL, 1, 'Client', 49),
(112, 'La Tienda  Blend', '6', 210, -200, 0, NULL, 0, NULL, 1, 'Client', 51),
(113, 'Le Chef Manor  Blend', '4', 310, 200, 0, NULL, 0, NULL, 1, 'Client', 55),
(114, 'Colleen Curran  Blend', '2', 310, 0, 0, NULL, 0, NULL, 1, 'Client', 62),
(115, 'ATACOGMAC Blend', '3', 320, 0, 0, NULL, 0, NULL, 1, 'Client', 14),
(116, 'Bloomfield Hotel Blend', '4', 320, 598, 0, NULL, 0, NULL, 1, 'Client', 20),
(117, 'Le Chef Golf Blend', '2', 380, 0, 0, NULL, 0, NULL, 1, 'Client', 15),
(118, 'Le Chef Southwood Blend', '3', 280, 1000, 0, NULL, 0, NULL, 1, 'Client', 17),
(119, 'ABS CBN Blend', '2', 290, 400, 0, NULL, 0, NULL, 1, 'Client', 29),
(120, 'Le Chef Accounting  Blend', '6', 280, 0, 0, NULL, 0, NULL, 1, 'Client', 19),
(121, 'Le Chef Paranaque Blend', '4', 420, 850, 0, NULL, 0, NULL, 1, 'Client', 18),
(122, 'Connies Kitchen Blend', '5', 340, 0, 0, NULL, 0, NULL, 1, 'Client', 23),
(123, 'Lemon and Olives Blend', '3', 290, 0, 0, NULL, 0, NULL, 1, 'Client', 21),
(124, 'Le Festin Trading  Blend', '2', 320, 0, 0, NULL, 0, NULL, 1, 'Client', 22),
(125, 'Cosys Cafe and Roast  Blend', '5', 320, 0, 0, NULL, 0, NULL, 1, 'Client', 26),
(126, 'Lighthouse Marina Resort  Blend', '4', 280, 0, 0, NULL, 0, NULL, 1, 'Client', 28),
(127, 'Bread House Blend', '1', 280, 0, 0, NULL, 0, NULL, 1, 'Client', 30),
(128, 'Edwin Hui Blend', '5', 320, 0, 0, NULL, 0, NULL, 1, 'Client', 32),
(129, 'Marios Restaurant Baguio  Blend', '1', 340, 200, 0, NULL, 0, NULL, 1, 'Client', 34),
(130, 'Marios Restaurant Manila  Blend', '5', 250, 0, 0, NULL, 0, NULL, 1, 'Client', 39),
(131, 'Escala Blend', '5', 300, 300, 0, NULL, 0, NULL, 1, 'Client', 42),
(132, 'Hapi Bakery and Mami House  Blend', '4', 280, 0, 0, NULL, 0, NULL, 1, 'Client', 46),
(133, 'Fil Estate Blend', '1', 320, 0, 0, NULL, 0, NULL, 1, 'Client', 48),
(134, 'Professor Valentino Macanes Blend', '1', 350, 0, 0, NULL, 0, NULL, 1, 'Client', 52),
(135, 'She Diner Blend', '2', 320, 0, 0, NULL, 0, NULL, 1, 'Client', 64),
(136, 'GMA Blend', '1', 240, 0, 0, NULL, 0, NULL, 1, 'Client', 27),
(137, 'Grumpy Joe Blend', '1', 250, 0, 0, NULL, 0, NULL, 1, 'Client', 36),
(138, 'Bowknot Brewery Blend', '1', 280, 0, 0, NULL, 0, NULL, 1, 'Client', 40),
(139, 'Cafe de Manor Blend', '6', 250, 200, 0, NULL, 0, NULL, 1, 'Client', 43),
(140, 'Best Western Oxford Suites Blend', '1', 280, 0, 0, NULL, 0, NULL, 1, 'Client', 53),
(141, 'Baguio Country Club Blend', '5', 310, 0, 0, NULL, 0, NULL, 1, 'Client', 56),
(142, 'Forest Hills Blend', '4', 410, 0, 0, NULL, 0, NULL, 1, 'Client', 59),
(143, 'Bioessence Blend', '5', 350, 700, 0, NULL, 0, NULL, 1, 'Client', 63),
(144, 'Blackwoods Blend', '2', 420, 0, 0, NULL, 0, NULL, 1, 'Client', 33),
(145, 'Gerrys Grill Treasury Blend', '6', 380, 248, 0, NULL, 0, NULL, 1, 'Client', 37),
(146, 'Gerrys Grill Purchasing Blend', '5', 350, 0, 0, NULL, 0, NULL, 1, 'Client', 65),
(147, 'Keiffeir Coffee Shop Blend', '2', 410, 0, 0, NULL, 0, NULL, 1, 'Client', 41),
(148, 'Bote Central Roasting Machine Blend', '5', 340, 0, 0, NULL, 0, NULL, 1, 'Client', 44),
(149, 'Gweilo Corp Blend', '3', 290, 0, 0, NULL, 0, NULL, 1, 'Client', 66),
(150, 'Camp John Hay Golf Club Blend', '5', 290, 0, 0, NULL, 0, NULL, 1, 'Client', 54),
(151, 'Canto Blend', '1', 360, 0, 0, NULL, 0, NULL, 1, 'Client', 57),
(152, 'Cafe de Seoul Blend', '4', 400, 0, 0, NULL, 0, NULL, 1, 'Client', 58),
(153, 'Cafe Caw Blend', '1', 280, 650, 0, NULL, 0, NULL, 1, 'Client', 60);

-- --------------------------------------------------------

--
-- Table structure for table `company_returns`
--

DROP TABLE IF EXISTS `company_returns`;
CREATE TABLE IF NOT EXISTS `company_returns` (
  `company_returnID` int(50) NOT NULL AUTO_INCREMENT,
  `sup_returnDate` date NOT NULL,
  `sup_id` int(50) NOT NULL,
  `sup_returnQty` int(50) NOT NULL,
  `sup_returnItem` int(50) NOT NULL,
  `sup_returnRemarks` varchar(50) NOT NULL,
  `sup_returnAction` varchar(50) NOT NULL,
  `drNo` varchar(50) NOT NULL,
  `poNo` int(50) NOT NULL,
  `res` varchar(45) NOT NULL DEFAULT 'unresolved',
  `return_dr` varchar(50) DEFAULT NULL,
  `return_date` date DEFAULT NULL,
  `categoryr` int(11) DEFAULT NULL,
  `inv_stat` varchar(45) NOT NULL DEFAULT '0',
  `pckng_stat` varchar(45) NOT NULL DEFAULT '0',
  `stckr_stat` varchar(45) NOT NULL DEFAULT '0',
  `mach_stat` varchar(45) NOT NULL DEFAULT '0',
  PRIMARY KEY (`company_returnID`)
) ENGINE=InnoDB AUTO_INCREMENT=7 DEFAULT CHARSET=latin1;

--
-- Dumping data for table `company_returns`
--

INSERT INTO `company_returns` (`company_returnID`, `sup_returnDate`, `sup_id`, `sup_returnQty`, `sup_returnItem`, `sup_returnRemarks`, `sup_returnAction`, `drNo`, `poNo`, `res`, `return_dr`, `return_date`, `categoryr`, `inv_stat`, `pckng_stat`, `stckr_stat`, `mach_stat`) VALUES
(1, '2018-04-24', 0, 986000, 51, 'Spoiled', '', 'DR634', 11, 'resolved', '1', '2018-04-26', 1, '1', '0', '0', '0'),
(2, '2018-05-17', 0, 996000, 55, 'Not properly roast', '', 'DR342', 12, 'resolved', '2', '2018-05-19', 1, '1', '0', '0', '0'),
(3, '2018-05-25', 0, 98000, 99, 'Wrong roast', '', 'DR113', 27, 'unresolved', NULL, NULL, 1, '0', '0', '0', '0'),
(4, '2018-04-20', 0, 2000, 35, 'sticker gets wet', '', 'DR234', 9, 'unresolved', NULL, NULL, 3, '0', '0', '0', '0'),
(5, '2018-04-20', 0, 2000, 32, 'None sticky', '', 'DR234', 9, 'unresolved', NULL, NULL, 3, '0', '0', '0', '0'),
(6, '2018-05-25', 0, 49000, 115, 'Spoiled', '', 'DR223', 39, 'unresolved', NULL, NULL, 1, '0', '0', '0', '0');

-- --------------------------------------------------------

--
-- Table structure for table `contract`
--

DROP TABLE IF EXISTS `contract`;
CREATE TABLE IF NOT EXISTS `contract` (
  `contract_id` int(50) NOT NULL AUTO_INCREMENT,
  `date_started` date NOT NULL,
  `blend_id` int(11) NOT NULL,
  `client_id` int(50) NOT NULL,
  `required_qty` int(11) NOT NULL,
  `credit_term` varchar(20) NOT NULL,
  `mach_id` int(50) NOT NULL,
  `mach_salesID` int(50) NOT NULL,
  `date_expiration` date DEFAULT NULL,
  `seen` varchar(45) DEFAULT '0',
  `seen_admin` varchar(45) NOT NULL DEFAULT '0',
  PRIMARY KEY (`contract_id`),
  KEY `client_id` (`client_id`)
) ENGINE=InnoDB AUTO_INCREMENT=51 DEFAULT CHARSET=latin1;

--
-- Dumping data for table `contract`
--

INSERT INTO `contract` (`contract_id`, `date_started`, `blend_id`, `client_id`, `required_qty`, `credit_term`, `mach_id`, `mach_salesID`, `date_expiration`, `seen`, `seen_admin`) VALUES
(1, '2016-05-28', 105, 1, 300, '', 0, 36, '2018-05-28', '0', '0'),
(2, '2018-03-06', 106, 10, 250, '', 5, 37, '2020-03-06', '0', '0'),
(3, '2018-03-08', 108, 12, 300, '', 0, 38, '2020-03-08', '0', '0'),
(4, '2018-01-10', 111, 15, 300, '', 7, 39, '0020-12-10', '0', '0'),
(5, '2018-02-07', 107, 11, 250, '', 0, 40, '2020-02-07', '0', '0'),
(6, '2018-04-12', 112, 16, 300, '', 0, 41, '2020-04-12', '0', '0'),
(7, '2018-04-06', 114, 18, 250, '', 0, 42, '2020-04-06', '0', '0'),
(8, '2017-10-09', 116, 2, 250, '', 0, 43, '2019-10-09', '0', '0'),
(9, '2018-04-12', 131, 33, 250, '', 8, 44, '2020-04-12', '0', '0'),
(10, '2017-08-23', 109, 13, 250, '', 4, 45, '2019-08-23', '0', '0'),
(11, '2017-05-03', 117, 20, 300, '', 0, 48, '2019-05-03', '0', '0'),
(12, '2017-09-07', 119, 22, 300, '', 0, 49, '2019-09-07', '0', '0'),
(13, '2017-11-16', 124, 27, 300, '', 0, 50, '2019-11-16', '0', '0'),
(14, '2017-08-09', 126, 29, 300, '', 0, 51, '2019-08-09', '0', '0'),
(15, '2017-09-23', 135, 37, 250, '', 0, 52, '2019-09-23', '0', '0'),
(16, '2017-03-03', 128, 30, 250, '', 0, 53, '2019-03-03', '0', '0'),
(17, '2017-06-01', 136, 38, 300, '', 0, 54, '2019-06-01', '0', '0'),
(18, '2017-02-05', 130, 32, 300, '', 0, 55, '2019-02-05', '0', '0'),
(19, '2016-06-01', 137, 39, 300, '', 0, 56, '2018-06-01', '0', '0'),
(20, '2017-10-05', 134, 36, 250, '', 0, 57, '2019-10-05', '0', '0'),
(21, '2017-06-08', 145, 47, 300, '', 0, 58, '2019-06-08', '0', '0'),
(22, '2016-06-23', 139, 40, 200, '', 0, 59, '2018-06-23', '0', '0'),
(23, '2017-09-01', 150, 6, 300, '', 0, 60, '2019-09-01', '0', '0'),
(24, '2016-07-09', 153, 9, 250, '', 0, 61, '2018-07-09', '0', '0'),
(25, '2017-10-05', 143, 45, 350, '', 8, 62, '2019-10-05', '0', '0'),
(26, '2017-10-12', 152, 8, 250, '', 5, 63, '2019-10-12', '0', '0'),
(27, '2017-12-01', 151, 7, 300, '', 7, 64, '2019-12-01', '0', '0'),
(28, '2017-11-09', 149, 50, 300, '', 10, 65, '2019-11-09', '0', '0'),
(29, '2017-05-05', 148, 5, 250, '', 7, 66, '2019-05-05', '0', '0'),
(30, '2017-12-07', 144, 46, 250, '', 9, 67, '2019-12-07', '0', '0'),
(31, '2018-01-31', 146, 48, 300, '', 2, 68, '2020-01-31', '0', '0'),
(32, '2017-08-23', 147, 49, 250, '', 7, 69, '2019-08-23', '0', '0'),
(33, '2017-08-16', 110, 14, 250, '', 5, 70, '2019-08-16', '0', '0'),
(34, '2018-03-01', 113, 17, 250, '', 9, 71, '2020-03-01', '0', '0'),
(35, '2016-11-09', 115, 19, 250, '', 5, 72, '2018-11-09', '0', '0'),
(36, '2016-12-21', 118, 21, 250, '', 8, 73, '2018-12-21', '0', '0'),
(37, '2017-09-21', 138, 4, 250, '', 8, 74, '2019-09-21', '0', '0'),
(38, '2016-09-01', 121, 23, 300, '', 3, 75, '2018-09-01', '0', '0'),
(39, '2016-12-14', 120, 24, 250, '', 2, 76, '2018-12-14', '0', '0'),
(40, '2018-02-08', 133, 35, 250, '', 10, 77, '2020-02-08', '0', '0'),
(41, '2017-10-19', 125, 28, 250, '', 9, 78, '2019-10-19', '0', '0'),
(42, '2017-06-07', 127, 3, 300, '', 6, 79, '2019-06-07', '0', '0'),
(43, '2017-01-05', 129, 31, 250, '', 4, 80, '2019-01-05', '0', '0'),
(44, '2016-08-24', 132, 34, 250, '', 9, 81, '2018-08-24', '0', '0'),
(45, '2016-07-21', 104, 41, 250, '', 6, 82, '2018-07-21', '0', '0'),
(46, '2018-01-30', 140, 42, 300, '', 1, 83, '2020-01-30', '0', '0'),
(47, '2018-02-09', 141, 43, 250, '', 2, 84, '2020-02-09', '0', '0'),
(48, '2018-04-19', 142, 44, 250, '', 8, 85, '2020-04-19', '0', '0'),
(49, '2017-10-20', 123, 26, 300, '', 9, 86, '2019-10-20', '0', '0'),
(50, '2017-07-20', 122, 25, 250, '', 7, 87, '2019-07-20', '0', '0');

-- --------------------------------------------------------

--
-- Table structure for table `contracted_client`
--

DROP TABLE IF EXISTS `contracted_client`;
CREATE TABLE IF NOT EXISTS `contracted_client` (
  `client_id` int(11) NOT NULL AUTO_INCREMENT,
  `client_company` varchar(70) NOT NULL,
  `client_fname` varchar(50) NOT NULL,
  `client_lname` varchar(50) NOT NULL,
  `client_position` varchar(50) NOT NULL,
  `client_email` varchar(50) NOT NULL,
  `client_address` varchar(100) NOT NULL,
  `client_contact` varchar(12) NOT NULL,
  `client_type` varchar(20) NOT NULL,
  `client_activation` int(11) NOT NULL DEFAULT '1',
  PRIMARY KEY (`client_id`)
) ENGINE=InnoDB AUTO_INCREMENT=51 DEFAULT CHARSET=latin1;

--
-- Dumping data for table `contracted_client`
--

INSERT INTO `contracted_client` (`client_id`, `client_company`, `client_fname`, `client_lname`, `client_position`, `client_email`, `client_address`, `client_contact`, `client_type`, `client_activation`) VALUES
(1, 'Eurotel Baguio', 'Floro', 'Fontanilla', 'Manager', 'floro22@gmail.com', 'Baguio City', '09053217558', 'Retail', 1),
(2, 'Bloomfield Hotel (Patch Cafe)', 'Maricel', 'Jerimee', 'Hotel Manager', 'marimee1022@gmail.com', 'Leonard Wood Road, Baguio City, Benguet', '09285344052', 'Retail', 1),
(3, 'Bread House', 'Agnes', 'Delos Reyes', 'Manager', 'delosreyesagnes@yahoo.com', 'Dagupan, Pangasinan', '09478543970', 'Coffee Service', 1),
(4, 'Bowknot Brewery Inc.', 'Alfredo', 'Besa', 'Owner', 'alfredobesa97@yahoo.com', 'Rizal Drive, Taguig City, Metro Manila', '09157181614', 'Coffee Service', 1),
(5, 'Bote Central Roasting Machine', 'Vie', 'Reyes', 'Owner', 'reyesvie123@gmail.com', 'Las Pias City, Philippines', '09157181614', 'Coffee Service', 1),
(6, 'Camp John Hay Golf Club', 'Koshia', 'Calwagan', 'Front Desk Supervisor', 'koshia_calwagan923@gmail.com', 'Camp John Hay, Baguio City', '09392898723', 'Retail', 1),
(7, 'Canto Restaurant', 'Francis', 'Blanco', 'Manager', 'blanco23489@gmail.com', '25 Kisad Rd, Baguio City, Benguet', '09175000442', 'Coffee Service', 1),
(8, 'Cafe de Seoul', 'Jeff', 'Manansala', 'Hotel Clerk', 'manansala_jeff1897@yahoo.com', 'One Archers Place Bldg, Castro, Malate, Manila', '09274765103', 'Coffee Service', 1),
(9, 'Cafe Caw', 'Carol Hazel', 'Park', 'Assistant Owner', 'park_hazel444@gmail.com', 'Dagupan, Philippines', '09228157573', 'Retail', 1),
(10, 'Citrus Restaurant', 'Jenifer', 'Magundayao', 'Bookkeeper', 'magundayao_jenifer@gmail.com', 'Ortigas Center Meralco Avenue, Pasig City', '09062127770', 'Coffee Service', 1),
(11, 'John Hay Water System, Inc.', 'Josephine', 'Tabajonda', 'Owner', 'tabajondajosephine@gmail.com', 'Camp John Hay, Baguio City', '4450486', 'Retail', 1),
(12, 'Kahuna Beach Resort and Spa', 'Kim', 'Aquino', 'Owner', 'aquinokimgil@gmail.com', 'MacArthur Highway, San Juan, 2514 La Union', '09177010526', 'Retail', 1),
(13, ' Kintetsu World Express', 'Alvin', 'Buen', 'Front Desk Supervisor', 'buenbuenalvin@yahoo.com', 'PEZA Admin Building, Loakan Rd, Loakan, Baguio, 2600 Benguet', '09175407492', 'Coffee Service', 1),
(14, 'La Casa Blanca', 'Cynthia', 'Gueco', 'President', 'guecocynthia@gmail.com', 'Leonard Wood Rd, Baguio, Benguet', '09288140814', 'Coffee Service', 1),
(15, 'La Parilla', 'Jun', 'Tugade', 'Sales Clerk', 'tugadesantossa@yahoo.com', '68, Roces Compound, Kisad Rd, Brgy. Burnham - Legarda, Baguio, 2600 Benguet', '09177155473', 'Coffee Service', 1),
(16, 'La Tienda', 'Nora', 'Lazona', 'Accountant', 'lazonanora@yahoo.com', '43 Polaris Street Bel-Air Village, Makati', '8904123', 'Retail', 1),
(17, 'Le Chef Manor', 'Robert', 'Tilbe', 'F and B Manager', 'roberttilbe@gmail.com', 'The Manor, Loakan Rd, Camp John Hay, Baguio, Benguet', '09175854521', 'Coffee Service', 1),
(18, 'Colleen Curran', 'Colleen', 'Curran', 'Owner', 'colleen920@yahoo.com', 'Quezon Hill, Baguio City', '09176448577', 'Retail', 1),
(19, 'ATACOGMAC', 'Dick', 'Evasco', 'President', 'evasco21@gmail.com', 'Atok, Benguet, Philippines', '09206636879', 'Coffee Service', 1),
(20, 'Le Chef Golf', 'Leo', 'Pablo', 'Purchasing Staff', 'pable_leo@gmail.com', 'The Manor, Loakan Rd, Camp John Hay, Baguio, Benguet', '09216631771', 'Retail', 1),
(21, 'Le Chef Southwoods', 'Jaymond', 'Incio', 'Bookkeeper', 'incio_pablo@yahoo.com', 'The Manor, Loakan Rd, Camp John Hay, Baguio, Benguet', '4240910', 'Coffee Service', 1),
(22, 'ABS CBN', 'Marlon', 'Ramos', 'Chef', 'marlonramos@gmail.com', '15/F ELJ Communications Center, Eugenio Lopez St., 1103 Quezon City', '09245467656', 'Retail', 1),
(23, 'Le Chef -Paranaque', 'Michelle', 'Mendoza', 'Purchasing Head', 'mendoza_m@yahoo.com', 'Panaque City', '09126324514', 'Coffee Service', 1),
(24, 'Le Chef Accounting', 'Emylou', 'Gabiola', 'Finance Supervisor', 'gabiola_emy019@gmail.com', 'Loakan Road, Baguio City', '09175020776', 'Coffee Service', 1),
(25, 'Connies Kitchen', 'Julie', 'Delos Santos', 'Assistant Manager', 'julie_santos@gmail.com', 'Mandaluyong City', '09275349837', 'Coffee Service', 1),
(26, 'Lemon & Olives', 'Cindy', 'Urado', 'Event Manager', 'cindy_u1997@gmail.com', '26 Outlook Dr S, Baguio, 2600 Benguet', '4232278', 'Coffee Service', 1),
(27, 'Le Festin Trading, Inc. (Gourmet)', 'Jeanet', 'Picato', 'Finance Supervisor', 'jeannette234@yahoo.com', 'Benguet', '09158808904', 'Retail', 1),
(28, 'Cosy\'s Cafe and Roasterie', 'Joel', 'Cosalan', 'Owner', 'cosalan713@gmail.com', 'Teacher\'s Camp, Baguio City, Benguet', '09209210141', 'Coffee Service', 1),
(29, 'Lighthouse Marina Resort', 'Jayson', 'Herrero', 'VP for Hotel Operations', 'herrerojayson@gmail.com', 'Subic Bay Freeport Zone, Zambales', '2502480', 'Retail', 1),
(30, 'Edwin Hui', 'Edwin', 'Hui', 'Coffee Shop Manager', 'edwinhui@yahoo.com', 'Camp 7, Baguio City', '09178987221', 'Retail', 1),
(31, 'Mario\'s Restaurant (Baguio)', 'Mary', 'Grace', 'Accountant', 'graciously_2345@gmail.com', 'Upper Session Rd, Baguio, 2600 Benguet', '09052973384', 'Coffee Service', 1),
(32, 'Mario\'s Restaurant (Q.C)', 'Bobby', 'Ling', 'Purchasing Manager', 'bobbyling@yahoo.com', '191 Tomas Morato Ave, Diliman, Quezon City, 1103 Metro Manila', '3766210', 'Retail', 1),
(33, 'Escala', 'Carol', 'Connie', 'Employee', 'caroline@gmail.com', 'Legarda Rd.,Baguio City', '09253287159', 'Coffee Service', 1),
(34, 'Mr. Hapi Bakery & Mami House', 'Tony', 'Ramos', 'Director', 'tony_ramos@gmail.com', 'Marcoville St, Baguio, Benguet', '09228081848', 'Coffee Service', 1),
(35, 'Fil Estate', 'Anna', 'Brillon', 'Employee', 'anna090@yahoo.com', '55 Rock Quarry, Baguio City, Benguet', '09175664352', 'Coffee Service', 1),
(36, 'Prof. Valentino Macanes', 'Valentino', 'Macanes', 'Director IHFSA', 'macanes_val@yahoo.com', 'Aurora Hill, Baguio City', '09163402041', 'Retail', 1),
(37, 'She Diner', 'Kim', 'Ballatong', 'Manager', 'kim22@gmail.com', 'Zambales', '09053217558', 'Retail', 1),
(38, 'GMA', 'Justine', 'Cuadra', 'Purchasing Staff', 'justine@gmail.com', 'Manila', '09053286552', 'Retail', 1),
(39, 'Grumpy Joe', 'Alvin', 'San Jose', 'Crew', 'alvin@gmail.com', 'Leonard Wood Rd', '09268755641', 'Retail', 1),
(40, 'Cafe de Manor', 'Aye Grace', 'Dela Cruz', 'Crew', 'ayegrace@outlook.com', 'Camp John Hay, Baguio City', '09896755434', 'Retail', 1),
(41, 'Wack Wack', 'Michelle', 'Mendoza', 'Employee', 'mendzmichelle@yahoo.com', 'Old Wack Wack Rd, Mandaluyong City, Manila', '09277230665', 'Coffee Service', 1),
(42, 'Best Western Oxford Suites', 'Marlon', 'Samson', 'Assistant Manager', 'samlon0092@gmail.com', 'Makati, Philippines', '8997888', 'Coffee Service', 1),
(43, 'Baguio Country Club', 'Tess', 'Canave', 'Purchasing Manager', 'cantess97@yahoo.com', 'Camp John Hay Baguio City', '6192050', 'Coffee Service', 1),
(44, 'Forest Hills (PAR72)', 'Marissa', 'Ling', 'Head Manager', 'lingmar@gmail.com', 'Inarawan, Antipolo Rizal', '09086983519', 'Coffee Service', 1),
(45, 'Bioessence', 'Alowa', 'Lavarias', 'Branch Operation Manager', 'lavarias_aloja@gmail.com', 'SM City Baguio', '09995202455', 'Coffee Service', 1),
(46, 'Blackwoods', 'Lito', 'Benitez', 'General Manager', 'lito1987@yahoo.com', 'Buiguias Benguet', '09178916524', 'Coffee Service', 1),
(47, 'Gerry\'s Grill Treasury', 'Kelly', 'Santos', 'Chef', 'santoskelly@gmail.com', 'SM City, Baguio', '09175431907', 'Retail', 1),
(48, 'Gerry\'s Grill Purchasing', 'Dennies', 'Hagad', 'Sales Clerk', 'dennieshagad@gmail.com', 'SM City Baguio', '09237448996', 'Coffee Service', 1),
(49, 'Keiffeir Coffee Shop', 'Keir', 'Calpito', 'Manager', 'keir22@gmail.com', 'Pasig, Baguio City', '09053217558', 'Coffee Service', 1),
(50, 'Gweilo Corp (Amelie Hotel)', 'Neri', 'Saad', 'Manager', 'nerisaan@gmail.com', '333 B.P. Guavera St., Little Baguio, San Juan', '09128757888', 'Coffee Service', 1);

-- --------------------------------------------------------

--
-- Table structure for table `contracted_po`
--

DROP TABLE IF EXISTS `contracted_po`;
CREATE TABLE IF NOT EXISTS `contracted_po` (
  `contractPO_id` int(11) NOT NULL AUTO_INCREMENT,
  `client_id` int(11) NOT NULL,
  `blend_id` int(11) NOT NULL,
  `sticker_id` int(11) DEFAULT NULL,
  `contractPO_date` date NOT NULL,
  `contractPO_qty` int(11) NOT NULL,
  `delivered_qty` int(11) NOT NULL DEFAULT '0',
  `delivery_stat` varchar(20) NOT NULL DEFAULT 'pending',
  `undoDel` int(11) NOT NULL DEFAULT '0',
  `roast` varchar(10) NOT NULL DEFAULT 'No',
  `inv_stat` varchar(45) NOT NULL DEFAULT '0',
  `pckng_stat` varchar(45) NOT NULL DEFAULT '0',
  `stckr_stat` varchar(45) NOT NULL DEFAULT '0',
  PRIMARY KEY (`contractPO_id`)
) ENGINE=InnoDB AUTO_INCREMENT=73 DEFAULT CHARSET=latin1;

--
-- Dumping data for table `contracted_po`
--

INSERT INTO `contracted_po` (`contractPO_id`, `client_id`, `blend_id`, `sticker_id`, `contractPO_date`, `contractPO_qty`, `delivered_qty`, `delivery_stat`, `undoDel`, `roast`, `inv_stat`, `pckng_stat`, `stckr_stat`) VALUES
(1, 22, 119, NULL, '2018-05-25', 300, 0, 'pending', 1, 'No', '0', '0', '0'),
(2, 2, 116, NULL, '2018-05-25', 250, 250, 'delivered', 0, 'Yes', '0', '1', '0'),
(3, 9, 153, NULL, '2018-05-25', 250, 0, 'pending', 1, 'Yes', '0', '0', '0'),
(4, 22, 119, NULL, '2018-05-25', 300, 0, 'pending', 1, 'Yes', '0', '0', '0'),
(5, 33, 131, NULL, '2018-05-25', 250, 250, 'delivered', 0, 'Yes', '0', '0', '0'),
(6, 9, 153, NULL, '2018-05-25', 250, 250, 'delivered', 0, 'Yes', '0', '0', '0'),
(7, 22, 119, NULL, '2018-05-25', 300, 300, 'delivered', 0, 'Yes', '0', '0', '0'),
(8, 45, 143, NULL, '2018-05-25', 350, 0, 'pending', 1, 'Yes', '0', '0', '0'),
(9, 2, 116, NULL, '2018-05-25', 250, 0, 'pending', 1, 'Yes', '0', '0', '0'),
(10, 40, 139, NULL, '2018-05-25', 200, 0, 'pending', 1, 'Yes', '0', '0', '0'),
(11, 6, 150, NULL, '2018-05-25', 300, 300, 'delivered', 0, 'Yes', '0', '0', '0'),
(12, 10, 106, NULL, '2018-05-25', 250, 250, 'delivered', 0, 'Yes', '0', '0', '0'),
(13, 18, 114, NULL, '2018-05-25', 250, 250, 'delivered', 0, 'Yes', '0', '0', '0'),
(14, 30, 128, NULL, '2018-05-25', 250, 0, 'pending', 1, 'Yes', '0', '0', '0'),
(15, 33, 131, NULL, '2018-05-25', 250, 0, 'pending', 1, 'Yes', '0', '0', '0'),
(16, 1, 105, NULL, '2018-05-25', 300, 300, 'delivered', 0, 'Yes', '0', '0', '0'),
(17, 47, 145, NULL, '2018-05-25', 300, 300, 'delivered', 0, 'Yes', '0', '0', '0'),
(18, 38, 136, NULL, '2018-05-25', 300, 300, 'delivered', 0, 'Yes', '0', '0', '0'),
(19, 39, 137, NULL, '2018-05-25', 300, 300, 'delivered', 0, 'Yes', '0', '0', '0'),
(20, 11, 107, NULL, '2018-05-25', 250, 250, 'delivered', 0, 'Yes', '0', '0', '0'),
(21, 11, 107, NULL, '2018-05-25', 250, 250, 'delivered', 0, 'Yes', '0', '0', '0'),
(22, 12, 108, NULL, '2018-05-25', 300, 300, 'delivered', 0, 'Yes', '0', '0', '0'),
(23, 13, 109, NULL, '2018-05-25', 250, 250, 'delivered', 0, 'Yes', '0', '0', '0'),
(24, 15, 111, NULL, '2018-05-25', 300, 300, 'delivered', 0, 'Yes', '0', '0', '0'),
(25, 16, 112, NULL, '2018-05-25', 300, 300, 'delivered', 0, 'Yes', '0', '0', '0'),
(26, 27, 124, NULL, '2018-05-25', 300, 300, 'delivered', 0, 'Yes', '0', '0', '0'),
(27, 29, 126, NULL, '2018-05-25', 300, 300, 'delivered', 0, 'Yes', '0', '0', '0'),
(28, 32, 130, NULL, '2018-05-25', 300, 300, 'delivered', 0, 'Yes', '0', '0', '0'),
(29, 32, 130, NULL, '2018-05-25', 300, 300, 'delivered', 0, 'Yes', '0', '0', '0'),
(30, 36, 134, NULL, '2018-05-25', 250, 250, 'delivered', 0, 'Yes', '0', '0', '0'),
(31, 37, 135, NULL, '2018-05-25', 250, 250, 'delivered', 0, 'Yes', '0', '0', '0'),
(32, 22, 119, NULL, '2018-05-25', 300, 300, 'delivered', 0, 'Yes', '0', '0', '0'),
(33, 45, 143, NULL, '2018-05-25', 350, 350, 'delivered', 0, 'Yes', '0', '0', '0'),
(34, 22, 119, NULL, '2018-04-02', 300, 300, 'delivered', 0, 'Yes', '0', '0', '0'),
(35, 45, 143, NULL, '2018-04-04', 350, 350, 'delivered', 0, 'Yes', '0', '0', '0'),
(36, 2, 116, NULL, '2018-04-04', 250, 250, 'delivered', 0, 'Yes', '0', '0', '0'),
(37, 9, 153, NULL, '2018-05-07', 250, 250, 'delivered', 0, 'Yes', '0', '0', '0'),
(38, 40, 139, NULL, '2018-04-17', 200, 200, 'delivered', 0, 'Yes', '0', '0', '0'),
(39, 6, 150, NULL, '2018-04-05', 300, 300, 'delivered', 0, 'Yes', '0', '0', '0'),
(40, 10, 106, NULL, '2018-04-13', 250, 250, 'delivered', 0, 'Yes', '0', '0', '0'),
(41, 18, 114, NULL, '2018-04-23', 250, 250, 'delivered', 0, 'Yes', '0', '0', '0'),
(42, 30, 128, NULL, '2018-04-18', 250, 500, 'delivered', 0, 'Yes', '0', '0', '0'),
(43, 33, 131, NULL, '2018-04-18', 250, 250, 'delivered', 0, 'Yes', '0', '0', '0'),
(44, 1, 105, NULL, '2018-04-16', 300, 0, 'pending', 1, 'Yes', '0', '0', '0'),
(45, 45, 143, NULL, '2018-04-15', 350, 0, 'pending', 1, 'Yes', '0', '0', '0'),
(46, 2, 116, NULL, '2018-04-14', 250, 0, 'pending', 1, 'Yes', '0', '0', '0'),
(47, 9, 153, NULL, '2018-04-20', 250, 0, 'pending', 1, 'Yes', '0', '0', '0'),
(48, 6, 150, NULL, '2018-04-25', 300, 300, 'delivered', 0, 'Yes', '0', '0', '0'),
(49, 10, 106, NULL, '2018-04-28', 250, 250, 'delivered', 0, 'Yes', '0', '0', '0'),
(50, 23, 121, NULL, '2018-05-26', 300, 300, 'delivered', 0, 'Yes', '0', '0', '0'),
(51, 37, 135, NULL, '2018-05-26', 250, 250, 'delivered', 0, 'Yes', '0', '0', '0'),
(52, 36, 134, NULL, '2018-05-26', 250, 250, 'delivered', 0, 'Yes', '0', '0', '0'),
(53, 29, 126, NULL, '2018-05-26', 300, 300, 'delivered', 0, 'Yes', '0', '0', '0'),
(54, 27, 124, NULL, '2018-05-26', 300, 300, 'delivered', 0, 'Yes', '0', '0', '0'),
(55, 20, 117, NULL, '2018-05-26', 300, 300, 'delivered', 0, 'Yes', '0', '0', '0'),
(56, 21, 118, NULL, '2018-05-26', 250, 250, 'delivered', 0, 'Yes', '0', '0', '0'),
(57, 41, 104, NULL, '2018-05-26', 200, 200, 'delivered', 0, 'Yes', '0', '0', '0'),
(58, 37, 135, NULL, '2018-05-26', 300, 300, 'delivered', 0, 'Yes', '0', '0', '0'),
(59, 36, 134, NULL, '2018-05-26', 200, 200, 'delivered', 0, 'Yes', '0', '0', '0'),
(60, 34, 132, NULL, '2018-05-26', 300, 300, 'delivered', 0, 'Yes', '0', '0', '0'),
(61, 32, 130, NULL, '2018-05-26', 250, 250, 'delivered', 0, 'Yes', '0', '0', '0'),
(62, 31, 129, NULL, '2018-05-26', 200, 200, 'delivered', 0, 'Yes', '0', '0', '0'),
(63, 29, 126, NULL, '2018-05-26', 250, 250, 'delivered', 0, 'Yes', '0', '0', '0'),
(64, 26, 123, NULL, '2018-05-26', 250, 250, 'delivered', 0, 'Yes', '0', '0', '0'),
(65, 27, 124, NULL, '2018-05-26', 200, 200, 'delivered', 0, 'Yes', '0', '0', '0'),
(66, 21, 118, NULL, '2018-05-26', 300, 300, 'delivered', 0, 'Yes', '0', '0', '0'),
(67, 17, 113, NULL, '2018-05-26', 200, 0, 'pending', 0, 'Yes', '0', '0', '0'),
(68, 20, 117, NULL, '2018-05-26', 250, 250, 'delivered', 0, 'Yes', '0', '0', '0'),
(69, 23, 121, NULL, '2018-05-26', 250, 0, 'pending', 0, 'Yes', '0', '0', '0'),
(70, 16, 112, NULL, '2018-05-26', 200, 400, 'delivered', 0, 'Yes', '0', '0', '0'),
(71, 15, 111, NULL, '2018-05-26', 250, 100, 'partial delivery', 0, 'Yes', '0', '0', '0'),
(72, 14, 110, NULL, '2018-05-26', 200, 0, 'pending', 0, 'Yes', '0', '0', '0');

--
-- Triggers `contracted_po`
--
DROP TRIGGER IF EXISTS `update_del_stat`;
DELIMITER $$
CREATE TRIGGER `update_del_stat` BEFORE UPDATE ON `contracted_po` FOR EACH ROW IF NEW.contractPO_qty = NEW.delivered_qty THEN
	SET NEW.delivery_stat = 'delivered';
END IF
$$
DELIMITER ;

-- --------------------------------------------------------

--
-- Table structure for table `inv_transact`
--

DROP TABLE IF EXISTS `inv_transact`;
CREATE TABLE IF NOT EXISTS `inv_transact` (
  `trans_id` int(11) NOT NULL AUTO_INCREMENT,
  `transact_date` date NOT NULL,
  `company_returnID` int(11) DEFAULT NULL,
  `client_returnID` int(11) DEFAULT NULL,
  `po_supplier` int(11) DEFAULT NULL,
  `po_client` int(11) DEFAULT NULL,
  `sales_inv` int(11) DEFAULT NULL,
  `walkin_return` int(11) DEFAULT NULL,
  `type` varchar(45) NOT NULL DEFAULT 'IN',
  PRIMARY KEY (`trans_id`),
  KEY `inv_trans1_idx` (`company_returnID`),
  KEY `inv_trans2_idx` (`client_returnID`),
  KEY `inv_trans3_idx` (`po_supplier`),
  KEY `inv_trans4_idx` (`po_client`),
  KEY `inv_trans5_idx` (`sales_inv`),
  KEY `inv_trans6_idx` (`walkin_return`)
) ENGINE=InnoDB AUTO_INCREMENT=208 DEFAULT CHARSET=latin1;

--
-- Dumping data for table `inv_transact`
--

INSERT INTO `inv_transact` (`trans_id`, `transact_date`, `company_returnID`, `client_returnID`, `po_supplier`, `po_client`, `sales_inv`, `walkin_return`, `type`) VALUES
(1, '2018-05-02', NULL, NULL, 1, NULL, NULL, NULL, 'IN'),
(2, '2018-05-04', NULL, NULL, 4, NULL, NULL, NULL, 'IN'),
(3, '2018-05-05', NULL, NULL, 4, NULL, NULL, NULL, 'IN'),
(4, '2018-04-03', NULL, NULL, 2, NULL, NULL, NULL, 'IN'),
(5, '2018-04-19', NULL, NULL, 5, NULL, NULL, NULL, 'IN'),
(6, '2018-04-26', NULL, NULL, 6, NULL, NULL, NULL, 'IN'),
(7, '2018-05-24', NULL, NULL, 9, NULL, NULL, NULL, 'IN'),
(8, '2018-04-21', NULL, NULL, 9, NULL, NULL, NULL, 'IN'),
(9, '2018-04-22', NULL, NULL, 9, NULL, NULL, NULL, 'IN'),
(10, '2018-04-23', NULL, NULL, 10, NULL, NULL, NULL, 'IN'),
(11, '2018-04-20', NULL, NULL, 14, NULL, NULL, NULL, 'IN'),
(12, '2018-04-20', NULL, NULL, 7, NULL, NULL, NULL, 'IN'),
(13, '2018-04-14', NULL, NULL, 8, NULL, NULL, NULL, 'IN'),
(14, '2018-04-30', NULL, NULL, 11, NULL, NULL, NULL, 'IN'),
(15, '2018-05-18', NULL, NULL, 12, NULL, NULL, NULL, 'IN'),
(16, '2018-04-30', NULL, NULL, 13, NULL, NULL, NULL, 'IN'),
(17, '2018-04-23', NULL, NULL, 15, NULL, NULL, NULL, 'IN'),
(18, '2018-05-07', NULL, NULL, 16, NULL, NULL, NULL, 'IN'),
(19, '2018-05-14', NULL, NULL, 17, NULL, NULL, NULL, 'IN'),
(20, '2018-05-14', NULL, NULL, 18, NULL, NULL, NULL, 'IN'),
(21, '2018-05-24', NULL, NULL, 19, NULL, NULL, NULL, 'IN'),
(22, '2018-05-23', NULL, NULL, 20, NULL, NULL, NULL, 'IN'),
(23, '2018-05-24', NULL, NULL, 21, NULL, NULL, NULL, 'IN'),
(24, '2018-05-24', NULL, NULL, 22, NULL, NULL, NULL, 'IN'),
(25, '2018-05-23', NULL, NULL, 22, NULL, NULL, NULL, 'IN'),
(26, '2018-05-23', NULL, NULL, 23, NULL, NULL, NULL, 'IN'),
(27, '2018-05-10', NULL, NULL, 24, NULL, NULL, NULL, 'IN'),
(28, '2018-05-24', NULL, NULL, 25, NULL, NULL, NULL, 'IN'),
(29, '2018-05-24', NULL, NULL, 26, NULL, NULL, NULL, 'IN'),
(30, '2018-05-24', NULL, NULL, 27, NULL, NULL, NULL, 'IN'),
(31, '2018-05-24', NULL, NULL, 28, NULL, NULL, NULL, 'IN'),
(32, '2018-05-23', NULL, NULL, 29, NULL, NULL, NULL, 'IN'),
(33, '2018-05-24', NULL, NULL, 31, NULL, NULL, NULL, 'IN'),
(34, '2018-05-13', NULL, NULL, 30, NULL, NULL, NULL, 'IN'),
(35, '2018-05-24', NULL, NULL, 32, NULL, NULL, NULL, 'IN'),
(36, '2018-05-11', NULL, NULL, 33, NULL, NULL, NULL, 'IN'),
(37, '2018-05-16', NULL, NULL, 33, NULL, NULL, NULL, 'IN'),
(38, '2018-05-25', NULL, NULL, NULL, NULL, 14, NULL, 'OUT'),
(39, '2018-05-25', NULL, NULL, NULL, NULL, 15, NULL, 'OUT'),
(40, '2018-05-25', NULL, NULL, NULL, NULL, 16, NULL, 'OUT'),
(41, '2018-05-25', NULL, NULL, NULL, NULL, 17, NULL, 'OUT'),
(42, '2018-05-25', NULL, NULL, NULL, NULL, 18, NULL, 'OUT'),
(43, '2018-05-24', NULL, NULL, NULL, NULL, 19, NULL, 'OUT'),
(44, '2018-05-25', NULL, NULL, 35, NULL, NULL, NULL, 'IN'),
(45, '2018-05-18', NULL, NULL, 36, NULL, NULL, NULL, 'IN'),
(46, '2018-05-25', NULL, NULL, NULL, NULL, NULL, 6, 'IN'),
(47, '2018-05-25', NULL, NULL, NULL, NULL, 20, NULL, 'OUT'),
(48, '2018-05-20', NULL, NULL, 42, NULL, NULL, NULL, 'IN'),
(49, '2018-05-25', NULL, NULL, 41, NULL, NULL, NULL, 'IN'),
(50, '2018-05-25', NULL, NULL, NULL, NULL, 21, NULL, 'OUT'),
(51, '2018-05-25', NULL, NULL, 38, NULL, NULL, NULL, 'IN'),
(52, '2018-05-15', NULL, NULL, 44, NULL, NULL, NULL, 'IN'),
(53, '2018-05-17', NULL, NULL, 34, NULL, NULL, NULL, 'IN'),
(54, '2018-05-25', NULL, NULL, 37, NULL, NULL, NULL, 'IN'),
(55, '2018-05-19', NULL, NULL, 39, NULL, NULL, NULL, 'IN'),
(56, '2018-05-25', NULL, NULL, NULL, NULL, NULL, 21, 'IN'),
(58, '2018-05-11', NULL, NULL, 43, NULL, NULL, NULL, 'IN'),
(59, '2018-05-22', NULL, NULL, 45, NULL, NULL, NULL, 'IN'),
(60, '2018-04-25', NULL, NULL, NULL, NULL, 22, NULL, 'OUT'),
(61, '2018-05-25', NULL, NULL, NULL, NULL, 23, NULL, 'OUT'),
(62, '2018-05-25', NULL, NULL, NULL, NULL, 24, NULL, 'OUT'),
(63, '2018-04-19', NULL, NULL, NULL, NULL, 25, NULL, 'OUT'),
(64, '2018-04-19', NULL, NULL, NULL, NULL, 26, NULL, 'OUT'),
(65, '2018-05-25', NULL, NULL, NULL, NULL, 27, NULL, 'OUT'),
(66, '2018-05-24', NULL, NULL, 46, NULL, NULL, NULL, 'IN'),
(67, '2018-05-04', NULL, NULL, 47, NULL, NULL, NULL, 'IN'),
(68, '2018-05-12', NULL, NULL, 48, NULL, NULL, NULL, 'IN'),
(69, '2018-05-11', NULL, NULL, 49, NULL, NULL, NULL, 'IN'),
(70, '2018-05-14', NULL, NULL, 48, NULL, NULL, NULL, 'IN'),
(71, '2018-05-15', NULL, NULL, 50, NULL, NULL, NULL, 'IN'),
(72, '2018-05-16', NULL, NULL, 51, NULL, NULL, NULL, 'IN'),
(73, '2018-05-17', NULL, NULL, 52, NULL, NULL, NULL, 'IN'),
(74, '2018-05-17', NULL, NULL, 54, NULL, NULL, NULL, 'IN'),
(75, '2018-05-18', NULL, NULL, 53, NULL, NULL, NULL, 'IN'),
(76, '2018-05-25', NULL, NULL, NULL, 2, NULL, NULL, 'OUT'),
(77, '2018-05-25', NULL, NULL, NULL, 3, NULL, NULL, 'OUT'),
(78, '2018-05-25', NULL, NULL, NULL, 4, NULL, NULL, 'OUT'),
(79, '2018-05-25', NULL, NULL, NULL, 6, NULL, NULL, 'OUT'),
(80, '2018-05-25', NULL, NULL, NULL, 7, NULL, NULL, 'OUT'),
(81, '2018-05-25', NULL, NULL, NULL, 9, NULL, NULL, 'OUT'),
(82, '2018-05-25', NULL, NULL, NULL, 12, NULL, NULL, 'OUT'),
(83, '2018-05-25', NULL, NULL, NULL, 14, NULL, NULL, 'OUT'),
(84, '2018-05-25', NULL, NULL, NULL, 29, NULL, NULL, 'OUT'),
(85, '2018-05-25', NULL, NULL, NULL, 27, NULL, NULL, 'OUT'),
(86, '2018-05-25', NULL, NULL, NULL, 32, NULL, NULL, 'OUT'),
(87, '2018-04-02', NULL, NULL, NULL, 34, NULL, NULL, 'OUT'),
(88, '2018-04-04', NULL, NULL, NULL, 36, NULL, NULL, 'OUT'),
(89, '2018-05-25', NULL, NULL, NULL, 5, NULL, NULL, 'OUT'),
(90, '2018-05-25', NULL, NULL, NULL, 17, NULL, NULL, 'OUT'),
(91, '2018-04-28', NULL, NULL, NULL, 49, NULL, NULL, 'OUT'),
(92, '2018-04-18', NULL, NULL, NULL, 42, NULL, NULL, 'OUT'),
(93, '2018-04-20', NULL, NULL, NULL, 47, NULL, NULL, 'OUT'),
(94, '2018-05-25', NULL, NULL, NULL, 16, NULL, NULL, 'OUT'),
(95, '2018-05-25', NULL, NULL, NULL, 11, NULL, NULL, 'OUT'),
(96, '2018-05-25', NULL, NULL, NULL, 15, NULL, NULL, 'OUT'),
(97, '2018-05-25', NULL, NULL, NULL, 28, NULL, NULL, 'OUT'),
(98, '2018-05-25', NULL, NULL, NULL, 19, NULL, NULL, 'OUT'),
(99, '2018-05-04', NULL, NULL, 57, NULL, NULL, NULL, 'IN'),
(100, '2018-05-05', NULL, NULL, 55, NULL, NULL, NULL, 'IN'),
(101, '2018-05-05', NULL, NULL, 56, NULL, NULL, NULL, 'IN'),
(102, '2018-05-12', NULL, NULL, 58, NULL, NULL, NULL, 'IN'),
(103, '2018-05-12', NULL, NULL, 58, NULL, NULL, NULL, 'IN'),
(104, '2018-05-25', NULL, NULL, NULL, NULL, NULL, NULL, 'IN'),
(105, '2018-03-07', NULL, NULL, 59, NULL, NULL, NULL, 'IN'),
(106, '2018-05-10', NULL, NULL, 60, NULL, NULL, NULL, 'IN'),
(107, '2018-04-14', NULL, NULL, 61, NULL, NULL, NULL, 'IN'),
(108, '2018-05-22', NULL, NULL, 62, NULL, NULL, NULL, 'IN'),
(109, '2018-05-25', NULL, NULL, NULL, NULL, NULL, 13, 'IN'),
(110, '2018-05-25', NULL, NULL, NULL, NULL, NULL, 13, 'IN'),
(111, '2018-05-14', NULL, NULL, 64, NULL, NULL, NULL, 'IN'),
(112, '2018-05-04', NULL, NULL, 63, NULL, NULL, NULL, 'IN'),
(113, '2018-05-11', NULL, NULL, 63, NULL, NULL, NULL, 'IN'),
(114, '2018-05-25', NULL, NULL, NULL, 8, NULL, NULL, 'OUT'),
(115, '2018-05-25', NULL, NULL, NULL, 10, NULL, NULL, 'OUT'),
(116, '2018-05-25', NULL, NULL, NULL, 13, NULL, NULL, 'OUT'),
(117, '2018-05-25', NULL, NULL, NULL, 18, NULL, NULL, 'OUT'),
(118, '2018-05-25', NULL, NULL, NULL, 20, NULL, NULL, 'OUT'),
(119, '2018-05-25', NULL, NULL, NULL, 21, NULL, NULL, 'OUT'),
(120, '2018-05-25', NULL, NULL, NULL, 22, NULL, NULL, 'OUT'),
(121, '2018-05-25', NULL, NULL, NULL, 23, NULL, NULL, 'OUT'),
(122, '2018-05-25', NULL, NULL, NULL, 24, NULL, NULL, 'OUT'),
(123, '2018-05-25', NULL, NULL, NULL, 25, NULL, NULL, 'OUT'),
(124, '2018-05-25', NULL, NULL, NULL, 26, NULL, NULL, 'OUT'),
(125, '2018-05-25', NULL, NULL, NULL, 30, NULL, NULL, 'OUT'),
(126, '2018-05-25', NULL, NULL, NULL, 31, NULL, NULL, 'OUT'),
(127, '2018-05-25', NULL, NULL, NULL, 33, NULL, NULL, 'OUT'),
(128, '2018-05-07', NULL, NULL, NULL, 37, NULL, NULL, 'OUT'),
(129, '2018-04-04', NULL, NULL, NULL, 35, NULL, NULL, 'OUT'),
(130, '2018-04-17', NULL, NULL, NULL, 38, NULL, NULL, 'OUT'),
(131, '2018-04-23', NULL, NULL, NULL, 41, NULL, NULL, 'OUT'),
(132, '2018-04-13', NULL, NULL, NULL, 40, NULL, NULL, 'OUT'),
(133, '2018-05-22', NULL, NULL, 65, NULL, NULL, NULL, 'IN'),
(134, '2018-05-25', NULL, NULL, 66, NULL, NULL, NULL, 'IN'),
(135, '2018-05-22', NULL, NULL, 67, NULL, NULL, NULL, 'IN'),
(136, '2018-05-25', NULL, NULL, 68, NULL, NULL, NULL, 'IN'),
(137, '2018-05-25', NULL, NULL, 69, NULL, NULL, NULL, 'IN'),
(138, '2018-05-26', NULL, NULL, NULL, NULL, NULL, NULL, 'IN'),
(139, '2018-05-26', NULL, NULL, NULL, NULL, NULL, NULL, 'IN'),
(140, '2018-05-26', NULL, NULL, NULL, NULL, 0, NULL, 'OUT'),
(141, '2018-05-26', NULL, NULL, NULL, NULL, 0, NULL, 'OUT'),
(142, '2018-05-26', NULL, NULL, NULL, NULL, 0, NULL, 'OUT'),
(143, '2018-05-26', NULL, NULL, NULL, NULL, 0, NULL, 'OUT'),
(144, '2018-05-26', NULL, NULL, NULL, NULL, 0, NULL, 'OUT'),
(145, '2018-05-26', NULL, NULL, NULL, NULL, 0, NULL, 'OUT'),
(146, '2018-04-05', NULL, NULL, NULL, 39, NULL, NULL, 'OUT'),
(147, '2018-04-18', NULL, NULL, NULL, 43, NULL, NULL, 'OUT'),
(148, '2018-04-14', NULL, NULL, NULL, 46, NULL, NULL, 'OUT'),
(149, '2018-04-16', NULL, NULL, NULL, 44, NULL, NULL, 'OUT'),
(150, '2018-04-25', NULL, NULL, NULL, 48, NULL, NULL, 'OUT'),
(151, '2018-04-15', NULL, NULL, NULL, 45, NULL, NULL, 'OUT'),
(152, '2018-05-26', NULL, NULL, NULL, 50, NULL, NULL, 'OUT'),
(153, '2018-05-26', NULL, NULL, NULL, 50, NULL, NULL, 'OUT'),
(154, '2018-05-26', NULL, NULL, NULL, 50, NULL, NULL, 'OUT'),
(155, '2018-05-26', NULL, NULL, NULL, 56, NULL, NULL, 'OUT'),
(156, '2018-05-26', NULL, NULL, NULL, 56, NULL, NULL, 'OUT'),
(157, '2018-05-26', NULL, NULL, NULL, 56, NULL, NULL, 'OUT'),
(158, '2018-05-26', NULL, NULL, NULL, 56, NULL, NULL, 'OUT'),
(159, '2018-05-26', NULL, NULL, NULL, 56, NULL, NULL, 'OUT'),
(160, '2018-05-26', NULL, NULL, NULL, 51, NULL, NULL, 'OUT'),
(161, '2018-05-26', NULL, NULL, NULL, 52, NULL, NULL, 'OUT'),
(162, '2018-05-26', NULL, NULL, NULL, 53, NULL, NULL, 'OUT'),
(163, '2018-05-26', NULL, NULL, NULL, 62, NULL, NULL, 'OUT'),
(164, '2018-05-26', NULL, NULL, NULL, 62, NULL, NULL, 'OUT'),
(165, '2018-05-26', NULL, NULL, NULL, 54, NULL, NULL, 'OUT'),
(166, '2018-05-26', NULL, NULL, NULL, 55, NULL, NULL, 'OUT'),
(167, '2018-05-26', NULL, NULL, NULL, 57, NULL, NULL, 'OUT'),
(168, '2018-05-26', NULL, NULL, NULL, 58, NULL, NULL, 'OUT'),
(169, '2018-05-26', NULL, NULL, NULL, 60, NULL, NULL, 'OUT'),
(170, '2018-05-26', NULL, NULL, NULL, 61, NULL, NULL, 'OUT'),
(171, '2018-05-26', NULL, NULL, NULL, 59, NULL, NULL, 'OUT'),
(172, '2018-05-26', NULL, NULL, NULL, 64, NULL, NULL, 'OUT'),
(173, '2018-05-26', NULL, NULL, NULL, 63, NULL, NULL, 'OUT'),
(174, '2018-05-26', NULL, NULL, NULL, 72, NULL, NULL, 'OUT'),
(175, '2018-05-26', NULL, NULL, NULL, 65, NULL, NULL, 'OUT'),
(176, '2018-05-26', NULL, NULL, NULL, 70, NULL, NULL, 'OUT'),
(177, '2018-05-26', NULL, NULL, NULL, NULL, NULL, NULL, 'IN'),
(178, '2018-04-05', NULL, NULL, 70, NULL, NULL, NULL, 'IN'),
(179, '2018-04-09', NULL, NULL, 71, NULL, NULL, NULL, 'IN'),
(180, '2018-05-03', NULL, NULL, 72, NULL, NULL, NULL, 'IN'),
(181, '2018-04-05', NULL, NULL, 70, NULL, NULL, NULL, 'IN'),
(182, '2018-05-04', NULL, NULL, 72, NULL, NULL, NULL, 'IN'),
(183, '2018-05-26', NULL, NULL, NULL, NULL, NULL, 14, 'IN'),
(184, '2018-01-15', NULL, NULL, 73, NULL, NULL, NULL, 'IN'),
(185, '2018-01-15', NULL, NULL, 74, NULL, NULL, NULL, 'IN'),
(186, '2018-01-15', NULL, NULL, 75, NULL, NULL, NULL, 'IN'),
(187, '2018-05-26', NULL, NULL, NULL, 68, NULL, NULL, 'OUT'),
(188, '2018-01-16', NULL, NULL, 76, NULL, NULL, NULL, 'IN'),
(189, '2018-01-16', NULL, NULL, 77, NULL, NULL, NULL, 'IN'),
(190, '2018-03-15', NULL, NULL, 78, NULL, NULL, NULL, 'IN'),
(191, '2018-01-20', NULL, NULL, 79, NULL, NULL, NULL, 'IN'),
(192, '2018-05-26', NULL, NULL, NULL, 66, NULL, NULL, 'OUT'),
(193, '2018-05-26', NULL, NULL, NULL, 67, NULL, NULL, 'OUT'),
(194, '2018-05-26', NULL, NULL, NULL, 69, NULL, NULL, 'OUT'),
(195, '2018-05-26', NULL, NULL, NULL, 71, NULL, NULL, 'OUT'),
(196, '2018-05-26', NULL, NULL, NULL, NULL, NULL, NULL, 'IN'),
(197, '2018-05-26', NULL, NULL, NULL, NULL, NULL, NULL, 'IN'),
(198, '2018-02-20', NULL, NULL, 80, NULL, NULL, NULL, 'IN'),
(199, '2018-02-05', NULL, NULL, 81, NULL, NULL, NULL, 'IN'),
(200, '2018-05-26', NULL, NULL, NULL, NULL, NULL, 6, 'IN'),
(201, '2018-05-26', NULL, NULL, NULL, NULL, NULL, 4, 'IN'),
(202, '2018-05-26', NULL, NULL, NULL, NULL, NULL, 19, 'IN'),
(203, '2018-05-26', NULL, NULL, NULL, NULL, 0, NULL, 'OUT'),
(204, '2018-05-26', NULL, NULL, NULL, NULL, 0, NULL, 'OUT'),
(205, '2018-05-26', NULL, NULL, NULL, NULL, 0, NULL, 'OUT'),
(206, '2018-05-26', NULL, NULL, NULL, NULL, 0, NULL, 'OUT'),
(207, '2018-05-26', NULL, NULL, NULL, NULL, 0, NULL, 'OUT');

-- --------------------------------------------------------

--
-- Table structure for table `machine`
--

DROP TABLE IF EXISTS `machine`;
CREATE TABLE IF NOT EXISTS `machine` (
  `mach_id` int(11) NOT NULL AUTO_INCREMENT,
  `brewer` varchar(50) NOT NULL,
  `brewer_type` varchar(50) NOT NULL,
  `mach_reorder` int(11) NOT NULL,
  `mach_stocks` int(11) NOT NULL,
  `mach_physcount` int(11) NOT NULL DEFAULT '0',
  `mach_remarks` varchar(45) DEFAULT NULL,
  `mach_discrepancy` int(11) NOT NULL DEFAULT '0',
  `inventory_date` date DEFAULT NULL,
  `unitPrice` decimal(11,0) DEFAULT NULL,
  `sup_id` varchar(11) NOT NULL,
  `mach_activation` int(11) NOT NULL DEFAULT '1',
  `category` varchar(45) DEFAULT '4',
  PRIMARY KEY (`mach_id`)
) ENGINE=InnoDB AUTO_INCREMENT=11 DEFAULT CHARSET=latin1;

--
-- Dumping data for table `machine`
--

INSERT INTO `machine` (`mach_id`, `brewer`, `brewer_type`, `mach_reorder`, `mach_stocks`, `mach_physcount`, `mach_remarks`, `mach_discrepancy`, `inventory_date`, `unitPrice`, `sup_id`, `mach_activation`, `category`) VALUES
(1, 'Saeco', 'Double Cup Espresso', 10, 17, 0, '', 0, '2018-05-25', '2800', '12', 1, '4'),
(2, 'Grato', 'Double Cup Espresso', 10, 10, 13, '', 0, '2018-05-25', '2800', '8', 1, '4'),
(3, 'Colet', 'Triple Cup Espresso', 10, 24, 13, '', 0, '2018-05-25', '3500', '12', 1, '4'),
(4, 'Lirika', 'Single Cup Espresso', 10, 15, 0, '', 0, '2018-05-25', '1900', '12', 1, '4'),
(5, 'Tempo', 'Double Cup Espresso', 10, 18, 21, '', 0, '2018-05-25', '2500', '13', 1, '4'),
(6, 'Piccolina', 'Triple Cup Espresso', 10, 15, 0, '', 0, '2018-05-25', '3400', '13', 1, '4'),
(7, 'Bunn', 'Single Cup Espresso', 10, 14, 9, '', 0, '2018-05-25', '1700', '8', 1, '4'),
(8, 'Percolator', 'Double Cup Espresso', 10, 16, 25, '', 0, '2018-05-25', '2100', '11', 1, '4'),
(9, 'Bravilor', 'Double Cup Espresso', 10, 10, 12, '', 0, '2018-05-25', '2700', '8', 1, '4'),
(10, 'AVR', 'Triple Cup Espresso', 10, 12, 14, '', 0, '2018-05-25', '3750', '11', 1, '4');

-- --------------------------------------------------------

--
-- Table structure for table `machine_out`
--

DROP TABLE IF EXISTS `machine_out`;
CREATE TABLE IF NOT EXISTS `machine_out` (
  `mach_salesID` int(11) NOT NULL AUTO_INCREMENT,
  `mach_id` int(11) NOT NULL,
  `mach_serial` varchar(60) NOT NULL,
  `date` date NOT NULL,
  `mach_qty` int(11) NOT NULL,
  `client_id` int(11) NOT NULL,
  `remarks` varchar(60) NOT NULL DEFAULT 'Received',
  `status` varchar(60) NOT NULL,
  `mach_stat` varchar(45) NOT NULL DEFAULT '0',
  PRIMARY KEY (`mach_salesID`)
) ENGINE=InnoDB AUTO_INCREMENT=100 DEFAULT CHARSET=latin1;

--
-- Dumping data for table `machine_out`
--

INSERT INTO `machine_out` (`mach_salesID`, `mach_id`, `mach_serial`, `date`, `mach_qty`, `client_id`, `remarks`, `status`, `mach_stat`) VALUES
(1, 0, '0', '2016-03-20', 0, 1, 'Received', 'rented', '0'),
(2, 5, 'SN123', '2018-05-24', 3, 46, 'Received', 'rented', '1'),
(3, 5, 'SN597', '2018-04-11', 3, 10, 'Received', 'rented', '1'),
(4, 0, '0', '2018-05-10', 0, 18, 'Received', 'rented', '0'),
(5, 8, 'SN578', '0000-00-00', 11, 33, 'Received', 'rented', '1'),
(6, 1, 'SN001', '2018-02-06', 6, 19, 'Returned', 'rented', '1'),
(7, 0, '0', '2017-07-21', 0, 12, 'Received', 'rented', '0'),
(8, 7, 'SN578', '2017-11-15', 4, 13, 'Received', 'rented', '1'),
(9, 0, '0', '2018-05-17', 0, 36, 'Received', 'rented', '0'),
(10, 6, 'SN568', '2016-12-08', 2, 17, 'Received', 'rented', '1'),
(11, 6, 'SN548', '2017-12-07', 2, 8, 'Received', 'rented', '1'),
(12, 0, '0', '2018-05-24', 0, 11, 'Received', 'rented', '0'),
(13, 5, 'SN100', '2018-05-03', 3, 14, 'Received', 'rented', '1'),
(14, 6, 'SN200', '2018-03-07', 1, 15, 'Received', 'rented', '1'),
(15, 0, '0', '2018-01-18', 0, 16, 'Received', 'rented', '0'),
(16, 0, '0', '2018-02-07', 0, 47, 'Received', 'rented', '0'),
(17, 0, '0', '2018-05-17', 0, 6, 'Received', 'rented', '0'),
(18, 8, 'SN300', '0000-00-00', 10, 5, 'Received', 'rented', '1'),
(19, 6, 'SN500', '2018-03-22', 1, 7, 'Received', 'rented', '1'),
(20, 4, 'SN6523', '2018-05-24', 4, 3, 'Received', 'sold', '1'),
(21, 4, 'SN9501', '2018-05-22', 3, 6, 'Received', 'sold', '1'),
(22, 5, 'SN9831', '2018-05-24', 2, 3, 'Received', 'sold', '1'),
(23, 7, 'SN9844', '2018-01-18', 2, 1, 'Received', 'sold', '1'),
(24, 2, 'SN9562', '2018-05-24', 5, 1, 'Returned', 'sold', '1'),
(25, 3, 'SN789', '2018-01-11', 6, 45, 'Received', 'rented', '1'),
(26, 10, 'SN678', '2018-01-05', 3, 44, 'Received', 'rented', '1'),
(27, 9, 'SN680', '0000-00-00', 3, 43, 'Received', 'rented', '1'),
(28, 9, 'SN630', '0000-00-00', 3, 42, 'Received', 'rented', '1'),
(29, 1, 'sn120', '2018-03-24', 5, 41, 'Received', 'rented', '1'),
(30, 0, '0', '2018-04-20', 0, 40, 'Received', 'rented', '0'),
(31, 9, 'SN894', '2018-05-17', 3, 4, 'Received', 'rented', '1'),
(32, 0, '0', '2018-04-30', 0, 39, 'Received', 'rented', '0'),
(33, 0, '0', '2018-05-17', 0, 37, 'Received', 'rented', '0'),
(34, 2, 'SN561', '0000-00-00', 5, 35, 'Received', 'rented', '1'),
(35, 8, 'SN630', '0000-00-00', 10, 34, 'Received', 'rented', '1'),
(36, 0, '0', '2016-05-28', 0, 1, 'Received', 'rented', '0'),
(38, 0, '0', '2018-02-08', 0, 12, 'Received', 'rented', '0'),
(40, 0, '0', '2018-02-07', 0, 11, 'Received', 'rented', '0'),
(41, 0, '0', '2018-04-12', 0, 16, 'Received', 'rented', '0'),
(42, 0, '0', '2018-04-06', 0, 18, 'Received', 'rented', '0'),
(43, 0, '0', '2017-10-09', 0, 2, 'Received', 'rented', '0'),
(46, 4, 'SN9006', '2018-05-25', 1, 4, 'Received', 'sold', '0'),
(47, 4, 'SN9048', '2018-04-17', 1, 4, 'Received', 'sold', '0'),
(48, 0, '0', '2017-05-03', 0, 20, 'Received', 'rented', '0'),
(49, 0, '0', '2017-09-07', 0, 22, 'Received', 'rented', '0'),
(50, 0, '0', '2017-11-16', 0, 27, 'Received', 'rented', '0'),
(51, 0, '0', '2017-08-09', 0, 29, 'Received', 'rented', '0'),
(52, 0, '0', '2017-09-23', 0, 37, 'Received', 'rented', '0'),
(53, 0, '0', '2017-03-03', 0, 30, 'Received', 'rented', '0'),
(54, 0, '0', '2017-06-01', 0, 38, 'Received', 'rented', '0'),
(55, 0, '0', '2017-02-05', 0, 32, 'Received', 'rented', '0'),
(56, 0, '0', '2016-06-01', 0, 39, 'Received', 'rented', '0'),
(57, 0, '0', '2017-10-05', 0, 36, 'Received', 'rented', '0'),
(58, 0, '0', '2017-06-08', 0, 47, 'Received', 'rented', '0'),
(59, 0, '0', '2016-06-23', 0, 40, 'Received', 'rented', '0'),
(60, 0, '0', '2017-09-01', 0, 6, 'Received', 'rented', '0'),
(61, 0, '0', '2016-07-09', 0, 9, 'Received', 'rented', '0'),
(65, 10, 'SN111', '2017-11-09', 3, 50, 'Received', 'rented', '0'),
(68, 2, 'SN333', '2018-01-31', 5, 48, 'Received', 'rented', '0'),
(69, 7, 'SN594', '2017-08-23', 1, 49, 'Received', 'rented', '0'),
(73, 8, 'SN120', '0000-00-00', 10, 21, 'Received', 'rented', '0'),
(75, 3, 'SN130', '2016-09-01', 6, 23, 'Received', 'rented', '0'),
(76, 2, 'SN140', '2016-12-14', 5, 24, 'Received', 'rented', '0'),
(78, 9, 'SN800', '2017-10-19', 4, 28, 'Received', 'rented', '0'),
(79, 6, 'SN100', '2017-06-07', 2, 3, 'Received', 'rented', '0'),
(80, 4, 'SN200', '2017-01-05', 2, 31, 'Received', 'rented', '0'),
(86, 9, 'SN900', '2017-10-20', 3, 26, 'Received', 'rented', '0'),
(87, 7, 'SN709', '2017-07-20', 2, 25, 'Received', 'rented', '0'),
(88, 8, 'SN5123', '2018-05-26', 4, 4, 'Received', 'sold', '0'),
(89, 8, 'SN5124', '2018-05-26', 4, 6, 'Received', 'sold', '0'),
(90, 8, 'SN5128', '2018-05-26', 5, 9, 'Received', 'sold', '0'),
(91, 1, 'SN5300', '2018-05-26', 4, 14, 'Received', 'sold', '0'),
(92, 2, 'SN5301', '2018-05-26', 4, 8, 'Received', 'sold', '0'),
(93, 3, 'SN5306', '2018-05-26', 4, 9, 'Received', 'sold', '0'),
(94, 1, 'SN5441', '2018-05-26', 3, 26, 'Received', 'sold', '0'),
(95, 2, 'SN5442', '2018-05-26', 3, 28, 'Received', 'sold', '0'),
(96, 3, 'SN5443', '2018-05-26', 3, 35, 'Received', 'sold', '0'),
(97, 8, 'SN5210', '2018-05-26', 2, 4, 'Received', 'sold', '0'),
(98, 9, 'SN5211', '2018-05-26', 2, 7, 'Received', 'sold', '0'),
(99, 10, 'SN5212', '2018-05-26', 2, 14, 'Received', 'sold', '0');

-- --------------------------------------------------------

--
-- Table structure for table `packaging`
--

DROP TABLE IF EXISTS `packaging`;
CREATE TABLE IF NOT EXISTS `packaging` (
  `package_id` int(11) NOT NULL AUTO_INCREMENT,
  `package_type` varchar(20) NOT NULL,
  `package_size` varchar(20) NOT NULL,
  `package_reorder` int(11) NOT NULL,
  `package_stock` int(11) NOT NULL,
  `package_physcount` int(11) NOT NULL DEFAULT '0',
  `package_remarks` varchar(45) DEFAULT NULL,
  `package_discrepancy` int(11) NOT NULL DEFAULT '0',
  `inventory_date` date DEFAULT NULL,
  `unitPrice` decimal(11,0) NOT NULL,
  `sup_id` int(11) NOT NULL,
  `pack_activation` int(11) NOT NULL DEFAULT '1',
  `category` varchar(45) DEFAULT '2',
  PRIMARY KEY (`package_id`)
) ENGINE=InnoDB AUTO_INCREMENT=7 DEFAULT CHARSET=latin1;

--
-- Dumping data for table `packaging`
--

INSERT INTO `packaging` (`package_id`, `package_type`, `package_size`, `package_reorder`, `package_stock`, `package_physcount`, `package_remarks`, `package_discrepancy`, `inventory_date`, `unitPrice`, `sup_id`, `pack_activation`, `category`) VALUES
(1, 'clear bag', '250', 1000, 1448, 1979, '', 0, '2018-05-25', '2', 9, 1, '2'),
(2, 'clear bag', '500', 1000, 1830, 1996, '', 0, '2018-05-25', '4', 12, 1, '2'),
(3, 'clear bag', '1000', 1000, 2399, 0, '', 0, '2018-05-25', '6', 3, 1, '2'),
(4, 'brown bag', '250', 1000, 1736, 0, '', 0, '2018-05-25', '3', 9, 1, '2'),
(5, 'brown bag', '500', 1000, 1345, 0, '', 0, '2018-05-25', '5', 5, 1, '2'),
(6, 'brown bag', '1000', 1000, 2796, 2000, '', 0, '2018-05-25', '7', 6, 1, '2');

-- --------------------------------------------------------

--
-- Table structure for table `payment_contracted`
--

DROP TABLE IF EXISTS `payment_contracted`;
CREATE TABLE IF NOT EXISTS `payment_contracted` (
  `paid_id` int(11) NOT NULL AUTO_INCREMENT,
  `client_deliveryID` int(11) NOT NULL,
  `collection_no` varchar(20) NOT NULL,
  `payment_mode` varchar(20) NOT NULL,
  `paid_date` date NOT NULL,
  `paid_amount` int(11) NOT NULL,
  `withheld` int(11) NOT NULL,
  `remarks` varchar(20) NOT NULL,
  PRIMARY KEY (`paid_id`)
) ENGINE=InnoDB AUTO_INCREMENT=76 DEFAULT CHARSET=latin1;

--
-- Dumping data for table `payment_contracted`
--

INSERT INTO `payment_contracted` (`paid_id`, `client_deliveryID`, `collection_no`, `payment_mode`, `paid_date`, `paid_amount`, `withheld`, `remarks`) VALUES
(1, 1, 'cr256', 'Cash on Delivery', '2018-05-25', 80000, 0, ''),
(2, 10, 'CR632', 'Cash on Delivery', '2018-05-26', 31000, 0, ''),
(3, 4, 'CR009', 'Cash on Delivery', '2018-05-26', 87000, 0, ''),
(4, 7, 'CR230', 'Cash on Delivery', '2018-05-26', 14000, 0, ''),
(5, 3, 'CR150', 'Cash on Delivery', '2018-05-26', 75000, 0, ''),
(6, 19, 'CR966', 'Cash on Delivery', '2018-05-26', 96000, 0, ''),
(7, 14, 'CR846', 'Cash on Delivery', '2018-04-18', 75000, 0, ''),
(8, 20, 'CR956', 'Cash on Delivery', '2018-04-23', 63000, 0, ''),
(9, 2, 'CR831', 'Bank deposit', '2018-05-26', 53000, 3000, 'withheld'),
(10, 5, 'CR856', 'Cash on Delivery', '2018-05-26', 28000, 1000, 'withheld'),
(11, 22, 'CR652', 'Cash on Delivery', '2018-05-26', 84000, 0, ''),
(12, 8, 'CR662', 'Cash on Delivery', '2018-05-26', 75000, 0, ''),
(13, 6, 'CR541', 'Bank deposit', '2018-05-26', 56000, 2000, 'withheld'),
(14, 12, 'CR002', 'Cash on Delivery', '2018-05-26', 114000, 0, ''),
(15, 23, 'CR950', 'Cash on Delivery', '2018-05-26', 75000, 0, ''),
(16, 9, 'CR006', 'Cheque', '2018-05-26', 46000, 500, 'withheld'),
(17, 21, 'CR323', 'Bank deposit', '2018-05-26', 95750, 250, 'withheld'),
(18, 16, 'CR623', 'Bank deposit', '2018-05-26', 102250, 250, 'withheld'),
(19, 11, 'CR124', 'Bank deposit', '2018-05-26', 90000, 0, ''),
(20, 13, 'CR232', 'Cheque', '2018-05-26', 71500, 500, ''),
(21, 15, 'CR234', 'Cash on Delivery', '2018-05-26', 102500, 0, ''),
(22, 17, 'CR231', 'Cheque', '2018-05-26', 114000, 0, ''),
(23, 18, 'CR023', 'Cheque', '2018-05-26', 50250, 250, 'withheld'),
(24, 24, 'CR251', 'Bank deposit', '2018-05-26', 75000, 0, ''),
(25, 28, 'CR121', 'Cash on Delivery', '2018-05-26', 122500, 0, ''),
(26, 26, 'CR252', 'Cheque', '2018-05-26', 70900, 100, 'withheld'),
(27, 25, 'CR144', 'Cash on Delivery', '2018-05-26', 87500, 0, ''),
(28, 26, 'CR235', 'Cheque', '2018-05-26', 8900, 100, 'withheld'),
(29, 27, 'CR233', 'Bank deposit', '2018-05-26', 87000, 0, ''),
(30, 29, 'CR466', 'Cash on Delivery', '2018-05-26', 86900, 100, ''),
(31, 30, 'CR652', 'Cash on Delivery', '2018-05-26', 122500, 0, ''),
(32, 18, 'CR211', 'Cash on Delivery', '2018-05-26', 19400, 100, ''),
(33, 31, 'CR454', 'Bank deposit', '2018-05-26', 80000, 0, ''),
(34, 32, 'CR244', 'Bank deposit', '2018-05-26', 6950, 250, ''),
(35, 32, 'CR222', 'Cash on Delivery', '2018-05-26', 62800, 0, ''),
(36, 33, 'CR032', 'Bank deposit', '2018-05-26', 49000, 1000, 'withheld'),
(37, 35, 'CR133', 'Bank deposit', '2018-05-26', 86500, 500, ''),
(38, 34, 'CR230', 'Cheque', '2018-05-26', 75000, 0, ''),
(39, 36, 'CR633', 'Bank deposit', '2018-05-26', 77500, 0, ''),
(40, 37, 'CR250', 'Cheque', '2018-05-26', 80000, 0, ''),
(41, 38, 'CR456', 'Bank deposit', '2018-05-26', 79500, 500, 'withheld'),
(42, 39, 'CR956', 'Cash on Delivery', '2018-05-26', 74500, 500, 'withheld'),
(43, 41, 'CR627', 'Cash on Delivery', '2018-05-26', 72000, 500, 'withheld'),
(44, 47, 'CR923', 'Bank deposit', '2018-05-26', 14500, 0, ''),
(45, 49, 'CR413', 'Cash on Delivery', '2018-05-26', 57600, 0, ''),
(46, 50, 'CR255', 'Cash on Delivery', '2018-05-26', 22400, 0, ''),
(47, 40, 'CR243', 'Cheque', '2018-05-26', 69000, 0, 'withheld'),
(48, 40, 'CR263', 'Cash on Delivery', '2018-05-26', 1000, 0, ''),
(49, 46, 'CR238', 'Bank deposit', '2018-05-26', 37500, 0, ''),
(50, 48, 'CR622', 'Cheque', '2018-05-26', 12000, 500, 'withheld'),
(51, 45, 'CR368', 'Cash on Delivery', '2018-05-26', 96000, 0, ''),
(52, 44, 'CR378', 'Cash on Delivery', '2018-05-26', 69750, 250, 'withheld'),
(53, 43, 'CR856', 'Cash on Delivery', '2018-05-26', 62500, 0, ''),
(54, 42, 'CR886', 'Cash on Delivery', '2018-05-26', 56000, 0, ''),
(55, 54, 'CR634', 'Cash on Delivery', '2018-05-26', 75000, 0, ''),
(56, 52, 'CR465', 'Cash on Delivery', '2018-05-26', 126000, 0, ''),
(57, 53, 'CR630', 'Cheque', '2018-05-26', 6950, 500, 'withheld'),
(58, 53, 'CR898', 'Bank deposit', '2018-05-26', 62550, 0, ''),
(59, 57, 'CR635', 'Cash on Delivery', '2018-05-26', 17000, 500, 'withheld'),
(60, 58, 'CR432', 'Cheque', '2018-05-26', 83900, 100, ''),
(61, 56, 'CR746', 'Cheque', '2018-05-26', 96000, 0, ''),
(62, 55, 'CR857', 'Cash on Delivery', '2018-05-26', 114000, 0, ''),
(63, 60, 'CR745', 'Cash on Delivery', '2018-05-26', 84000, 0, ''),
(64, 59, 'CR742', 'Bank deposit', '2018-05-26', 67500, 500, ''),
(65, 51, 'CR744', 'Cash on Delivery', '2018-05-26', 64000, 0, ''),
(66, 61, 'CR734', 'Cheque', '2018-05-26', 13000, 100, ''),
(67, 61, 'CR631', 'Cash on Delivery', '2018-05-26', 900, 0, ''),
(68, 66, 'CR653', 'Cash on Delivery', '2018-05-26', 72500, 0, ''),
(69, 64, 'CR551', 'Bank deposit', '2018-05-26', 90000, 1000, 'withheld'),
(70, 64, 'CR551', 'Cash on Delivery', '2018-05-26', 4000, 0, ''),
(71, 63, 'CR099', 'Cash on Delivery', '2018-05-26', 32000, 0, ''),
(72, 62, 'CR845', 'Cash on Delivery', '2018-05-26', 40000, 500, 'withheld'),
(73, 62, 'CR005', 'Cheque', '2018-05-26', 1000, 0, ''),
(74, 62, 'CR507', 'Cash on Delivery', '2018-05-26', 500, 0, ''),
(75, 65, 'CR866', 'Bank deposit', '2018-05-26', 41500, 500, '');

-- --------------------------------------------------------

--
-- Table structure for table `payment_supplier`
--

DROP TABLE IF EXISTS `payment_supplier`;
CREATE TABLE IF NOT EXISTS `payment_supplier` (
  `supPayment_id` int(11) NOT NULL AUTO_INCREMENT,
  `supPO_id` int(11) NOT NULL,
  `supPayment_date` date NOT NULL,
  `supPayment_amount` int(11) NOT NULL,
  `sup_balance` int(11) NOT NULL,
  `supPayment_status` varchar(20) NOT NULL,
  PRIMARY KEY (`supPayment_id`)
) ENGINE=InnoDB DEFAULT CHARSET=latin1;

-- --------------------------------------------------------

--
-- Table structure for table `proportions`
--

DROP TABLE IF EXISTS `proportions`;
CREATE TABLE IF NOT EXISTS `proportions` (
  `proportion_id` int(11) NOT NULL AUTO_INCREMENT,
  `blend_id` int(11) NOT NULL,
  `raw_id` int(11) NOT NULL,
  `percentage` int(11) NOT NULL,
  PRIMARY KEY (`proportion_id`),
  KEY `raw_prop_idx` (`raw_id`),
  KEY `blend_prop_idx` (`blend_id`)
) ENGINE=InnoDB AUTO_INCREMENT=2761 DEFAULT CHARSET=latin1;

--
-- Dumping data for table `proportions`
--

INSERT INTO `proportions` (`proportion_id`, `blend_id`, `raw_id`, `percentage`) VALUES
(1, 1, 1, 30),
(2, 1, 2, 30),
(3, 1, 3, 40),
(4, 1, 4, 0),
(5, 1, 5, 0),
(6, 1, 6, 0),
(7, 1, 7, 0),
(8, 1, 8, 0),
(9, 1, 9, 0),
(10, 1, 10, 0),
(11, 1, 11, 0),
(12, 1, 12, 0),
(13, 1, 13, 0),
(14, 1, 14, 0),
(15, 1, 15, 0),
(16, 1, 16, 0),
(17, 1, 17, 0),
(18, 1, 18, 0),
(19, 2, 1, 30),
(20, 2, 2, 30),
(21, 2, 3, 40),
(22, 2, 4, 0),
(23, 2, 5, 0),
(24, 2, 6, 0),
(25, 2, 7, 0),
(26, 2, 8, 0),
(27, 2, 9, 0),
(28, 2, 10, 0),
(29, 2, 11, 0),
(30, 2, 12, 0),
(31, 2, 13, 0),
(32, 2, 14, 0),
(33, 2, 15, 0),
(34, 2, 16, 0),
(35, 2, 17, 0),
(36, 2, 18, 0),
(37, 3, 1, 30),
(38, 3, 2, 30),
(39, 3, 3, 40),
(40, 3, 4, 0),
(41, 3, 5, 0),
(42, 3, 6, 0),
(43, 3, 7, 0),
(44, 3, 8, 0),
(45, 3, 9, 0),
(46, 3, 10, 0),
(47, 3, 11, 0),
(48, 3, 12, 0),
(49, 3, 13, 0),
(50, 3, 14, 0),
(51, 3, 15, 0),
(52, 3, 16, 0),
(53, 3, 17, 0),
(54, 3, 18, 0),
(55, 4, 1, 30),
(56, 4, 2, 30),
(57, 4, 3, 40),
(58, 4, 4, 0),
(59, 4, 5, 0),
(60, 4, 6, 0),
(61, 4, 7, 0),
(62, 4, 8, 0),
(63, 4, 9, 0),
(64, 4, 10, 0),
(65, 4, 11, 0),
(66, 4, 12, 0),
(67, 4, 13, 0),
(68, 4, 14, 0),
(69, 4, 15, 0),
(70, 4, 16, 0),
(71, 4, 17, 0),
(72, 4, 18, 0),
(73, 5, 1, 30),
(74, 5, 2, 30),
(75, 5, 3, 40),
(76, 5, 4, 0),
(77, 5, 5, 0),
(78, 5, 6, 0),
(79, 5, 7, 0),
(80, 5, 8, 0),
(81, 5, 9, 0),
(82, 5, 10, 0),
(83, 5, 11, 0),
(84, 5, 12, 0),
(85, 5, 13, 0),
(86, 5, 14, 0),
(87, 5, 15, 0),
(88, 5, 16, 0),
(89, 5, 17, 0),
(90, 5, 18, 0),
(91, 6, 1, 30),
(92, 6, 2, 30),
(93, 6, 3, 40),
(94, 6, 4, 0),
(95, 6, 5, 0),
(96, 6, 6, 0),
(97, 6, 7, 0),
(98, 6, 8, 0),
(99, 6, 9, 0),
(100, 6, 10, 0),
(101, 6, 11, 0),
(102, 6, 12, 0),
(103, 6, 13, 0),
(104, 6, 14, 0),
(105, 6, 15, 0),
(106, 6, 16, 0),
(107, 6, 17, 0),
(108, 6, 18, 0),
(109, 7, 1, 0),
(110, 7, 2, 0),
(111, 7, 3, 0),
(112, 7, 4, 40),
(113, 7, 5, 0),
(114, 7, 6, 0),
(115, 7, 7, 0),
(116, 7, 8, 0),
(117, 7, 9, 0),
(118, 7, 10, 0),
(119, 7, 11, 30),
(120, 7, 12, 30),
(121, 7, 13, 0),
(122, 7, 14, 0),
(123, 7, 15, 0),
(124, 7, 16, 0),
(125, 7, 17, 0),
(126, 7, 18, 0),
(127, 8, 1, 100),
(128, 8, 2, 0),
(129, 8, 3, 0),
(130, 8, 4, 0),
(131, 8, 5, 0),
(132, 8, 6, 0),
(133, 8, 7, 0),
(134, 8, 8, 0),
(135, 8, 9, 0),
(136, 8, 10, 0),
(137, 8, 11, 0),
(138, 8, 12, 0),
(139, 8, 13, 0),
(140, 8, 14, 0),
(141, 8, 15, 0),
(142, 8, 16, 0),
(143, 8, 17, 0),
(144, 8, 18, 0),
(145, 9, 1, 0),
(146, 9, 2, 0),
(147, 9, 3, 0),
(148, 9, 4, 40),
(149, 9, 5, 0),
(150, 9, 6, 0),
(151, 9, 7, 0),
(152, 9, 8, 0),
(153, 9, 9, 0),
(154, 9, 10, 0),
(155, 9, 11, 30),
(156, 9, 12, 30),
(157, 9, 13, 0),
(158, 9, 14, 0),
(159, 9, 15, 0),
(160, 9, 16, 0),
(161, 9, 17, 0),
(162, 9, 18, 0),
(163, 10, 1, 0),
(164, 10, 2, 0),
(165, 10, 3, 0),
(166, 10, 4, 40),
(167, 10, 5, 0),
(168, 10, 6, 0),
(169, 10, 7, 0),
(170, 10, 8, 0),
(171, 10, 9, 0),
(172, 10, 10, 0),
(173, 10, 11, 30),
(174, 10, 12, 30),
(175, 10, 13, 0),
(176, 10, 14, 0),
(177, 10, 15, 0),
(178, 10, 16, 0),
(179, 10, 17, 0),
(180, 10, 18, 0),
(181, 11, 1, 0),
(182, 11, 2, 0),
(183, 11, 3, 0),
(184, 11, 4, 40),
(185, 11, 5, 0),
(186, 11, 6, 0),
(187, 11, 7, 0),
(188, 11, 8, 0),
(189, 11, 9, 0),
(190, 11, 10, 0),
(191, 11, 11, 30),
(192, 11, 12, 30),
(193, 11, 13, 0),
(194, 11, 14, 0),
(195, 11, 15, 0),
(196, 11, 16, 0),
(197, 11, 17, 0),
(198, 11, 18, 0),
(199, 12, 1, 0),
(200, 12, 2, 0),
(201, 12, 3, 0),
(202, 12, 4, 0),
(203, 12, 5, 0),
(204, 12, 6, 0),
(205, 12, 7, 0),
(206, 12, 8, 50),
(207, 12, 9, 0),
(208, 12, 10, 0),
(209, 12, 11, 0),
(210, 12, 12, 20),
(211, 12, 13, 0),
(212, 12, 14, 0),
(213, 12, 15, 0),
(214, 12, 16, 30),
(215, 12, 17, 0),
(216, 12, 18, 0),
(217, 13, 1, 0),
(218, 13, 2, 40),
(219, 13, 3, 0),
(220, 13, 4, 0),
(221, 13, 5, 0),
(222, 13, 6, 0),
(223, 13, 7, 0),
(224, 13, 8, 0),
(225, 13, 9, 0),
(226, 13, 10, 20),
(227, 13, 11, 0),
(228, 13, 12, 0),
(229, 13, 13, 0),
(230, 13, 14, 0),
(231, 13, 15, 0),
(232, 13, 16, 0),
(233, 13, 17, 0),
(234, 13, 18, 40),
(235, 14, 1, 25),
(236, 14, 2, 25),
(237, 14, 3, 25),
(238, 14, 4, 25),
(239, 14, 5, 0),
(240, 14, 6, 0),
(241, 14, 7, 0),
(242, 14, 8, 0),
(243, 15, 1, 0),
(244, 14, 9, 0),
(245, 15, 2, 0),
(246, 14, 10, 0),
(247, 15, 3, 0),
(248, 14, 11, 0),
(249, 15, 4, 40),
(250, 14, 12, 0),
(251, 15, 5, 0),
(252, 14, 13, 0),
(253, 15, 6, 0),
(254, 14, 14, 0),
(255, 15, 7, 0),
(256, 14, 15, 0),
(257, 15, 8, 0),
(258, 14, 16, 0),
(259, 15, 9, 0),
(260, 14, 17, 0),
(261, 15, 10, 0),
(262, 14, 18, 0),
(263, 15, 11, 30),
(264, 15, 12, 30),
(265, 15, 13, 0),
(266, 15, 14, 0),
(267, 15, 15, 0),
(268, 15, 16, 0),
(269, 15, 17, 0),
(270, 15, 18, 0),
(271, 16, 1, 0),
(272, 16, 2, 0),
(273, 16, 3, 0),
(274, 16, 4, 40),
(275, 16, 5, 0),
(276, 16, 6, 0),
(277, 16, 7, 0),
(278, 16, 8, 0),
(279, 16, 9, 0),
(280, 16, 10, 0),
(281, 16, 11, 30),
(282, 16, 12, 30),
(283, 16, 13, 0),
(284, 16, 14, 0),
(285, 16, 15, 0),
(286, 16, 16, 0),
(287, 16, 17, 0),
(288, 16, 18, 0),
(289, 17, 1, 0),
(290, 17, 2, 0),
(291, 17, 3, 0),
(292, 17, 4, 0),
(293, 17, 5, 30),
(294, 17, 6, 30),
(295, 17, 7, 40),
(296, 17, 8, 0),
(297, 17, 9, 0),
(298, 17, 10, 0),
(299, 17, 11, 0),
(300, 17, 12, 0),
(301, 17, 13, 0),
(302, 17, 14, 0),
(303, 17, 15, 0),
(304, 17, 16, 0),
(305, 17, 17, 0),
(306, 17, 18, 0),
(307, 18, 1, 0),
(308, 18, 2, 0),
(309, 18, 3, 0),
(310, 18, 4, 0),
(311, 18, 5, 30),
(312, 18, 6, 30),
(313, 18, 7, 40),
(314, 18, 8, 0),
(315, 18, 9, 0),
(316, 18, 10, 0),
(317, 18, 11, 0),
(318, 18, 12, 0),
(319, 18, 13, 0),
(320, 18, 14, 0),
(321, 18, 15, 0),
(322, 18, 16, 0),
(323, 18, 17, 0),
(324, 18, 18, 0),
(325, 19, 1, 25),
(326, 19, 2, 0),
(327, 19, 3, 0),
(328, 19, 4, 0),
(329, 19, 5, 0),
(330, 19, 6, 0),
(331, 19, 7, 0),
(332, 19, 8, 0),
(333, 19, 9, 0),
(334, 19, 10, 0),
(335, 19, 11, 0),
(336, 19, 12, 0),
(337, 19, 13, 0),
(338, 19, 14, 0),
(339, 19, 15, 0),
(340, 19, 16, 0),
(341, 19, 17, 0),
(342, 19, 18, 0),
(343, 20, 1, 0),
(344, 20, 2, 0),
(345, 20, 3, 0),
(346, 20, 4, 0),
(347, 20, 5, 30),
(348, 20, 6, 30),
(349, 20, 7, 40),
(350, 20, 8, 0),
(351, 20, 9, 0),
(352, 20, 10, 0),
(353, 20, 11, 0),
(354, 20, 12, 0),
(355, 20, 13, 0),
(356, 20, 14, 0),
(357, 20, 15, 0),
(358, 20, 16, 0),
(359, 20, 17, 0),
(360, 20, 18, 0),
(361, 21, 1, 25),
(362, 21, 2, 0),
(363, 21, 3, 0),
(364, 21, 4, 0),
(365, 21, 5, 0),
(366, 21, 6, 0),
(367, 21, 7, 0),
(368, 21, 8, 0),
(369, 21, 9, 0),
(370, 21, 10, 0),
(371, 21, 11, 0),
(372, 21, 12, 0),
(373, 21, 13, 0),
(374, 21, 14, 0),
(375, 21, 15, 0),
(376, 21, 16, 0),
(377, 21, 17, 0),
(378, 21, 18, 0),
(379, 22, 1, 0),
(380, 22, 2, 0),
(381, 22, 3, 0),
(382, 22, 4, 0),
(383, 22, 5, 30),
(384, 22, 6, 30),
(385, 22, 7, 40),
(386, 22, 8, 0),
(387, 22, 9, 0),
(388, 22, 10, 0),
(389, 22, 11, 0),
(390, 22, 12, 0),
(391, 22, 13, 0),
(392, 22, 14, 0),
(393, 22, 15, 0),
(394, 22, 16, 0),
(395, 22, 17, 0),
(396, 22, 18, 0),
(397, 23, 1, 0),
(398, 23, 2, 0),
(399, 23, 3, 0),
(400, 23, 4, 0),
(401, 23, 5, 50),
(402, 23, 6, 0),
(403, 23, 7, 0),
(404, 23, 8, 0),
(405, 23, 9, 0),
(406, 23, 10, 25),
(407, 23, 11, 0),
(408, 23, 12, 0),
(409, 23, 13, 0),
(410, 23, 14, 0),
(411, 23, 15, 25),
(412, 23, 16, 0),
(413, 23, 17, 0),
(414, 23, 18, 0),
(415, 24, 1, 0),
(416, 24, 2, 0),
(417, 24, 3, 0),
(418, 24, 4, 0),
(419, 24, 5, 30),
(420, 24, 6, 30),
(421, 24, 7, 40),
(422, 24, 8, 0),
(423, 24, 9, 0),
(424, 24, 10, 0),
(425, 24, 11, 0),
(426, 24, 12, 0),
(427, 24, 13, 0),
(428, 24, 14, 0),
(429, 24, 15, 0),
(430, 24, 16, 0),
(431, 24, 17, 0),
(432, 24, 18, 0),
(433, 25, 1, 50),
(434, 25, 2, 25),
(435, 25, 3, 25),
(436, 25, 4, 0),
(437, 25, 5, 0),
(438, 25, 6, 0),
(439, 25, 7, 0),
(440, 25, 8, 0),
(441, 25, 9, 0),
(442, 25, 10, 0),
(443, 25, 11, 0),
(444, 25, 12, 0),
(445, 25, 13, 0),
(446, 25, 14, 0),
(447, 25, 15, 0),
(448, 25, 16, 0),
(449, 25, 17, 0),
(450, 25, 18, 0),
(451, 26, 1, 0),
(452, 26, 2, 0),
(453, 26, 3, 0),
(454, 26, 4, 0),
(455, 26, 5, 0),
(456, 26, 6, 0),
(457, 26, 7, 0),
(458, 26, 8, 0),
(459, 26, 9, 0),
(460, 26, 10, 0),
(461, 26, 11, 25),
(462, 26, 12, 0),
(463, 26, 13, 25),
(464, 26, 14, 0),
(465, 26, 15, 25),
(466, 26, 16, 0),
(467, 26, 17, 25),
(468, 26, 18, 0),
(469, 27, 1, 0),
(470, 27, 2, 0),
(471, 27, 3, 0),
(472, 27, 4, 0),
(473, 27, 5, 0),
(474, 27, 6, 0),
(475, 27, 7, 0),
(476, 27, 8, 0),
(477, 27, 9, 10),
(478, 27, 10, 0),
(479, 27, 11, 0),
(480, 27, 12, 0),
(481, 27, 13, 50),
(482, 27, 14, 0),
(483, 27, 15, 0),
(484, 27, 16, 0),
(485, 27, 17, 0),
(486, 27, 18, 40),
(487, 28, 1, 0),
(488, 28, 2, 0),
(489, 28, 3, 0),
(490, 28, 4, 0),
(491, 28, 5, 0),
(492, 28, 6, 0),
(493, 28, 7, 0),
(494, 28, 8, 0),
(495, 28, 9, 0),
(496, 28, 10, 0),
(497, 28, 11, 0),
(498, 28, 12, 0),
(499, 28, 13, 20),
(500, 28, 14, 20),
(501, 28, 15, 20),
(502, 28, 16, 20),
(503, 28, 17, 20),
(504, 28, 18, 0),
(505, 29, 1, 0),
(506, 29, 2, 0),
(507, 29, 3, 0),
(508, 29, 4, 0),
(509, 29, 5, 0),
(510, 29, 6, 30),
(511, 29, 7, 0),
(512, 29, 8, 0),
(513, 29, 9, 0),
(514, 29, 10, 0),
(515, 29, 11, 30),
(516, 29, 12, 0),
(517, 29, 13, 0),
(518, 29, 14, 0),
(519, 29, 15, 0),
(520, 29, 16, 40),
(521, 29, 17, 0),
(522, 29, 18, 0),
(523, 30, 1, 0),
(524, 30, 2, 0),
(525, 30, 3, 0),
(526, 30, 4, 0),
(527, 30, 5, 30),
(528, 30, 6, 30),
(529, 30, 7, 40),
(530, 30, 8, 0),
(531, 30, 9, 0),
(532, 30, 10, 0),
(533, 30, 11, 0),
(534, 30, 12, 0),
(535, 30, 13, 0),
(536, 30, 14, 0),
(537, 30, 15, 0),
(538, 30, 16, 0),
(539, 30, 17, 0),
(540, 30, 18, 0),
(541, 31, 1, 0),
(542, 31, 2, 0),
(543, 31, 3, 0),
(544, 31, 4, 25),
(545, 31, 5, 0),
(546, 31, 6, 0),
(547, 31, 7, 0),
(548, 31, 8, 0),
(549, 31, 9, 0),
(550, 31, 10, 0),
(551, 31, 11, 0),
(552, 31, 12, 0),
(553, 31, 13, 0),
(554, 31, 14, 0),
(555, 31, 15, 0),
(556, 31, 16, 0),
(557, 31, 17, 0),
(558, 31, 18, 0),
(559, 32, 1, 0),
(560, 32, 2, 0),
(561, 32, 3, 0),
(562, 32, 4, 20),
(563, 32, 5, 80),
(564, 32, 6, 0),
(565, 32, 7, 0),
(566, 32, 8, 0),
(567, 32, 9, 0),
(568, 32, 10, 0),
(569, 32, 11, 0),
(570, 32, 12, 0),
(571, 32, 13, 0),
(572, 32, 14, 0),
(573, 32, 15, 0),
(574, 32, 16, 0),
(575, 32, 17, 0),
(576, 32, 18, 0),
(577, 33, 1, 0),
(578, 33, 2, 0),
(579, 33, 3, 0),
(580, 33, 4, 0),
(581, 33, 5, 0),
(582, 33, 6, 0),
(583, 33, 7, 0),
(584, 33, 8, 0),
(585, 33, 9, 25),
(586, 33, 10, 0),
(587, 33, 11, 0),
(588, 33, 12, 25),
(589, 33, 13, 25),
(590, 33, 14, 0),
(591, 33, 15, 0),
(592, 33, 16, 0),
(593, 33, 17, 0),
(594, 33, 18, 25),
(595, 34, 1, 0),
(596, 34, 2, 0),
(597, 34, 3, 0),
(598, 34, 4, 0),
(599, 34, 5, 0),
(600, 34, 6, 0),
(601, 34, 7, 0),
(602, 34, 8, 0),
(603, 34, 9, 0),
(604, 34, 10, 40),
(605, 34, 11, 0),
(606, 34, 12, 10),
(607, 34, 13, 10),
(608, 34, 14, 20),
(609, 34, 15, 0),
(610, 34, 16, 20),
(611, 34, 17, 0),
(612, 34, 18, 0),
(613, 35, 1, 0),
(614, 35, 2, 0),
(615, 35, 3, 0),
(616, 35, 4, 0),
(617, 35, 5, 0),
(618, 35, 6, 0),
(619, 35, 7, 0),
(620, 35, 8, 0),
(621, 35, 9, 0),
(622, 35, 10, 0),
(623, 35, 11, 0),
(624, 35, 12, 0),
(625, 35, 13, 30),
(626, 35, 14, 30),
(627, 35, 15, 40),
(628, 35, 16, 0),
(629, 35, 17, 0),
(630, 35, 18, 0),
(631, 36, 1, 25),
(632, 36, 2, 0),
(633, 36, 3, 0),
(634, 36, 4, 25),
(635, 36, 5, 0),
(636, 36, 6, 0),
(637, 36, 7, 0),
(638, 36, 8, 0),
(639, 36, 9, 0),
(640, 36, 10, 0),
(641, 36, 11, 0),
(642, 36, 12, 0),
(643, 36, 13, 0),
(644, 36, 14, 0),
(645, 36, 15, 0),
(646, 36, 16, 0),
(647, 36, 17, 0),
(648, 36, 18, 0),
(649, 37, 1, 0),
(650, 37, 2, 0),
(651, 37, 3, 0),
(652, 37, 4, 0),
(653, 37, 5, 0),
(654, 37, 6, 0),
(655, 37, 7, 0),
(656, 37, 8, 0),
(657, 37, 9, 20),
(658, 37, 10, 20),
(659, 37, 11, 20),
(660, 37, 12, 20),
(661, 37, 13, 20),
(662, 37, 14, 0),
(663, 37, 15, 0),
(664, 37, 16, 0),
(665, 37, 17, 0),
(666, 37, 18, 0),
(667, 38, 1, 0),
(668, 38, 2, 0),
(669, 38, 3, 0),
(670, 39, 1, 0),
(671, 38, 4, 0),
(672, 39, 2, 0),
(673, 38, 5, 0),
(674, 39, 3, 0),
(675, 38, 6, 0),
(676, 39, 4, 0),
(677, 38, 7, 0),
(678, 39, 5, 0),
(679, 38, 8, 50),
(680, 39, 6, 0),
(681, 38, 9, 0),
(682, 39, 7, 0),
(683, 38, 10, 10),
(684, 39, 8, 0),
(685, 38, 11, 0),
(686, 39, 9, 0),
(687, 38, 12, 0),
(688, 39, 10, 0),
(689, 38, 13, 40),
(690, 39, 11, 0),
(691, 38, 14, 0),
(692, 39, 12, 0),
(693, 38, 15, 0),
(694, 39, 13, 30),
(695, 38, 16, 0),
(696, 39, 14, 30),
(697, 38, 17, 0),
(698, 39, 15, 40),
(699, 38, 18, 0),
(700, 39, 16, 0),
(701, 39, 17, 0),
(702, 39, 18, 0),
(703, 40, 1, 0),
(704, 40, 2, 0),
(705, 40, 3, 25),
(706, 40, 4, 25),
(707, 40, 5, 0),
(708, 40, 6, 0),
(709, 40, 7, 0),
(710, 40, 8, 0),
(711, 40, 9, 0),
(712, 40, 10, 25),
(713, 40, 11, 0),
(714, 40, 12, 0),
(715, 40, 13, 0),
(716, 40, 14, 0),
(717, 40, 15, 25),
(718, 40, 16, 0),
(719, 40, 17, 0),
(720, 40, 18, 0),
(721, 41, 1, 0),
(722, 41, 2, 0),
(723, 41, 3, 0),
(724, 41, 4, 0),
(725, 41, 5, 0),
(726, 41, 6, 0),
(727, 41, 7, 40),
(728, 41, 8, 10),
(729, 41, 9, 0),
(730, 41, 10, 40),
(731, 41, 11, 10),
(732, 41, 12, 0),
(733, 41, 13, 0),
(734, 41, 14, 0),
(735, 41, 15, 0),
(736, 41, 16, 0),
(737, 41, 17, 0),
(738, 41, 18, 0),
(739, 42, 1, 0),
(740, 42, 2, 0),
(741, 42, 3, 0),
(742, 42, 4, 0),
(743, 42, 5, 0),
(744, 42, 6, 0),
(745, 42, 7, 0),
(746, 42, 8, 0),
(747, 42, 9, 0),
(748, 42, 10, 0),
(749, 42, 11, 0),
(750, 42, 12, 0),
(751, 42, 13, 30),
(752, 42, 14, 30),
(753, 42, 15, 40),
(754, 42, 16, 0),
(755, 42, 17, 0),
(756, 42, 18, 0),
(757, 43, 1, 0),
(758, 43, 2, 0),
(759, 43, 3, 25),
(760, 43, 4, 0),
(761, 43, 5, 25),
(762, 43, 6, 0),
(763, 43, 7, 0),
(764, 43, 8, 25),
(765, 43, 9, 0),
(766, 43, 10, 0),
(767, 43, 11, 0),
(768, 43, 12, 0),
(769, 43, 13, 0),
(770, 43, 14, 0),
(771, 43, 15, 25),
(772, 43, 16, 0),
(773, 43, 17, 0),
(774, 43, 18, 0),
(775, 44, 1, 0),
(776, 44, 2, 0),
(777, 44, 3, 0),
(778, 44, 4, 0),
(779, 44, 5, 0),
(780, 44, 6, 0),
(781, 44, 7, 0),
(782, 44, 8, 0),
(783, 44, 9, 0),
(784, 44, 10, 10),
(785, 44, 11, 0),
(786, 44, 12, 0),
(787, 44, 13, 80),
(788, 44, 14, 0),
(789, 44, 15, 10),
(790, 44, 16, 0),
(791, 44, 17, 0),
(792, 44, 18, 0),
(793, 45, 1, 0),
(794, 45, 2, 25),
(795, 45, 3, 25),
(796, 45, 4, 25),
(797, 45, 5, 0),
(798, 45, 6, 0),
(799, 45, 7, 25),
(800, 45, 8, 0),
(801, 45, 9, 0),
(802, 45, 10, 0),
(803, 45, 11, 0),
(804, 45, 12, 0),
(805, 45, 13, 0),
(806, 45, 14, 0),
(807, 45, 15, 0),
(808, 45, 16, 0),
(809, 45, 17, 0),
(810, 45, 18, 0),
(811, 46, 1, 0),
(812, 46, 2, 0),
(813, 46, 3, 0),
(814, 46, 4, 0),
(815, 46, 5, 0),
(816, 46, 6, 0),
(817, 46, 7, 0),
(818, 46, 8, 0),
(819, 46, 9, 0),
(820, 46, 10, 30),
(821, 46, 11, 30),
(822, 46, 12, 30),
(823, 46, 13, 10),
(824, 46, 14, 0),
(825, 46, 15, 0),
(826, 46, 16, 0),
(827, 46, 17, 0),
(828, 46, 18, 0),
(829, 47, 1, 30),
(830, 47, 2, 0),
(831, 47, 3, 0),
(832, 47, 4, 0),
(833, 47, 5, 0),
(834, 47, 6, 0),
(835, 47, 7, 20),
(836, 47, 8, 0),
(837, 47, 9, 0),
(838, 47, 10, 0),
(839, 47, 11, 0),
(840, 47, 12, 0),
(841, 47, 13, 0),
(842, 47, 14, 20),
(843, 47, 15, 0),
(844, 47, 16, 30),
(845, 47, 17, 0),
(846, 47, 18, 0),
(847, 48, 1, 0),
(848, 48, 2, 0),
(849, 48, 3, 0),
(850, 48, 4, 0),
(851, 48, 5, 0),
(852, 48, 6, 0),
(853, 48, 7, 25),
(854, 48, 8, 0),
(855, 48, 9, 0),
(856, 48, 10, 0),
(857, 48, 11, 0),
(858, 48, 12, 25),
(859, 48, 13, 25),
(860, 48, 14, 0),
(861, 48, 15, 0),
(862, 48, 16, 0),
(863, 48, 17, 0),
(864, 48, 18, 25),
(865, 49, 1, 25),
(866, 49, 2, 0),
(867, 49, 3, 25),
(868, 49, 4, 0),
(869, 49, 5, 0),
(870, 49, 6, 0),
(871, 49, 7, 0),
(872, 49, 8, 25),
(873, 49, 9, 0),
(874, 49, 10, 0),
(875, 49, 11, 25),
(876, 49, 12, 0),
(877, 49, 13, 0),
(878, 49, 14, 0),
(879, 49, 15, 0),
(880, 49, 16, 0),
(881, 49, 17, 0),
(882, 49, 18, 0),
(883, 50, 1, 0),
(884, 50, 2, 0),
(885, 50, 3, 0),
(886, 50, 4, 20),
(887, 50, 5, 0),
(888, 50, 6, 0),
(889, 50, 7, 0),
(890, 50, 8, 40),
(891, 50, 9, 0),
(892, 50, 10, 0),
(893, 50, 11, 0),
(894, 50, 12, 0),
(895, 50, 13, 40),
(896, 50, 14, 0),
(897, 50, 15, 0),
(898, 50, 16, 0),
(899, 50, 17, 0),
(900, 50, 18, 0),
(901, 51, 1, 0),
(902, 51, 2, 0),
(903, 51, 3, 0),
(904, 51, 4, 0),
(905, 51, 5, 0),
(906, 51, 6, 0),
(907, 51, 7, 0),
(908, 51, 8, 0),
(909, 51, 9, 0),
(910, 51, 10, 0),
(911, 51, 11, 0),
(912, 51, 12, 0),
(913, 51, 13, 0),
(914, 51, 14, 0),
(915, 51, 15, 100),
(916, 51, 16, 0),
(917, 51, 17, 0),
(918, 51, 18, 0),
(919, 52, 1, 20),
(920, 52, 2, 20),
(921, 52, 3, 50),
(922, 52, 4, 10),
(923, 52, 5, 0),
(924, 52, 6, 0),
(925, 52, 7, 0),
(926, 52, 8, 0),
(927, 52, 9, 0),
(928, 52, 10, 0),
(929, 52, 11, 0),
(930, 52, 12, 0),
(931, 52, 13, 0),
(932, 52, 14, 0),
(933, 52, 15, 0),
(934, 52, 16, 0),
(935, 52, 17, 0),
(936, 52, 18, 0),
(937, 53, 1, 0),
(938, 53, 2, 0),
(939, 53, 3, 0),
(940, 53, 4, 20),
(941, 53, 5, 30),
(942, 53, 6, 20),
(943, 53, 7, 30),
(944, 53, 8, 0),
(945, 53, 9, 0),
(946, 53, 10, 0),
(947, 53, 11, 0),
(948, 53, 12, 0),
(949, 53, 13, 0),
(950, 53, 14, 0),
(951, 53, 15, 0),
(952, 53, 16, 0),
(953, 53, 17, 0),
(954, 53, 18, 0),
(955, 54, 1, 0),
(956, 54, 2, 0),
(957, 54, 3, 0),
(958, 54, 4, 30),
(959, 54, 5, 0),
(960, 54, 6, 30),
(961, 54, 7, 0),
(962, 54, 8, 0),
(963, 54, 9, 0),
(964, 54, 10, 40),
(965, 54, 11, 0),
(966, 54, 12, 0),
(967, 54, 13, 0),
(968, 54, 14, 0),
(969, 54, 15, 0),
(970, 54, 16, 0),
(971, 54, 17, 0),
(972, 54, 18, 0),
(973, 55, 1, 0),
(974, 55, 2, 0),
(975, 55, 3, 0),
(976, 55, 4, 0),
(977, 55, 5, 0),
(978, 55, 6, 0),
(979, 55, 7, 0),
(980, 55, 8, 0),
(981, 55, 9, 0),
(982, 55, 10, 0),
(983, 55, 11, 0),
(984, 55, 12, 0),
(985, 55, 13, 30),
(986, 55, 14, 30),
(987, 55, 15, 40),
(988, 55, 16, 0),
(989, 55, 17, 0),
(990, 55, 18, 0),
(991, 56, 1, 0),
(992, 56, 2, 0),
(993, 56, 3, 0),
(994, 56, 4, 0),
(995, 56, 5, 0),
(996, 56, 6, 0),
(997, 56, 7, 0),
(998, 56, 8, 0),
(999, 56, 9, 0),
(1000, 56, 10, 0),
(1001, 56, 11, 0),
(1002, 56, 12, 0),
(1003, 56, 13, 30),
(1004, 56, 14, 30),
(1005, 56, 15, 40),
(1006, 56, 16, 0),
(1007, 56, 17, 0),
(1008, 56, 18, 0),
(1009, 57, 1, 40),
(1010, 57, 2, 0),
(1011, 57, 3, 0),
(1012, 57, 4, 0),
(1013, 57, 5, 20),
(1014, 57, 6, 0),
(1015, 57, 7, 0),
(1016, 57, 8, 0),
(1017, 57, 9, 0),
(1018, 57, 10, 0),
(1019, 57, 11, 0),
(1020, 57, 12, 0),
(1021, 57, 13, 0),
(1022, 57, 14, 0),
(1023, 57, 15, 0),
(1024, 57, 16, 40),
(1025, 57, 17, 0),
(1026, 57, 18, 0),
(1027, 58, 1, 0),
(1028, 58, 2, 0),
(1029, 58, 3, 0),
(1030, 58, 4, 20),
(1031, 58, 5, 80),
(1032, 58, 6, 0),
(1033, 58, 7, 0),
(1034, 58, 8, 0),
(1035, 58, 9, 0),
(1036, 58, 10, 0),
(1037, 58, 11, 0),
(1038, 58, 12, 0),
(1039, 58, 13, 0),
(1040, 58, 14, 0),
(1041, 58, 15, 0),
(1042, 58, 16, 0),
(1043, 58, 17, 0),
(1044, 58, 18, 0),
(1045, 59, 1, 40),
(1046, 59, 2, 0),
(1047, 59, 3, 0),
(1048, 59, 4, 0),
(1049, 59, 5, 10),
(1050, 59, 6, 0),
(1051, 59, 7, 25),
(1052, 59, 8, 0),
(1053, 59, 9, 0),
(1054, 59, 10, 25),
(1055, 59, 11, 0),
(1056, 59, 12, 0),
(1057, 59, 13, 0),
(1058, 59, 14, 0),
(1059, 59, 15, 0),
(1060, 59, 16, 0),
(1061, 59, 17, 0),
(1062, 59, 18, 0),
(1063, 60, 1, 0),
(1064, 60, 2, 0),
(1065, 60, 3, 0),
(1066, 60, 4, 0),
(1067, 60, 5, 0),
(1068, 60, 6, 0),
(1069, 60, 7, 0),
(1070, 60, 8, 0),
(1071, 60, 9, 0),
(1072, 60, 10, 0),
(1073, 60, 11, 0),
(1074, 60, 12, 0),
(1075, 60, 13, 30),
(1076, 60, 14, 30),
(1077, 60, 15, 40),
(1078, 60, 16, 0),
(1079, 60, 17, 0),
(1080, 60, 18, 0),
(1081, 61, 1, 0),
(1082, 61, 2, 0),
(1083, 61, 3, 0),
(1084, 61, 4, 0),
(1085, 61, 5, 0),
(1086, 61, 6, 0),
(1087, 61, 7, 0),
(1088, 61, 8, 20),
(1089, 61, 9, 30),
(1090, 61, 10, 20),
(1091, 61, 11, 0),
(1092, 61, 12, 30),
(1093, 61, 13, 0),
(1094, 61, 14, 0),
(1095, 61, 15, 0),
(1096, 61, 16, 0),
(1097, 61, 17, 0),
(1098, 61, 18, 0),
(1099, 62, 1, 0),
(1100, 62, 2, 0),
(1101, 62, 3, 0),
(1102, 62, 4, 25),
(1103, 62, 5, 25),
(1104, 62, 6, 25),
(1105, 62, 7, 25),
(1106, 62, 8, 0),
(1107, 62, 9, 0),
(1108, 62, 10, 0),
(1109, 62, 11, 0),
(1110, 62, 12, 0),
(1111, 62, 13, 0),
(1112, 62, 14, 0),
(1113, 62, 15, 0),
(1114, 62, 16, 0),
(1115, 62, 17, 0),
(1116, 62, 18, 0),
(1117, 63, 1, 20),
(1118, 63, 2, 20),
(1119, 63, 3, 20),
(1120, 63, 4, 20),
(1121, 63, 5, 20),
(1122, 63, 6, 0),
(1123, 63, 7, 0),
(1124, 63, 8, 0),
(1125, 63, 9, 0),
(1126, 63, 10, 0),
(1127, 63, 11, 0),
(1128, 63, 12, 0),
(1129, 63, 13, 0),
(1130, 63, 14, 0),
(1131, 63, 15, 0),
(1132, 63, 16, 0),
(1133, 63, 17, 0),
(1134, 63, 18, 0),
(1135, 64, 1, 0),
(1136, 64, 2, 0),
(1137, 64, 3, 0),
(1138, 64, 4, 0),
(1139, 64, 5, 0),
(1140, 64, 6, 0),
(1141, 64, 7, 0),
(1142, 64, 8, 0),
(1143, 64, 9, 20),
(1144, 64, 10, 0),
(1145, 64, 11, 30),
(1146, 64, 12, 20),
(1147, 64, 13, 0),
(1148, 64, 14, 30),
(1149, 64, 15, 0),
(1150, 64, 16, 0),
(1151, 64, 17, 0),
(1152, 64, 18, 0),
(1153, 65, 1, 0),
(1154, 65, 2, 0),
(1155, 65, 3, 0),
(1156, 65, 4, 0),
(1157, 65, 5, 15),
(1158, 65, 6, 35),
(1159, 65, 7, 15),
(1160, 65, 8, 35),
(1161, 65, 9, 0),
(1162, 65, 10, 0),
(1163, 65, 11, 0),
(1164, 65, 12, 0),
(1165, 65, 13, 0),
(1166, 65, 14, 0),
(1167, 65, 15, 0),
(1168, 65, 16, 0),
(1169, 65, 17, 0),
(1170, 65, 18, 0),
(1171, 66, 1, 0),
(1172, 66, 2, 0),
(1173, 66, 3, 0),
(1174, 66, 4, 0),
(1175, 66, 5, 0),
(1176, 66, 6, 0),
(1177, 66, 7, 0),
(1178, 66, 8, 0),
(1179, 66, 9, 0),
(1180, 66, 10, 0),
(1181, 66, 11, 0),
(1182, 66, 12, 0),
(1183, 66, 13, 0),
(1184, 66, 14, 0),
(1185, 66, 15, 0),
(1186, 66, 16, 30),
(1187, 66, 17, 30),
(1188, 66, 18, 40),
(1189, 67, 1, 0),
(1190, 67, 2, 0),
(1191, 67, 3, 0),
(1192, 67, 4, 25),
(1193, 67, 5, 25),
(1194, 67, 6, 25),
(1195, 67, 7, 25),
(1196, 67, 8, 0),
(1197, 67, 9, 0),
(1198, 67, 10, 0),
(1199, 67, 11, 0),
(1200, 67, 12, 0),
(1201, 67, 13, 0),
(1202, 67, 14, 0),
(1203, 67, 15, 0),
(1204, 67, 16, 0),
(1205, 67, 17, 0),
(1206, 67, 18, 0),
(1207, 68, 1, 50),
(1208, 68, 2, 50),
(1209, 68, 3, 0),
(1210, 68, 4, 0),
(1211, 68, 5, 0),
(1212, 68, 6, 0),
(1213, 68, 7, 0),
(1214, 68, 8, 0),
(1215, 68, 9, 0),
(1216, 68, 10, 0),
(1217, 68, 11, 0),
(1218, 68, 12, 0),
(1219, 68, 13, 0),
(1220, 68, 14, 0),
(1221, 68, 15, 0),
(1222, 68, 16, 0),
(1223, 68, 17, 0),
(1224, 68, 18, 0),
(1225, 69, 1, 0),
(1226, 69, 2, 0),
(1227, 69, 3, 0),
(1228, 69, 4, 0),
(1229, 69, 5, 0),
(1230, 69, 6, 0),
(1231, 69, 7, 0),
(1232, 69, 8, 0),
(1233, 69, 9, 40),
(1234, 69, 10, 0),
(1235, 69, 11, 10),
(1236, 69, 12, 0),
(1237, 69, 13, 50),
(1238, 69, 14, 0),
(1239, 69, 15, 0),
(1240, 69, 16, 0),
(1241, 69, 17, 0),
(1242, 69, 18, 0),
(1243, 70, 1, 30),
(1244, 70, 2, 30),
(1245, 70, 3, 30),
(1246, 70, 4, 10),
(1247, 70, 5, 0),
(1248, 70, 6, 0),
(1249, 70, 7, 0),
(1250, 70, 8, 0),
(1251, 70, 9, 0),
(1252, 70, 10, 0),
(1253, 70, 11, 0),
(1254, 70, 12, 0),
(1255, 70, 13, 0),
(1256, 70, 14, 0),
(1257, 70, 15, 0),
(1258, 70, 16, 0),
(1259, 70, 17, 0),
(1260, 70, 18, 0),
(1261, 71, 1, 20),
(1262, 71, 2, 20),
(1263, 71, 3, 20),
(1264, 71, 4, 20),
(1265, 71, 5, 20),
(1266, 71, 6, 0),
(1267, 71, 7, 0),
(1268, 71, 8, 0),
(1269, 71, 9, 0),
(1270, 71, 10, 0),
(1271, 71, 11, 0),
(1272, 71, 12, 0),
(1273, 71, 13, 0),
(1274, 71, 14, 0),
(1275, 71, 15, 0),
(1276, 71, 16, 0),
(1277, 71, 17, 0),
(1278, 71, 18, 0),
(1279, 72, 1, 0),
(1280, 72, 2, 0),
(1281, 72, 3, 0),
(1282, 72, 4, 0),
(1283, 72, 5, 0),
(1284, 72, 6, 0),
(1285, 72, 7, 0),
(1286, 72, 8, 0),
(1287, 72, 9, 0),
(1288, 72, 10, 0),
(1289, 72, 11, 0),
(1290, 72, 12, 0),
(1291, 72, 13, 0),
(1292, 72, 14, 0),
(1293, 72, 15, 0),
(1294, 72, 16, 30),
(1295, 72, 17, 30),
(1296, 72, 18, 40),
(1297, 73, 1, 0),
(1298, 73, 2, 0),
(1299, 73, 3, 0),
(1300, 73, 4, 0),
(1301, 73, 5, 0),
(1302, 73, 6, 0),
(1303, 73, 7, 0),
(1304, 73, 8, 0),
(1305, 73, 9, 0),
(1306, 73, 10, 0),
(1307, 73, 11, 0),
(1308, 73, 12, 0),
(1309, 73, 13, 0),
(1310, 73, 14, 0),
(1311, 73, 15, 0),
(1312, 73, 16, 30),
(1313, 73, 17, 30),
(1314, 73, 18, 40),
(1315, 74, 1, 0),
(1316, 74, 2, 0),
(1317, 74, 3, 0),
(1318, 74, 4, 0),
(1319, 74, 5, 0),
(1320, 74, 6, 0),
(1321, 74, 7, 0),
(1322, 74, 8, 0),
(1323, 74, 9, 0),
(1324, 74, 10, 0),
(1325, 74, 11, 0),
(1326, 74, 12, 0),
(1327, 74, 13, 0),
(1328, 74, 14, 0),
(1329, 74, 15, 0),
(1330, 74, 16, 30),
(1331, 74, 17, 30),
(1332, 74, 18, 40),
(1333, 75, 1, 0),
(1334, 75, 2, 0),
(1335, 75, 3, 0),
(1336, 75, 4, 0),
(1337, 75, 5, 0),
(1338, 75, 6, 0),
(1339, 75, 7, 0),
(1340, 75, 8, 0),
(1341, 75, 9, 0),
(1342, 75, 10, 0),
(1343, 75, 11, 0),
(1344, 75, 12, 0),
(1345, 75, 13, 0),
(1346, 75, 14, 0),
(1347, 75, 15, 0),
(1348, 75, 16, 30),
(1349, 75, 17, 30),
(1350, 75, 18, 40),
(1351, 76, 1, 0),
(1352, 76, 2, 0),
(1353, 76, 3, 0),
(1354, 76, 4, 0),
(1355, 76, 5, 0),
(1356, 76, 6, 0),
(1357, 76, 7, 0),
(1358, 76, 8, 0),
(1359, 76, 9, 0),
(1360, 76, 10, 0),
(1361, 76, 11, 0),
(1362, 76, 12, 0),
(1363, 76, 13, 0),
(1364, 76, 14, 0),
(1365, 76, 15, 0),
(1366, 76, 16, 30),
(1367, 76, 17, 30),
(1368, 76, 18, 40),
(1369, 77, 1, 0),
(1370, 77, 2, 0),
(1371, 77, 3, 0),
(1372, 77, 4, 0),
(1373, 77, 5, 0),
(1374, 77, 6, 0),
(1375, 77, 7, 0),
(1376, 77, 8, 30),
(1377, 77, 9, 30),
(1378, 77, 10, 40),
(1379, 77, 11, 0),
(1380, 77, 12, 0),
(1381, 77, 13, 0),
(1382, 77, 14, 0),
(1383, 77, 15, 0),
(1384, 77, 16, 0),
(1385, 77, 17, 0),
(1386, 77, 18, 0),
(1387, 78, 1, 0),
(1388, 78, 2, 0),
(1389, 78, 3, 0),
(1390, 78, 4, 0),
(1391, 78, 5, 0),
(1392, 78, 6, 0),
(1393, 78, 7, 0),
(1394, 78, 8, 30),
(1395, 78, 9, 30),
(1396, 78, 10, 40),
(1397, 78, 11, 0),
(1398, 78, 12, 0),
(1399, 78, 13, 0),
(1400, 78, 14, 0),
(1401, 78, 15, 0),
(1402, 78, 16, 0),
(1403, 78, 17, 0),
(1404, 78, 18, 0),
(1405, 79, 1, 0),
(1406, 79, 2, 0),
(1407, 79, 3, 0),
(1408, 79, 4, 0),
(1409, 79, 5, 0),
(1410, 79, 6, 0),
(1411, 79, 7, 0),
(1412, 79, 8, 0),
(1413, 79, 9, 0),
(1414, 79, 10, 0),
(1415, 79, 11, 0),
(1416, 79, 12, 0),
(1417, 79, 13, 25),
(1418, 79, 14, 25),
(1419, 79, 15, 25),
(1420, 79, 16, 25),
(1421, 79, 17, 0),
(1422, 79, 18, 0),
(1423, 80, 1, 0),
(1424, 80, 2, 0),
(1425, 80, 3, 0),
(1426, 80, 4, 0),
(1427, 80, 5, 0),
(1428, 80, 6, 0),
(1429, 80, 7, 0),
(1430, 80, 8, 30),
(1431, 80, 9, 30),
(1432, 80, 10, 40),
(1433, 80, 11, 0),
(1434, 80, 12, 0),
(1435, 80, 13, 0),
(1436, 80, 14, 0),
(1437, 80, 15, 0),
(1438, 80, 16, 0),
(1439, 80, 17, 0),
(1440, 80, 18, 0),
(1441, 81, 1, 0),
(1442, 81, 2, 0),
(1443, 81, 3, 0),
(1444, 81, 4, 0),
(1445, 81, 5, 0),
(1446, 81, 6, 0),
(1447, 81, 7, 0),
(1448, 81, 8, 30),
(1449, 81, 9, 30),
(1450, 81, 10, 40),
(1451, 81, 11, 0),
(1452, 81, 12, 0),
(1453, 81, 13, 0),
(1454, 81, 14, 0),
(1455, 81, 15, 0),
(1456, 81, 16, 0),
(1457, 81, 17, 0),
(1458, 81, 18, 0),
(1459, 82, 1, 0),
(1460, 82, 2, 0),
(1461, 82, 3, 0),
(1462, 82, 4, 0),
(1463, 82, 5, 0),
(1464, 82, 6, 0),
(1465, 82, 7, 0),
(1466, 82, 8, 30),
(1467, 82, 9, 30),
(1468, 82, 10, 40),
(1469, 82, 11, 0),
(1470, 82, 12, 0),
(1471, 82, 13, 0),
(1472, 82, 14, 0),
(1473, 82, 15, 0),
(1474, 82, 16, 0),
(1475, 82, 17, 0),
(1476, 82, 18, 0),
(1477, 83, 1, 0),
(1478, 83, 2, 0),
(1479, 83, 3, 0),
(1480, 83, 4, 0),
(1481, 83, 5, 0),
(1482, 83, 6, 0),
(1483, 83, 7, 0),
(1484, 83, 8, 30),
(1485, 83, 9, 30),
(1486, 83, 10, 40),
(1487, 83, 11, 0),
(1488, 83, 12, 0),
(1489, 83, 13, 0),
(1490, 83, 14, 0),
(1491, 83, 15, 0),
(1492, 83, 16, 0),
(1493, 83, 17, 0),
(1494, 83, 18, 0),
(1495, 84, 1, 50),
(1496, 84, 2, 0),
(1497, 84, 3, 0),
(1498, 84, 4, 50),
(1499, 84, 5, 0),
(1500, 84, 6, 0),
(1501, 84, 7, 0),
(1502, 84, 8, 0),
(1503, 84, 9, 0),
(1504, 84, 10, 0),
(1505, 84, 11, 0),
(1506, 84, 12, 0),
(1507, 84, 13, 0),
(1508, 84, 14, 0),
(1509, 84, 15, 0),
(1510, 84, 16, 0),
(1511, 84, 17, 0),
(1512, 84, 18, 0),
(1513, 85, 1, 50),
(1514, 85, 2, 0),
(1515, 85, 3, 0),
(1516, 85, 4, 50),
(1517, 85, 5, 0),
(1518, 85, 6, 0),
(1519, 85, 7, 0),
(1520, 85, 8, 0),
(1521, 85, 9, 0),
(1522, 85, 10, 0),
(1523, 85, 11, 0),
(1524, 85, 12, 0),
(1525, 85, 13, 0),
(1526, 85, 14, 0),
(1527, 85, 15, 0),
(1528, 85, 16, 0),
(1529, 85, 17, 0),
(1530, 85, 18, 0),
(1531, 86, 1, 50),
(1532, 86, 2, 0),
(1533, 86, 3, 0),
(1534, 86, 4, 50),
(1535, 86, 5, 0),
(1536, 86, 6, 0),
(1537, 86, 7, 0),
(1538, 86, 8, 0),
(1539, 86, 9, 0),
(1540, 86, 10, 0),
(1541, 86, 11, 0),
(1542, 86, 12, 0),
(1543, 86, 13, 0),
(1544, 86, 14, 0),
(1545, 86, 15, 0),
(1546, 86, 16, 0),
(1547, 86, 17, 0),
(1548, 86, 18, 0),
(1549, 87, 1, 50),
(1550, 87, 2, 0),
(1551, 87, 3, 0),
(1552, 87, 4, 50),
(1553, 87, 5, 0),
(1554, 87, 6, 0),
(1555, 87, 7, 0),
(1556, 87, 8, 0),
(1557, 87, 9, 0),
(1558, 87, 10, 0),
(1559, 87, 11, 0),
(1560, 87, 12, 0),
(1561, 87, 13, 0),
(1562, 87, 14, 0),
(1563, 87, 15, 0),
(1564, 87, 16, 0),
(1565, 87, 17, 0),
(1566, 87, 18, 0),
(1567, 88, 1, 50),
(1568, 88, 2, 0),
(1569, 88, 3, 0),
(1570, 88, 4, 50),
(1571, 88, 5, 0),
(1572, 88, 6, 0),
(1573, 88, 7, 0),
(1574, 88, 8, 0),
(1575, 88, 9, 0),
(1576, 88, 10, 0),
(1577, 88, 11, 0),
(1578, 88, 12, 0),
(1579, 88, 13, 0),
(1580, 88, 14, 0),
(1581, 88, 15, 0),
(1582, 88, 16, 0),
(1583, 88, 17, 0),
(1584, 88, 18, 0),
(1585, 89, 1, 50),
(1586, 89, 2, 0),
(1587, 89, 3, 0),
(1588, 89, 4, 50),
(1589, 89, 5, 0),
(1590, 89, 6, 0),
(1591, 89, 7, 0),
(1592, 89, 8, 0),
(1593, 89, 9, 0),
(1594, 89, 10, 0),
(1595, 89, 11, 0),
(1596, 89, 12, 0),
(1597, 89, 13, 0),
(1598, 89, 14, 0),
(1599, 89, 15, 0),
(1600, 89, 16, 0),
(1601, 89, 17, 0),
(1602, 89, 18, 0),
(1603, 90, 1, 0),
(1604, 90, 2, 20),
(1605, 90, 3, 0),
(1606, 90, 4, 0),
(1607, 90, 5, 0),
(1608, 90, 6, 20),
(1609, 90, 7, 0),
(1610, 90, 8, 0),
(1611, 90, 9, 20),
(1612, 90, 10, 0),
(1613, 90, 11, 20),
(1614, 90, 12, 0),
(1615, 90, 13, 20),
(1616, 90, 14, 0),
(1617, 90, 15, 0),
(1618, 90, 16, 0),
(1619, 90, 17, 0),
(1620, 90, 18, 0),
(1621, 91, 1, 0),
(1622, 91, 2, 20),
(1623, 91, 3, 0),
(1624, 91, 4, 0),
(1625, 91, 5, 0),
(1626, 91, 6, 20),
(1627, 91, 7, 0),
(1628, 91, 8, 0),
(1629, 91, 9, 20),
(1630, 91, 10, 0),
(1631, 91, 11, 20),
(1632, 91, 12, 0),
(1633, 91, 13, 0),
(1634, 91, 14, 20),
(1635, 91, 15, 0),
(1636, 91, 16, 0),
(1637, 91, 17, 0),
(1638, 91, 18, 0),
(1639, 92, 1, 0),
(1640, 92, 2, 20),
(1641, 92, 3, 0),
(1642, 92, 4, 0),
(1643, 92, 5, 0),
(1644, 92, 6, 20),
(1645, 92, 7, 0),
(1646, 92, 8, 0),
(1647, 92, 9, 20),
(1648, 92, 10, 0),
(1649, 92, 11, 20),
(1650, 92, 12, 0),
(1651, 92, 13, 0),
(1652, 92, 14, 20),
(1653, 92, 15, 0),
(1654, 92, 16, 0),
(1655, 92, 17, 0),
(1656, 92, 18, 0),
(1657, 93, 1, 0),
(1658, 93, 2, 20),
(1659, 93, 3, 0),
(1660, 93, 4, 0),
(1661, 93, 5, 0),
(1662, 93, 6, 20),
(1663, 93, 7, 0),
(1664, 93, 8, 0),
(1665, 93, 9, 20),
(1666, 93, 10, 0),
(1667, 93, 11, 20),
(1668, 93, 12, 0),
(1669, 93, 13, 0),
(1670, 93, 14, 20),
(1671, 93, 15, 0),
(1672, 93, 16, 0),
(1673, 93, 17, 0),
(1674, 93, 18, 0),
(1675, 94, 1, 0),
(1676, 94, 2, 20),
(1677, 94, 3, 0),
(1678, 94, 4, 0),
(1679, 94, 5, 0),
(1680, 94, 6, 20),
(1681, 94, 7, 0),
(1682, 94, 8, 0),
(1683, 94, 9, 20),
(1684, 94, 10, 0),
(1685, 94, 11, 20),
(1686, 94, 12, 0),
(1687, 94, 13, 0),
(1688, 94, 14, 20),
(1689, 94, 15, 0),
(1690, 94, 16, 0),
(1691, 94, 17, 0),
(1692, 94, 18, 0),
(1693, 95, 1, 0),
(1694, 95, 2, 20),
(1695, 95, 3, 0),
(1696, 95, 4, 0),
(1697, 95, 5, 0),
(1698, 95, 6, 20),
(1699, 95, 7, 0),
(1700, 95, 8, 0),
(1701, 95, 9, 20),
(1702, 95, 10, 0),
(1703, 95, 11, 20),
(1704, 95, 12, 0),
(1705, 95, 13, 0),
(1706, 95, 14, 20),
(1707, 95, 15, 0),
(1708, 95, 16, 0),
(1709, 95, 17, 0),
(1710, 95, 18, 0),
(1711, 96, 1, 20),
(1712, 96, 2, 0),
(1713, 96, 3, 0),
(1714, 96, 4, 0),
(1715, 96, 5, 20),
(1716, 96, 6, 0),
(1717, 96, 7, 0),
(1718, 96, 8, 20),
(1719, 96, 9, 0),
(1720, 96, 10, 0),
(1721, 96, 11, 0),
(1722, 96, 12, 20),
(1723, 96, 13, 20),
(1724, 96, 14, 0),
(1725, 96, 15, 0),
(1726, 96, 16, 0),
(1727, 96, 17, 0),
(1728, 96, 18, 0),
(1729, 97, 1, 20),
(1730, 97, 2, 0),
(1731, 97, 3, 0),
(1732, 97, 4, 0),
(1733, 97, 5, 20),
(1734, 97, 6, 0),
(1735, 97, 7, 0),
(1736, 97, 8, 20),
(1737, 97, 9, 0),
(1738, 97, 10, 0),
(1739, 97, 11, 0),
(1740, 97, 12, 20),
(1741, 97, 13, 20),
(1742, 97, 14, 0),
(1743, 97, 15, 0),
(1744, 97, 16, 0),
(1745, 97, 17, 0),
(1746, 97, 18, 0),
(1747, 98, 1, 20),
(1748, 98, 2, 0),
(1749, 98, 3, 0),
(1750, 98, 4, 0),
(1751, 98, 5, 20),
(1752, 98, 6, 0),
(1753, 98, 7, 0),
(1754, 98, 8, 20),
(1755, 98, 9, 0),
(1756, 98, 10, 0),
(1757, 98, 11, 0),
(1758, 98, 12, 20),
(1759, 98, 13, 20),
(1760, 98, 14, 0),
(1761, 98, 15, 0),
(1762, 98, 16, 0),
(1763, 98, 17, 0),
(1764, 98, 18, 0),
(1765, 99, 1, 20),
(1766, 99, 2, 0),
(1767, 99, 3, 0),
(1768, 99, 4, 0),
(1769, 99, 5, 20),
(1770, 99, 6, 0),
(1771, 99, 7, 0),
(1772, 99, 8, 20),
(1773, 99, 9, 0),
(1774, 99, 10, 0),
(1775, 99, 11, 0),
(1776, 99, 12, 20),
(1777, 99, 13, 20),
(1778, 99, 14, 0),
(1779, 99, 15, 0),
(1780, 99, 16, 0),
(1781, 99, 17, 0),
(1782, 99, 18, 0),
(1783, 100, 1, 20),
(1784, 100, 2, 0),
(1785, 100, 3, 0),
(1786, 100, 4, 0),
(1787, 100, 5, 20),
(1788, 100, 6, 0),
(1789, 100, 7, 0),
(1790, 100, 8, 20),
(1791, 100, 9, 0),
(1792, 100, 10, 0),
(1793, 100, 11, 0),
(1794, 100, 12, 20),
(1795, 100, 13, 20),
(1796, 100, 14, 0),
(1797, 100, 15, 0),
(1798, 100, 16, 0),
(1799, 100, 17, 0),
(1800, 100, 18, 0),
(1801, 101, 1, 20),
(1802, 101, 2, 0),
(1803, 101, 3, 0),
(1804, 101, 4, 0),
(1805, 101, 5, 20),
(1806, 101, 6, 0),
(1807, 101, 7, 0),
(1808, 101, 8, 20),
(1809, 101, 9, 0),
(1810, 101, 10, 0),
(1811, 101, 11, 0),
(1812, 101, 12, 20),
(1813, 101, 13, 20),
(1814, 101, 14, 0),
(1815, 101, 15, 0),
(1816, 101, 16, 0),
(1817, 101, 17, 0),
(1818, 101, 18, 0),
(1819, 102, 1, 50),
(1820, 102, 2, 50),
(1821, 102, 3, 0),
(1822, 102, 4, 0),
(1823, 102, 5, 0),
(1824, 102, 6, 0),
(1825, 102, 7, 0),
(1826, 102, 8, 0),
(1827, 102, 9, 0),
(1828, 102, 10, 0),
(1829, 102, 11, 0),
(1830, 102, 12, 0),
(1831, 102, 13, 0),
(1832, 102, 14, 0),
(1833, 102, 15, 0),
(1834, 102, 16, 0),
(1835, 102, 17, 0),
(1836, 102, 18, 0),
(1837, 103, 1, 50),
(1838, 103, 2, 50),
(1839, 103, 3, 0),
(1840, 103, 4, 0),
(1841, 103, 5, 0),
(1842, 103, 6, 0),
(1843, 103, 7, 0),
(1844, 103, 8, 0),
(1845, 103, 9, 0),
(1846, 103, 10, 0),
(1847, 103, 11, 0),
(1848, 103, 12, 0),
(1849, 103, 13, 0),
(1850, 103, 14, 0),
(1851, 103, 15, 0),
(1852, 103, 16, 0),
(1853, 103, 17, 0),
(1854, 103, 18, 0),
(1855, 104, 1, 25),
(1856, 104, 2, 0),
(1857, 104, 3, 25),
(1858, 104, 4, 0),
(1859, 104, 5, 0),
(1860, 104, 6, 0),
(1861, 104, 7, 0),
(1862, 104, 8, 0),
(1863, 104, 9, 50),
(1864, 104, 10, 0),
(1865, 104, 11, 0),
(1866, 104, 12, 0),
(1867, 104, 13, 0),
(1868, 104, 14, 0),
(1869, 104, 15, 0),
(1870, 104, 16, 0),
(1871, 104, 17, 0),
(1872, 104, 18, 0),
(1873, 105, 1, 60),
(1874, 105, 2, 20),
(1875, 105, 3, 20),
(1876, 105, 4, 0),
(1877, 105, 5, 0),
(1878, 105, 6, 0),
(1879, 105, 7, 0),
(1880, 105, 8, 0),
(1881, 105, 9, 0),
(1882, 105, 10, 0),
(1883, 105, 11, 0),
(1884, 105, 12, 0),
(1885, 105, 13, 0),
(1886, 105, 14, 0),
(1887, 105, 15, 0),
(1888, 105, 16, 0),
(1889, 105, 17, 0),
(1890, 105, 18, 0),
(1891, 106, 1, 0),
(1892, 106, 2, 0),
(1893, 106, 3, 0),
(1894, 106, 4, 0),
(1895, 106, 5, 0),
(1896, 106, 6, 0),
(1897, 106, 7, 0),
(1898, 106, 8, 25),
(1899, 106, 9, 0),
(1900, 106, 10, 0),
(1901, 106, 11, 25),
(1902, 106, 12, 0),
(1903, 106, 13, 0),
(1904, 106, 14, 25),
(1905, 106, 15, 0),
(1906, 106, 16, 0),
(1907, 106, 17, 25),
(1908, 106, 18, 0),
(1909, 107, 1, 0),
(1910, 107, 2, 0),
(1911, 107, 3, 0),
(1912, 107, 4, 0),
(1913, 107, 5, 0),
(1914, 107, 6, 0),
(1915, 107, 7, 0),
(1916, 107, 8, 0),
(1917, 107, 9, 0),
(1918, 107, 10, 60),
(1919, 107, 11, 0),
(1920, 107, 12, 0),
(1921, 107, 13, 40),
(1922, 107, 14, 0),
(1923, 107, 15, 0),
(1924, 107, 16, 0),
(1925, 107, 17, 0),
(1926, 107, 18, 0),
(1927, 108, 1, 0),
(1928, 108, 2, 0),
(1929, 108, 3, 0),
(1930, 108, 4, 0),
(1931, 108, 5, 0),
(1932, 108, 6, 0),
(1933, 108, 7, 0),
(1934, 108, 8, 0),
(1935, 108, 9, 20),
(1936, 108, 10, 0),
(1937, 108, 11, 20),
(1938, 108, 12, 0),
(1939, 108, 13, 20),
(1940, 108, 14, 0),
(1941, 108, 15, 20),
(1942, 108, 16, 0),
(1943, 108, 17, 20),
(1944, 108, 18, 0),
(1945, 109, 1, 0),
(1946, 109, 2, 0),
(1947, 109, 3, 0),
(1948, 109, 4, 0),
(1949, 109, 5, 0),
(1950, 109, 6, 0),
(1951, 109, 7, 0),
(1952, 109, 8, 50),
(1953, 109, 9, 0),
(1954, 109, 10, 50),
(1955, 109, 11, 0),
(1956, 109, 12, 0),
(1957, 109, 13, 0),
(1958, 109, 14, 0),
(1959, 109, 15, 0),
(1960, 109, 16, 0),
(1961, 109, 17, 0),
(1962, 109, 18, 0),
(1963, 110, 1, 0),
(1964, 110, 2, 0),
(1965, 110, 3, 0),
(1966, 110, 4, 0),
(1967, 110, 5, 0),
(1968, 110, 6, 0),
(1969, 110, 7, 0),
(1970, 110, 8, 0),
(1971, 110, 9, 60),
(1972, 110, 10, 0),
(1973, 110, 11, 40),
(1974, 110, 12, 0),
(1975, 110, 13, 0),
(1976, 110, 14, 0),
(1977, 110, 15, 0),
(1978, 110, 16, 0),
(1979, 110, 17, 0),
(1980, 110, 18, 0),
(1981, 111, 1, 0),
(1982, 111, 2, 0),
(1983, 111, 3, 0),
(1984, 111, 4, 25),
(1985, 111, 5, 0),
(1986, 111, 6, 25),
(1987, 111, 7, 0),
(1988, 111, 8, 0),
(1989, 111, 9, 10),
(1990, 111, 10, 40),
(1991, 111, 11, 0),
(1992, 111, 12, 0),
(1993, 111, 13, 0),
(1994, 111, 14, 0),
(1995, 111, 15, 0),
(1996, 111, 16, 0),
(1997, 111, 17, 0),
(1998, 111, 18, 0),
(1999, 112, 1, 20),
(2000, 112, 2, 0),
(2001, 112, 3, 20),
(2002, 112, 4, 0),
(2003, 112, 5, 0),
(2004, 112, 6, 60),
(2005, 112, 7, 0),
(2006, 112, 8, 0),
(2007, 112, 9, 0),
(2008, 112, 10, 0),
(2009, 112, 11, 0),
(2010, 112, 12, 0),
(2011, 112, 13, 0),
(2012, 112, 14, 0),
(2013, 112, 15, 0),
(2014, 112, 16, 0),
(2015, 112, 17, 0),
(2016, 112, 18, 0),
(2017, 113, 1, 20),
(2018, 113, 2, 0),
(2019, 113, 3, 40),
(2020, 113, 4, 0),
(2021, 113, 5, 25),
(2022, 113, 6, 15),
(2023, 113, 7, 0),
(2024, 113, 8, 0),
(2025, 113, 9, 0),
(2026, 113, 10, 0),
(2027, 113, 11, 0),
(2028, 113, 12, 0),
(2029, 113, 13, 0),
(2030, 113, 14, 0),
(2031, 113, 15, 0),
(2032, 113, 16, 0),
(2033, 113, 17, 0),
(2034, 113, 18, 0),
(2035, 114, 1, 0),
(2036, 114, 2, 0),
(2037, 114, 3, 0),
(2038, 114, 4, 0),
(2039, 114, 5, 0),
(2040, 114, 6, 0),
(2041, 114, 7, 0),
(2042, 114, 8, 30),
(2043, 114, 9, 0),
(2044, 114, 10, 30),
(2045, 114, 11, 0),
(2046, 114, 12, 40),
(2047, 114, 13, 0),
(2048, 114, 14, 0),
(2049, 114, 15, 0),
(2050, 114, 16, 0),
(2051, 114, 17, 0),
(2052, 114, 18, 0),
(2053, 115, 1, 0),
(2054, 115, 2, 0),
(2055, 115, 3, 0),
(2056, 115, 4, 0),
(2057, 115, 5, 0),
(2058, 115, 6, 0),
(2059, 115, 7, 0),
(2060, 115, 8, 0),
(2061, 115, 9, 30),
(2062, 115, 10, 60),
(2063, 115, 11, 0),
(2064, 115, 12, 0),
(2065, 115, 13, 0),
(2066, 115, 14, 0),
(2067, 115, 15, 0),
(2068, 115, 16, 0),
(2069, 115, 17, 0),
(2070, 115, 18, 10),
(2071, 116, 1, 25),
(2072, 116, 2, 0),
(2073, 116, 3, 25),
(2074, 116, 4, 0),
(2075, 116, 5, 25),
(2076, 116, 6, 0),
(2077, 116, 7, 25),
(2078, 116, 8, 0),
(2079, 116, 9, 0),
(2080, 116, 10, 0),
(2081, 116, 11, 0),
(2082, 116, 12, 0),
(2083, 116, 13, 0),
(2084, 116, 14, 0),
(2085, 116, 15, 0),
(2086, 116, 16, 0),
(2087, 116, 17, 0),
(2088, 116, 18, 0),
(2089, 117, 1, 60),
(2090, 117, 2, 0),
(2091, 117, 3, 40),
(2092, 117, 4, 0),
(2093, 117, 5, 0),
(2094, 117, 6, 0),
(2095, 117, 7, 0),
(2096, 117, 8, 0),
(2097, 117, 9, 0),
(2098, 117, 10, 0),
(2099, 117, 11, 0),
(2100, 117, 12, 0),
(2101, 117, 13, 0),
(2102, 117, 14, 0),
(2103, 117, 15, 0),
(2104, 117, 16, 0),
(2105, 117, 17, 0),
(2106, 117, 18, 0),
(2107, 118, 1, 0),
(2108, 118, 2, 50),
(2109, 118, 3, 0),
(2110, 118, 4, 40),
(2111, 118, 5, 10),
(2112, 118, 6, 0),
(2113, 118, 7, 0),
(2114, 118, 8, 0),
(2115, 118, 9, 0),
(2116, 118, 10, 0),
(2117, 118, 11, 0),
(2118, 118, 12, 0),
(2119, 118, 13, 0),
(2120, 118, 14, 0),
(2121, 118, 15, 0),
(2122, 118, 16, 0),
(2123, 118, 17, 0),
(2124, 118, 18, 0),
(2125, 119, 1, 0),
(2126, 119, 2, 0),
(2127, 119, 3, 0),
(2128, 119, 4, 0),
(2129, 119, 5, 0),
(2130, 119, 6, 25),
(2131, 119, 7, 0),
(2132, 119, 8, 0),
(2133, 119, 9, 0),
(2134, 119, 10, 0),
(2135, 119, 11, 15),
(2136, 119, 12, 0),
(2137, 119, 13, 0),
(2138, 119, 14, 30),
(2139, 119, 15, 0),
(2140, 119, 16, 0),
(2141, 119, 17, 0),
(2142, 119, 18, 30),
(2143, 120, 1, 0),
(2144, 120, 2, 0),
(2145, 120, 3, 0),
(2146, 120, 4, 0),
(2147, 120, 5, 0),
(2148, 120, 6, 0),
(2149, 120, 7, 0),
(2150, 120, 8, 25),
(2151, 120, 9, 0),
(2152, 120, 10, 25),
(2153, 120, 11, 25),
(2154, 120, 12, 0),
(2155, 120, 13, 0),
(2156, 120, 14, 0),
(2157, 120, 15, 25),
(2158, 120, 16, 0),
(2159, 120, 17, 0),
(2160, 120, 18, 0),
(2161, 121, 1, 0),
(2162, 121, 2, 30),
(2163, 121, 3, 0),
(2164, 121, 4, 30),
(2165, 121, 5, 0),
(2166, 121, 6, 10),
(2167, 121, 7, 0),
(2168, 121, 8, 0),
(2169, 121, 9, 30),
(2170, 121, 10, 0),
(2171, 121, 11, 0),
(2172, 121, 12, 0),
(2173, 121, 13, 0),
(2174, 121, 14, 0),
(2175, 121, 15, 0),
(2176, 121, 16, 0),
(2177, 121, 17, 0),
(2178, 121, 18, 0),
(2179, 122, 1, 0),
(2180, 122, 2, 10),
(2181, 122, 3, 0),
(2182, 122, 4, 0),
(2183, 122, 5, 40),
(2184, 122, 6, 0),
(2185, 122, 7, 0),
(2186, 122, 8, 25),
(2187, 122, 9, 0),
(2188, 122, 10, 0),
(2189, 122, 11, 25),
(2190, 122, 12, 0),
(2191, 122, 13, 0),
(2192, 122, 14, 0),
(2193, 122, 15, 0),
(2194, 122, 16, 0),
(2195, 122, 17, 0),
(2196, 122, 18, 0),
(2197, 123, 1, 0),
(2198, 123, 2, 0),
(2199, 123, 3, 10),
(2200, 123, 4, 0),
(2201, 123, 5, 0),
(2202, 123, 6, 0),
(2203, 123, 7, 0),
(2204, 123, 8, 0),
(2205, 123, 9, 0),
(2206, 123, 10, 0),
(2207, 123, 11, 0),
(2208, 123, 12, 0),
(2209, 123, 13, 60),
(2210, 123, 14, 0),
(2211, 123, 15, 0),
(2212, 123, 16, 0),
(2213, 123, 17, 10),
(2214, 123, 18, 20),
(2215, 124, 1, 30),
(2216, 124, 2, 0),
(2217, 124, 3, 20),
(2218, 124, 4, 0),
(2219, 124, 5, 0),
(2220, 124, 6, 25),
(2221, 124, 7, 0),
(2222, 124, 8, 0),
(2223, 124, 9, 0),
(2224, 124, 10, 0),
(2225, 124, 11, 0),
(2226, 124, 12, 0),
(2227, 124, 13, 0),
(2228, 124, 14, 0),
(2229, 124, 15, 0),
(2230, 124, 16, 0),
(2231, 124, 17, 0),
(2232, 124, 18, 25),
(2233, 125, 1, 0),
(2234, 125, 2, 0),
(2235, 125, 3, 0),
(2236, 125, 4, 0),
(2237, 125, 5, 0),
(2238, 125, 6, 0),
(2239, 125, 7, 0),
(2240, 125, 8, 0),
(2241, 125, 9, 0),
(2242, 125, 10, 20),
(2243, 125, 11, 0),
(2244, 125, 12, 0),
(2245, 125, 13, 30),
(2246, 125, 14, 0),
(2247, 125, 15, 0),
(2248, 125, 16, 50),
(2249, 125, 17, 0),
(2250, 125, 18, 0),
(2251, 126, 1, 0),
(2252, 126, 2, 0),
(2253, 126, 3, 20),
(2254, 126, 4, 0),
(2255, 126, 5, 0),
(2256, 126, 6, 20),
(2257, 126, 7, 0),
(2258, 126, 8, 60),
(2259, 126, 9, 0),
(2260, 126, 10, 0),
(2261, 126, 11, 0),
(2262, 126, 12, 0),
(2263, 126, 13, 0),
(2264, 126, 14, 0),
(2265, 126, 15, 0),
(2266, 126, 16, 0),
(2267, 126, 17, 0),
(2268, 126, 18, 0),
(2269, 127, 1, 0),
(2270, 127, 2, 20),
(2271, 127, 3, 30),
(2272, 127, 4, 0),
(2273, 127, 5, 30),
(2274, 127, 6, 0),
(2275, 127, 7, 0),
(2276, 127, 8, 0),
(2277, 127, 9, 0),
(2278, 127, 10, 0),
(2279, 127, 11, 0),
(2280, 127, 12, 0),
(2281, 127, 13, 10),
(2282, 127, 14, 0),
(2283, 127, 15, 0),
(2284, 127, 16, 10),
(2285, 127, 17, 0),
(2286, 127, 18, 0),
(2287, 128, 1, 0),
(2288, 128, 2, 0),
(2289, 128, 3, 25),
(2290, 128, 4, 0),
(2291, 128, 5, 50),
(2292, 128, 6, 0),
(2293, 128, 7, 0),
(2294, 128, 8, 0),
(2295, 128, 9, 25),
(2296, 128, 10, 0),
(2297, 128, 11, 0),
(2298, 128, 12, 0),
(2299, 128, 13, 0),
(2300, 128, 14, 0),
(2301, 128, 15, 0),
(2302, 128, 16, 0),
(2303, 128, 17, 0),
(2304, 128, 18, 0),
(2305, 129, 1, 0),
(2306, 129, 2, 30),
(2307, 129, 3, 0),
(2308, 129, 4, 30),
(2309, 129, 5, 0),
(2310, 129, 6, 40),
(2311, 129, 7, 0),
(2312, 129, 8, 0),
(2313, 129, 9, 0),
(2314, 129, 10, 0),
(2315, 129, 11, 0),
(2316, 129, 12, 0),
(2317, 129, 13, 0),
(2318, 129, 14, 0),
(2319, 129, 15, 0),
(2320, 129, 16, 0),
(2321, 129, 17, 0),
(2322, 129, 18, 0),
(2323, 130, 1, 0),
(2324, 130, 2, 40),
(2325, 130, 3, 0),
(2326, 130, 4, 0),
(2327, 130, 5, 0),
(2328, 130, 6, 0),
(2329, 130, 7, 0),
(2330, 130, 8, 0),
(2331, 130, 9, 40),
(2332, 130, 10, 0),
(2333, 130, 11, 0),
(2334, 130, 12, 0),
(2335, 130, 13, 0),
(2336, 130, 14, 0),
(2337, 130, 15, 0),
(2338, 130, 16, 0),
(2339, 130, 17, 20),
(2340, 130, 18, 0),
(2341, 131, 1, 0),
(2342, 131, 2, 0),
(2343, 131, 3, 0),
(2344, 131, 4, 25),
(2345, 131, 5, 0),
(2346, 131, 6, 50),
(2347, 131, 7, 0),
(2348, 131, 8, 25),
(2349, 131, 9, 0),
(2350, 131, 10, 0),
(2351, 131, 11, 0),
(2352, 131, 12, 0),
(2353, 131, 13, 0),
(2354, 131, 14, 0),
(2355, 131, 15, 0),
(2356, 131, 16, 0),
(2357, 131, 17, 0),
(2358, 131, 18, 0),
(2359, 132, 1, 0),
(2360, 132, 2, 0),
(2361, 132, 3, 25),
(2362, 132, 4, 0),
(2363, 132, 5, 0),
(2364, 132, 6, 0),
(2365, 132, 7, 0),
(2366, 132, 8, 0),
(2367, 132, 9, 0),
(2368, 132, 10, 25),
(2369, 132, 11, 0),
(2370, 132, 12, 0),
(2371, 132, 13, 0),
(2372, 132, 14, 20),
(2373, 132, 15, 0),
(2374, 132, 16, 0),
(2375, 132, 17, 30),
(2376, 132, 18, 0),
(2377, 133, 1, 0),
(2378, 133, 2, 0),
(2379, 133, 3, 0),
(2380, 133, 4, 30),
(2381, 133, 5, 30),
(2382, 133, 6, 30),
(2383, 133, 7, 10),
(2384, 133, 8, 0),
(2385, 133, 9, 0),
(2386, 133, 10, 0),
(2387, 133, 11, 0),
(2388, 133, 12, 0),
(2389, 133, 13, 0),
(2390, 133, 14, 0),
(2391, 133, 15, 0),
(2392, 133, 16, 0),
(2393, 133, 17, 0),
(2394, 133, 18, 0),
(2395, 134, 1, 0),
(2396, 134, 2, 0),
(2397, 134, 3, 0),
(2398, 134, 4, 35),
(2399, 134, 5, 0),
(2400, 134, 6, 20),
(2401, 134, 7, 10),
(2402, 134, 8, 0),
(2403, 134, 9, 0),
(2404, 134, 10, 35),
(2405, 134, 11, 0),
(2406, 134, 12, 0),
(2407, 134, 13, 0),
(2408, 134, 14, 0),
(2409, 134, 15, 0),
(2410, 134, 16, 0),
(2411, 134, 17, 0),
(2412, 134, 18, 0),
(2413, 135, 1, 0),
(2414, 135, 2, 0),
(2415, 135, 3, 0),
(2416, 135, 4, 0),
(2417, 135, 5, 0),
(2418, 135, 6, 0),
(2419, 135, 7, 0),
(2420, 135, 8, 0),
(2421, 135, 9, 0),
(2422, 135, 10, 10),
(2423, 135, 11, 0),
(2424, 135, 12, 0),
(2425, 135, 13, 20),
(2426, 135, 14, 0),
(2427, 135, 15, 20),
(2428, 135, 16, 0),
(2429, 135, 17, 50),
(2430, 135, 18, 0),
(2431, 136, 1, 0),
(2432, 136, 2, 0),
(2433, 136, 3, 0),
(2434, 136, 4, 0),
(2435, 136, 5, 0),
(2436, 136, 6, 0),
(2437, 136, 7, 0),
(2438, 136, 8, 50),
(2439, 136, 9, 0),
(2440, 136, 10, 50),
(2441, 136, 11, 0),
(2442, 136, 12, 0),
(2443, 136, 13, 0),
(2444, 136, 14, 0),
(2445, 136, 15, 0),
(2446, 136, 16, 0),
(2447, 136, 17, 0),
(2448, 136, 18, 0),
(2449, 137, 1, 0),
(2450, 137, 2, 0),
(2451, 137, 3, 0),
(2452, 137, 4, 0),
(2453, 137, 5, 0),
(2454, 137, 6, 0),
(2455, 137, 7, 0),
(2456, 137, 8, 0),
(2457, 137, 9, 0),
(2458, 137, 10, 0),
(2459, 137, 11, 0),
(2460, 137, 12, 0),
(2461, 137, 13, 30),
(2462, 137, 14, 30),
(2463, 137, 15, 0),
(2464, 137, 16, 30),
(2465, 137, 17, 10),
(2466, 137, 18, 0),
(2467, 138, 1, 0),
(2468, 138, 2, 0),
(2469, 138, 3, 20),
(2470, 138, 4, 0),
(2471, 138, 5, 0),
(2472, 138, 6, 0),
(2473, 138, 7, 0),
(2474, 138, 8, 0),
(2475, 138, 9, 0),
(2476, 138, 10, 60),
(2477, 138, 11, 0),
(2478, 138, 12, 0),
(2479, 138, 13, 0),
(2480, 138, 14, 0),
(2481, 138, 15, 0),
(2482, 138, 16, 0),
(2483, 138, 17, 20),
(2484, 138, 18, 0),
(2485, 139, 1, 0),
(2486, 139, 2, 0),
(2487, 139, 3, 0),
(2488, 139, 4, 0),
(2489, 139, 5, 0),
(2490, 139, 6, 0),
(2491, 139, 7, 0),
(2492, 139, 8, 10),
(2493, 139, 9, 10),
(2494, 139, 10, 10),
(2495, 139, 11, 10),
(2496, 139, 12, 10),
(2497, 139, 13, 10),
(2498, 139, 14, 10),
(2499, 139, 15, 10),
(2500, 139, 16, 10),
(2501, 139, 17, 10),
(2502, 139, 18, 0),
(2503, 140, 1, 0),
(2504, 140, 2, 0),
(2505, 140, 3, 0),
(2506, 140, 4, 0),
(2507, 140, 5, 0),
(2508, 140, 6, 0),
(2509, 140, 7, 0),
(2510, 140, 8, 0),
(2511, 140, 9, 0),
(2512, 140, 10, 50),
(2513, 140, 11, 25),
(2514, 140, 12, 0),
(2515, 140, 13, 0),
(2516, 140, 14, 0),
(2517, 140, 15, 0),
(2518, 140, 16, 0),
(2519, 140, 17, 0),
(2520, 140, 18, 25),
(2521, 141, 1, 0),
(2522, 141, 2, 30),
(2523, 141, 3, 0),
(2524, 141, 4, 0),
(2525, 141, 5, 0),
(2526, 141, 6, 0),
(2527, 141, 7, 0),
(2528, 141, 8, 0),
(2529, 141, 9, 0),
(2530, 141, 10, 30),
(2531, 141, 11, 0),
(2532, 141, 12, 20),
(2533, 141, 13, 0),
(2534, 141, 14, 20),
(2535, 141, 15, 0),
(2536, 141, 16, 0),
(2537, 141, 17, 0),
(2538, 141, 18, 0),
(2539, 142, 1, 0),
(2540, 142, 2, 0),
(2541, 142, 3, 0),
(2542, 142, 4, 25),
(2543, 142, 5, 0),
(2544, 142, 6, 0),
(2545, 142, 7, 25),
(2546, 142, 8, 0),
(2547, 142, 9, 0),
(2548, 142, 10, 50),
(2549, 142, 11, 0),
(2550, 142, 12, 0),
(2551, 142, 13, 0),
(2552, 142, 14, 0),
(2553, 142, 15, 0),
(2554, 142, 16, 0),
(2555, 142, 17, 0),
(2556, 142, 18, 0),
(2557, 143, 1, 0),
(2558, 143, 2, 0),
(2559, 143, 3, 25),
(2560, 143, 4, 0),
(2561, 143, 5, 30),
(2562, 143, 6, 0),
(2563, 143, 7, 20),
(2564, 143, 8, 0),
(2565, 143, 9, 0),
(2566, 143, 10, 25),
(2567, 143, 11, 0),
(2568, 143, 12, 0),
(2569, 143, 13, 0),
(2570, 143, 14, 0),
(2571, 143, 15, 0),
(2572, 143, 16, 0),
(2573, 143, 17, 0),
(2574, 143, 18, 0),
(2575, 144, 1, 0),
(2576, 144, 2, 0),
(2577, 144, 3, 0),
(2578, 144, 4, 0),
(2579, 144, 5, 0),
(2580, 144, 6, 0),
(2581, 144, 7, 0),
(2582, 144, 8, 30),
(2583, 144, 9, 0),
(2584, 144, 10, 0),
(2585, 144, 11, 30),
(2586, 144, 12, 0),
(2587, 144, 13, 0),
(2588, 144, 14, 30),
(2589, 144, 15, 0),
(2590, 144, 16, 0),
(2591, 144, 17, 0),
(2592, 144, 18, 10),
(2593, 145, 1, 0),
(2594, 145, 2, 25),
(2595, 145, 3, 0),
(2596, 145, 4, 0),
(2597, 145, 5, 0),
(2598, 145, 6, 25),
(2599, 145, 7, 0),
(2600, 145, 8, 0),
(2601, 145, 9, 0),
(2602, 145, 10, 0),
(2603, 145, 11, 0),
(2604, 145, 12, 0),
(2605, 145, 13, 50),
(2606, 145, 14, 0),
(2607, 145, 15, 0),
(2608, 145, 16, 0),
(2609, 145, 17, 0),
(2610, 145, 18, 0),
(2611, 146, 1, 10),
(2612, 146, 2, 0),
(2613, 146, 3, 0),
(2614, 146, 4, 0),
(2615, 146, 5, 0),
(2616, 146, 6, 0),
(2617, 146, 7, 0),
(2618, 146, 8, 0),
(2619, 146, 9, 0),
(2620, 146, 10, 30),
(2621, 146, 11, 0),
(2622, 146, 12, 0),
(2623, 146, 13, 30),
(2624, 146, 14, 0),
(2625, 146, 15, 0),
(2626, 146, 16, 30),
(2627, 146, 17, 0),
(2628, 146, 18, 0),
(2629, 147, 1, 0),
(2630, 147, 2, 0),
(2631, 147, 3, 0),
(2632, 147, 4, 20),
(2633, 147, 5, 0),
(2634, 147, 6, 0),
(2635, 147, 7, 30),
(2636, 147, 8, 0),
(2637, 147, 9, 0),
(2638, 147, 10, 0),
(2639, 147, 11, 0),
(2640, 147, 12, 0),
(2641, 147, 13, 0),
(2642, 147, 14, 0),
(2643, 147, 15, 0),
(2644, 147, 16, 20),
(2645, 147, 17, 0),
(2646, 147, 18, 30),
(2647, 148, 1, 0),
(2648, 148, 2, 0),
(2649, 148, 3, 0),
(2650, 148, 4, 0),
(2651, 148, 5, 0),
(2652, 148, 6, 0),
(2653, 148, 7, 0),
(2654, 148, 8, 0),
(2655, 148, 9, 25),
(2656, 148, 10, 25),
(2657, 148, 11, 0),
(2658, 148, 12, 0),
(2659, 148, 13, 0),
(2660, 148, 14, 0),
(2661, 148, 15, 0),
(2662, 148, 16, 0),
(2663, 148, 17, 50),
(2664, 148, 18, 0),
(2665, 149, 1, 0),
(2666, 149, 2, 20),
(2667, 149, 3, 0),
(2668, 149, 4, 20),
(2669, 149, 5, 0),
(2670, 149, 6, 60),
(2671, 149, 7, 0),
(2672, 149, 8, 0),
(2673, 149, 9, 0),
(2674, 149, 10, 0),
(2675, 149, 11, 0),
(2676, 149, 12, 0),
(2677, 149, 13, 0),
(2678, 149, 14, 0),
(2679, 149, 15, 0),
(2680, 149, 16, 0),
(2681, 149, 17, 0),
(2682, 149, 18, 0),
(2683, 150, 1, 0),
(2684, 150, 2, 30),
(2685, 150, 3, 0),
(2686, 150, 4, 0),
(2687, 150, 5, 30),
(2688, 150, 6, 0),
(2689, 150, 7, 0),
(2690, 150, 8, 0),
(2691, 150, 9, 0),
(2692, 150, 10, 0),
(2693, 150, 11, 30),
(2694, 150, 12, 0),
(2695, 150, 13, 0),
(2696, 150, 14, 0),
(2697, 150, 15, 0),
(2698, 150, 16, 0),
(2699, 150, 17, 0),
(2700, 150, 18, 10),
(2701, 151, 1, 0),
(2702, 151, 2, 20),
(2703, 151, 3, 0),
(2704, 151, 4, 20),
(2705, 151, 5, 0),
(2706, 151, 6, 0),
(2707, 151, 7, 20),
(2708, 151, 8, 0),
(2709, 151, 9, 0),
(2710, 151, 10, 0),
(2711, 151, 11, 0),
(2712, 151, 12, 0),
(2713, 151, 13, 0),
(2714, 151, 14, 20),
(2715, 151, 15, 0),
(2716, 151, 16, 0),
(2717, 151, 17, 20),
(2718, 151, 18, 0),
(2719, 152, 1, 0),
(2720, 152, 2, 0),
(2721, 152, 3, 50),
(2722, 152, 4, 0),
(2723, 152, 5, 0),
(2724, 152, 6, 0),
(2725, 152, 7, 0),
(2726, 152, 8, 0),
(2727, 152, 9, 0),
(2728, 152, 10, 0),
(2729, 152, 11, 0),
(2730, 152, 12, 0),
(2731, 152, 13, 0),
(2732, 152, 14, 0),
(2733, 152, 15, 0),
(2734, 152, 16, 0),
(2735, 152, 17, 0),
(2736, 152, 18, 50),
(2737, 153, 1, 0),
(2738, 153, 2, 0),
(2739, 153, 3, 0),
(2740, 153, 4, 0),
(2741, 153, 5, 0),
(2742, 153, 6, 0),
(2743, 153, 7, 0),
(2744, 153, 8, 0),
(2745, 153, 9, 30),
(2746, 153, 10, 0),
(2747, 153, 11, 0),
(2748, 153, 12, 0),
(2749, 153, 13, 0),
(2750, 153, 14, 0),
(2751, 153, 15, 0),
(2752, 153, 16, 10),
(2753, 153, 17, 30),
(2754, 153, 18, 30),
(2755, 1, 19, 0),
(2756, 3, 19, 0),
(2757, 6, 19, 0),
(2758, 5, 19, 0),
(2759, 4, 19, 0),
(2760, 2, 19, 0);

-- --------------------------------------------------------

--
-- Table structure for table `raw_coffee`
--

DROP TABLE IF EXISTS `raw_coffee`;
CREATE TABLE IF NOT EXISTS `raw_coffee` (
  `raw_id` int(11) NOT NULL AUTO_INCREMENT,
  `raw_coffee` varchar(20) NOT NULL,
  `raw_reorder` int(11) NOT NULL,
  `raw_stock` int(50) NOT NULL,
  `unitPrice` decimal(11,0) NOT NULL,
  `sup_id` int(11) NOT NULL,
  `raw_physcount` int(11) NOT NULL DEFAULT '0',
  `raw_remarks` varchar(45) DEFAULT NULL,
  `raw_discrepancy` int(11) NOT NULL DEFAULT '0',
  `inventory_date` date DEFAULT NULL,
  `raw_activation` int(11) NOT NULL DEFAULT '1',
  `raw_type` varchar(50) NOT NULL,
  `category` varchar(45) DEFAULT '1',
  PRIMARY KEY (`raw_id`)
) ENGINE=InnoDB AUTO_INCREMENT=19 DEFAULT CHARSET=latin1;

--
-- Dumping data for table `raw_coffee`
--

INSERT INTO `raw_coffee` (`raw_id`, `raw_coffee`, `raw_reorder`, `raw_stock`, `unitPrice`, `sup_id`, `raw_physcount`, `raw_remarks`, `raw_discrepancy`, `inventory_date`, `raw_activation`, `raw_type`, `category`) VALUES
(1, 'Guatemala', 500000, 518525, '450', 1, 976580, '', 0, '2018-05-25', 1, 'city roast', '1'),
(2, 'Guatemala', 500000, 934850, '380', 1, 877530, '', 0, '2018-05-25', 1, 'medium roast', '1'),
(3, 'Guatemala', 500000, 1256825, '250', 1, 916700, '', -1, '2018-05-25', 1, 'light roast', '1'),
(4, 'Barako', 500000, 963100, '250', 2, 994400, '', 0, '2018-05-25', 1, 'light roast', '1'),
(5, 'Barako', 500000, 1319375, '360', 2, 989550, '', 0, '2018-05-25', 1, 'medium roast', '1'),
(6, 'Barako', 500000, 1186900, '460', 2, 984550, '', 0, '2018-05-25', 1, 'city roast', '1'),
(7, 'Robusta', 500000, 783825, '450', 3, 1095700, '', 0, '2018-05-25', 1, 'city roast', '1'),
(8, 'Robusta', 500000, 1399825, '340', 3, 1984700, '', 0, '2018-05-25', 1, 'medium roast', '1'),
(9, 'Robusta', 500000, 624300, '240', 5, 0, '', 0, '2018-05-25', 1, 'light roast', '1'),
(10, 'Benguet', 500000, 859450, '350', 17, 998000, '', 0, '2018-05-25', 1, 'city roast', '1'),
(11, 'Benguet', 500000, 528425, '250', 17, 983000, '', 0, '2018-05-25', 1, 'medium roast', '1'),
(12, 'Benguet', 500000, 846200, '180', 17, 987000, '', 0, '2018-05-25', 1, 'light roast', '1'),
(13, 'Colombia', 500000, 505650, '640', 4, 998000, '', 0, '2018-05-25', 1, 'city roast', '1'),
(14, 'Colombia', 500000, 1742025, '560', 4, 1977000, '', 0, '2018-05-25', 1, 'medium roast', '1'),
(15, 'Colombia', 500000, 586750, '415', 4, 988000, '', 0, '2018-05-25', 1, 'light roast', '1'),
(16, 'Sumatra', 500000, 830750, '480', 5, 1094000, '', -2, '2018-05-25', 1, 'city roast', '1'),
(17, 'Sumatra', 500000, 1311055, '390', 10, 994930, '', 0, '2018-05-25', 1, 'medium roast', '1'),
(18, 'Sumatra', 500000, 889450, '270', 10, 1193900, '', 0, '2018-05-25', 1, 'light roast', '1');

-- --------------------------------------------------------

--
-- Table structure for table `sticker`
--

DROP TABLE IF EXISTS `sticker`;
CREATE TABLE IF NOT EXISTS `sticker` (
  `sticker_id` int(11) NOT NULL AUTO_INCREMENT,
  `sticker` varchar(50) NOT NULL,
  `sticker_reorder` int(11) NOT NULL,
  `sticker_stock` int(11) NOT NULL,
  `sticker_physcount` int(11) NOT NULL DEFAULT '0',
  `sticker_remarks` varchar(45) DEFAULT NULL,
  `sticker_discrepancy` int(11) NOT NULL DEFAULT '0',
  `unitPrice` decimal(11,0) DEFAULT NULL,
  `sup_id` int(11) NOT NULL,
  `sticker_activation` int(11) NOT NULL DEFAULT '1',
  `sticker_type` varchar(45) DEFAULT NULL,
  `category` varchar(45) DEFAULT '3',
  `inventory_date` date DEFAULT NULL,
  PRIMARY KEY (`sticker_id`)
) ENGINE=InnoDB AUTO_INCREMENT=69 DEFAULT CHARSET=latin1;

--
-- Dumping data for table `sticker`
--

INSERT INTO `sticker` (`sticker_id`, `sticker`, `sticker_reorder`, `sticker_stock`, `sticker_physcount`, `sticker_remarks`, `sticker_discrepancy`, `unitPrice`, `sup_id`, `sticker_activation`, `sticker_type`, `category`, `inventory_date`) VALUES
(2, 'Guatemala Rainforest Sticker', 1000, 2973, 1963, '', 0, '5', 16, 1, 'paper', '3', '2018-05-25'),
(3, 'Cordillera Sunrise Sticker', 1000, 1992, 2000, '', 0, '5', 15, 1, 'paper', '3', '2018-05-25'),
(4, 'Sumatra Night Sticker', 1000, 2000, 2000, '', 0, '5', 14, 1, 'paper', '3', '2018-05-25'),
(5, 'Chefs Blend Sticker', 1000, 1999, 2000, '', 0, '5', 15, 1, 'paper', '3', '2018-05-25'),
(6, 'Espresso Blend Sticker', 1000, 1998, 1998, '', 0, '5', 18, 1, 'paper', '3', '2018-05-25'),
(7, 'Breakfast Blend Sticker', 1000, 1998, 1999, '', 0, '5', 18, 1, 'paper', '3', '2018-05-25'),
(8, 'Mabuhay Blend Sticker', 1000, 1993, 1999, '', -1, '5', 19, 1, 'paper', '3', '2018-05-25'),
(9, 'Fiesta Blend Sticker', 1000, 1990, 1998, '', 0, '5', 19, 1, 'paper', '3', '2018-05-25'),
(10, 'Kalayaan Blend Sticker', 1000, 2000, 2000, '', 0, '5', 19, 1, 'paper', '3', '2018-05-25'),
(14, 'ATACOGMAC Sticker', 1000, 2000, 2000, '', 0, '5', 16, 1, 'paper', '3', '2018-05-25'),
(15, 'Le Chef Golf Sticker', 1000, 1450, 2000, '', 0, '5', 16, 1, 'paper', '3', '2018-05-25'),
(17, 'Le Chef Southwoods Sticker', 1000, 1450, 2000, '', 0, '5', 16, 1, 'paper', '3', '2018-05-25'),
(18, 'Le Chef Paranaque Sticker', 1000, 1850, 2000, '', 0, '5', 16, 1, 'paper', '3', '2018-05-25'),
(19, 'Le Chef Accounting Sticker', 1000, 2000, 2000, '', 0, '5', 16, 1, 'paper', '3', '2018-05-25'),
(20, 'Bloomfield Patch Cafe Sticker', 1000, 2498, 1500, '', 0, '10', 20, 1, 'vinyl', '3', '2018-05-25'),
(21, 'Lemon and Olives Sticker', 1000, 1500, 2000, '', 0, '5', 16, 1, 'paper', '3', '2018-05-25'),
(22, 'Le Festin Trading Sticker', 1000, 1200, 2000, '', 0, '5', 16, 1, 'paper', '3', '2018-05-25'),
(23, 'Connies Kitchen Sticker', 1000, 2000, 2000, '', 0, '8', 21, 1, 'plastic', '3', '2018-05-25'),
(24, 'Eurotel Sticker', 1000, 3400, 4000, '', 0, '10', 19, 1, 'vinyl', '3', '2018-05-25'),
(25, 'Citrus Restaurant Sticker', 1000, 1245, 1995, '', 0, '8', 16, 1, 'plastic', '3', '2018-05-25'),
(26, 'Cosys Cafe and Roasterie Sticker', 1000, 2000, 2000, '', 0, '8', 21, 1, 'plastic', '3', '2018-05-25'),
(27, 'GMA Sticker', 1000, 1700, 2000, '', 0, '10', 21, 1, 'paper', '3', '2018-05-25'),
(28, 'Lighthouse Marina Resort Sticker', 1000, 1150, 2000, '', 0, '5', 20, 1, 'paper', '3', '2018-05-25'),
(29, 'ABS CBN Sticker', 1000, 2742, 2000, '', 0, '5', 19, 1, 'paper', '3', '2018-05-25'),
(30, 'Bread House Sticker', 1000, 2000, 2000, '', 0, '10', 20, 1, 'vinyl', '3', '2018-05-25'),
(31, 'John Hay Water System Inc Sticker', 1000, 1249, 2000, '', 0, '8', 14, 1, 'plastic', '3', '2018-05-25'),
(32, 'Edwin Hui Sticker', 1000, 1500, 2000, '', 0, '8', 20, 1, 'paper', '3', '2018-05-25'),
(33, 'Blackwoods Sticker', 1000, 2000, 2000, '', 0, '5', 16, 1, 'paper', '3', '2018-05-25'),
(34, 'Marios Restaurant Baguio Sticker', 1000, 1600, 2000, '', 0, '8', 18, 1, 'paper', '3', '2018-05-25'),
(35, 'Kahuna Beach Resort and Spa Sticker', 1000, 1698, 2000, '', 0, '8', 20, 1, 'paper', '3', '2018-05-25'),
(36, 'Grumpy Joe Sticker', 1000, 1700, 2000, '', 0, '8', 14, 1, 'paper', '3', '2018-05-25'),
(37, 'Gerrys Grill Treasury Sticker', 1000, 1698, 0, '', 0, '8', 15, 1, 'paper', '3', '2018-05-25'),
(38, 'Kintetsu World Express Sticker', 1000, 1747, 1997, '', 0, '10', 19, 1, 'vinyl', '3', '2018-05-25'),
(39, 'Marios Restaurant Manila Sticker', 1000, 1150, 2000, '', 0, '10', 18, 1, 'vinyl', '3', '2018-05-25'),
(40, 'Bowknot Brewery Sticker', 1000, 3000, 0, '', 0, '5', 18, 1, 'paper', '3', '2018-05-25'),
(41, 'Keiffeir Coffee Shop Sticker', 1000, 2000, 2000, '', 0, '8', 15, 1, 'paper', '3', '2018-05-25'),
(42, 'Escala Sticker', 1000, 1250, 2000, '', 0, '8', 21, 1, 'plastic', '3', '2018-05-25'),
(43, 'Cafe de Manor Sticker', 1000, 1600, 2000, '', 0, '10', 18, 1, 'vinyl', '3', '2018-05-25'),
(44, 'Bote Central Sticker', 1000, 2000, 2000, '', 0, '8', 15, 1, 'paper', '3', '2018-05-25'),
(45, 'La Casa Blanca Sticker', 1000, 1800, 2000, '', 0, '8', 14, 1, 'paper', '3', '2018-05-25'),
(46, 'Hapi Bakery and Mami House Sticker', 1000, 1700, 2000, '', 0, '8', 15, 1, 'paper', '3', '2018-05-25'),
(47, 'Wack Wack Sticker', 1000, 1790, 2000, '', 0, '8', 19, 1, 'paper', '3', '2018-05-25'),
(48, 'Fil Estate Sticker', 1000, 2000, 2000, '', 0, '8', 20, 1, 'paper', '3', '2018-05-25'),
(49, 'La Parilla Sticker', 1000, 1450, 2000, '', 0, '10', 16, 1, 'paper', '3', '2018-05-25'),
(50, 'Amelie Hotel Sticker', 1000, 2000, 2000, '', 0, '8', 16, 1, 'plastic', '3', '2018-05-25'),
(51, 'La Tienda Sticker', 1000, 1500, 2000, '', 0, '10', 15, 1, 'paper', '3', '2018-05-25'),
(52, 'Professor Valentino Macanes Sticker', 1000, 1300, 2000, '', 0, '5', 21, 1, 'paper', '3', '2018-05-25'),
(53, 'Best Western Oxford Suites Sticker', 1000, 4000, 2000, '', 0, '8', 21, 1, 'paper', '3', '2018-05-25'),
(54, 'Camp John Hay Golf Club Sticker', 1000, 1100, 2000, '', 0, '8', 16, 1, 'plastic', '3', '2018-05-25'),
(55, 'Le Chef Manor Sticker', 1000, 1798, 1998, '', 0, '8', 19, 1, 'plastic', '3', '2018-05-25'),
(56, 'Baguio Country Club Sticker', 1000, 3500, 2000, '', 0, '10', 21, 1, 'paper', '3', '2018-05-25'),
(57, 'Canto Restaurant Sticker', 1000, 2000, 2000, '', 0, '8', 14, 1, 'paper', '3', '2018-05-25'),
(58, 'Cafe de Seoul Sticker', 1000, 2000, 2000, '', 0, '8', 15, 1, 'paper', '3', '2018-05-25'),
(59, 'Forest Hills Sticker', 1000, 2010, 2010, '', 0, '5', 15, 1, 'paper', '3', '2018-05-25'),
(60, 'Cafe Caw Sticker', 1000, 2000, 2000, '', 0, '8', 15, 1, 'plastic', '3', '2018-05-25'),
(61, 'Bote Central Roasting Sticker', 1000, 2000, 2000, '', 0, '8', 20, 1, 'paper', '3', '2018-05-25'),
(62, 'Colleen Curran Sticker', 1000, 1499, 2000, '', 0, '8', 14, 1, 'plastic', '3', '2018-05-25'),
(63, 'Bioessence Sticker', 1000, 1100, 2500, '', 0, '8', 14, 1, 'plastic', '3', '2018-05-25'),
(64, 'She Sticker', 1000, 1200, 0, '', 0, '8', 20, 1, 'plastic', '3', '2018-05-25'),
(65, 'Gerrys Grill Purchasing Sticker', 1000, 2000, 0, '', 0, '10', 20, 1, 'vinyl', '3', '2018-05-25'),
(66, 'Gweilo Corp Sticker', 1000, 2000, 0, '', 0, '8', 20, 1, 'plastic', '3', '2018-05-25');

-- --------------------------------------------------------

--
-- Table structure for table `supplier`
--

DROP TABLE IF EXISTS `supplier`;
CREATE TABLE IF NOT EXISTS `supplier` (
  `sup_id` int(11) NOT NULL AUTO_INCREMENT,
  `sup_productID` int(11) NOT NULL,
  `sup_company` varchar(70) NOT NULL,
  `sup_lname` varchar(50) NOT NULL,
  `sup_fname` varchar(50) NOT NULL,
  `sup_position` varchar(50) NOT NULL,
  `sup_address` varchar(100) NOT NULL,
  `sup_email` varchar(50) NOT NULL,
  `sup_contact` varchar(12) NOT NULL,
  `sup_activation` int(11) NOT NULL DEFAULT '1',
  `date_reg` date DEFAULT NULL,
  PRIMARY KEY (`sup_id`)
) ENGINE=InnoDB AUTO_INCREMENT=22 DEFAULT CHARSET=latin1;

--
-- Dumping data for table `supplier`
--

INSERT INTO `supplier` (`sup_id`, `sup_productID`, `sup_company`, `sup_lname`, `sup_fname`, `sup_position`, `sup_address`, `sup_email`, `sup_contact`, `sup_activation`, `date_reg`) VALUES
(1, 0, 'Alterra Coffee Roasters', 'Mars', 'Franklin', 'CEO', 'Milwaukee, Wisconsin, US', 'alterracoffee@gmail.com', '09562548963', 1, '2018-05-24'),
(2, 0, 'An Giang Coffee', 'Giang', 'An', 'Owner', 'Long Thnh, Vietnam', 'angiangcoffee@gmail.com', '09369854625', 1, '2018-05-24'),
(3, 0, 'Bridgehead Coffee', 'Bradley', 'Simon', 'Owner', 'Ottawa, Ontario, Canada', 'bridgehead@gmail.com', '09635478523', 1, '2018-05-24'),
(4, 0, 'Cafe Bom Dia', 'Thompson', 'Olive', 'CEO', 'Rio, Brazil', 'cafebom@gmail.com', '09547863254', 1, '2018-05-24'),
(5, 0, 'Caffe Vita Coffee Roasting Company', 'Scott', 'Ervin', 'COO', 'Seattle, Washington, US', 'caffevitacoffee@gmail.com', '09645231569', 1, '2018-05-24'),
(6, 0, 'X-po General Merchandise', 'Balisi', 'Henry', 'Sales Agent', '#602 Bokawkan Rd. Baguio City', 'balisi@gmail.com', '09269044318', 1, '2018-05-24'),
(7, 0, 'Allegro Enterprise', 'Angala', 'Antonio', 'Sales Agent', '3803 Dayap cor. Cuenca St., Palanan, Makati City, Metro Manila 1235', 'antoioangeles@gmail.com', '09214271227', 1, '2018-05-24'),
(8, 0, 'Nero Coffee Machine Company', 'Verano', 'Crismel', 'CEO', 'Manila, Philippines', 'crismelverano@gmail.com', '09215644337', 1, '2018-05-24'),
(9, 0, 'Diedrich Packaging Enterprise', 'McCarthy', 'Sean', 'Chief Financial Officer', 'Irvine, California, US', 'seanmccarthy@gmail.com', '09327861443', 1, '2018-05-24'),
(10, 0, 'Black Ivory Coffee', 'Dinkin', 'Blake', 'President', 'Bangkok Thailand ', 'blackivorycoffee@gmail.com', '09457654356', 1, '2018-05-24'),
(11, 0, 'Blendz Coffee Machine Inc.', 'Arsossy', 'Mel', 'President', 'Bangkok Thailand ', 'blendzcoffeemachine@gmail.com', '09456546456', 1, '2018-05-24'),
(12, 0, 'Cafe Coffee Machine Inc', 'Ortega', 'Jana', 'CEO', 'Bengaluru India', 'janaortege@gmail.com', '09496574556', 1, '2018-05-24'),
(13, 0, 'Bourbon Coffee Machines', 'Bourbon', 'Lenie', 'CEO', 'Ontarion, Canada', 'bourbonmachines@gmail.com', '09496512986', 1, '2018-05-24'),
(14, 0, 'Coop Kaffe Stickers Enterprise', 'Pope', 'Woodrow', 'Owner', 'Baguio City, Philippines', 'woodrow@gmail.com', '09578469884', 1, '2018-05-24'),
(15, 0, 'Dunn Bros Sticker Press', 'Dunn', 'Joseph', 'Founder', 'Manila, Philippines', 'dunnbros@gmail.com', '09587235647', 1, '2018-05-24'),
(16, 0, 'Gimme! Stickers Printing', 'Grimmie', 'Stephanie', 'Owner', 'Baguio City, Philippines', 'gimmestickers@gmail.com', '09654879652', 1, '2018-05-24'),
(17, 0, 'Mr. Beans Enterprise', 'Fernandez', 'Neil', 'CEO', 'Baguio City, Philippines', 'coffeepack@gmail.com', '09534014470', 1, '2018-05-24'),
(18, 0, 'Porta Vaga Stall ', 'Marianno', 'Emillio', 'Owner', 'Upper Session Road Baguio, City', 'marinno_emil@gmail.com', '09486522954', 1, '2018-05-08'),
(19, 0, 'Baguio City Graphics and Design', 'Lizardo', 'Joseph', 'Manager', '\r\n1 Shuntug Street, corner Abanao Street (2.02 mi)\r\nBaguio City 2600', 'joseph_5236@yahoo.com', '09176239855', 1, '2018-04-10'),
(20, 0, 'Rush Wiz Printing Shop', 'Opasdo', 'Edgardo', 'Owner', 'Lower Bonifacio Street, Baguio, City', 'opasdoo@gmail.com', '09206522297', 1, '2018-03-15'),
(21, 0, 'Baguio Allied Printers & General Merchandise', 'Fajardo', 'Melannie Mae', 'Owner', '3 Urbano Street, Baguio City', 'melanmae_fajardo@gmail.com', '09176325684', 1, '2018-03-19');

-- --------------------------------------------------------

--
-- Table structure for table `supplier_delivery`
--

DROP TABLE IF EXISTS `supplier_delivery`;
CREATE TABLE IF NOT EXISTS `supplier_delivery` (
  `sup_deliveryID` int(11) NOT NULL AUTO_INCREMENT,
  `supPO_id` int(11) NOT NULL,
  `supDelivery_stat` varchar(20) NOT NULL,
  `date_recieved` date NOT NULL,
  `yield_weight` int(11) NOT NULL,
  `yield` int(11) NOT NULL,
  `recieved_by` varchar(50) NOT NULL,
  PRIMARY KEY (`sup_deliveryID`)
) ENGINE=InnoDB DEFAULT CHARSET=latin1;

-- --------------------------------------------------------

--
-- Table structure for table `supplier_po`
--

DROP TABLE IF EXISTS `supplier_po`;
CREATE TABLE IF NOT EXISTS `supplier_po` (
  `supPO_id` int(11) NOT NULL AUTO_INCREMENT,
  `sup_id` int(11) NOT NULL,
  `supPO_date` date NOT NULL,
  `supPO_qty` int(11) NOT NULL,
  `truck_fee` int(11) NOT NULL,
  `sup_credit` text NOT NULL,
  `total_item` int(11) NOT NULL,
  `total_amount` int(11) NOT NULL,
  `sup_delivery` varchar(20) NOT NULL DEFAULT 'pending',
  `supPayment_stat` varchar(20) NOT NULL DEFAULT 'pending',
  PRIMARY KEY (`supPO_id`)
) ENGINE=InnoDB DEFAULT CHARSET=latin1;

-- --------------------------------------------------------

--
-- Table structure for table `supp_delivery`
--

DROP TABLE IF EXISTS `supp_delivery`;
CREATE TABLE IF NOT EXISTS `supp_delivery` (
  `supp_delivery_id` int(50) NOT NULL AUTO_INCREMENT,
  `supp_po_ordered_id` int(50) NOT NULL,
  `supp_po_id` int(50) NOT NULL,
  `date_received` date NOT NULL,
  `received` decimal(50,3) NOT NULL DEFAULT '0.000',
  `yield_weight` decimal(50,3) NOT NULL,
  `yields` decimal(50,3) NOT NULL,
  `received_by` varchar(45) NOT NULL,
  `drNo` varchar(50) NOT NULL,
  PRIMARY KEY (`supp_delivery_id`)
) ENGINE=InnoDB AUTO_INCREMENT=174 DEFAULT CHARSET=latin1;

--
-- Dumping data for table `supp_delivery`
--

INSERT INTO `supp_delivery` (`supp_delivery_id`, `supp_po_ordered_id`, `supp_po_id`, `date_received`, `received`, `yield_weight`, `yields`, `received_by`, `drNo`) VALUES
(1, 3, 1, '2018-05-02', '1000000.000', '980000.000', '20000.000', 'Minerva Bisleg', 'DR142'),
(2, 2, 1, '2018-05-02', '1000000.000', '880000.000', '120000.000', 'Minerva Bisleg', 'DR142'),
(3, 1, 1, '2018-05-02', '1000000.000', '920000.000', '80000.000', 'Minerva Bisleg', 'DR142'),
(4, 10, 4, '2018-05-04', '1990.000', '1990.000', '0.000', 'Marilou Baldon', 'DR143'),
(5, 9, 4, '2018-05-04', '1890.000', '1890.000', '0.000', 'Marilou Baldon', 'DR143'),
(6, 7, 4, '2018-05-04', '1900.000', '1900.000', '0.000', 'Marilou Baldon', 'DR143'),
(7, 8, 4, '2018-05-04', '1995.000', '1995.000', '0.000', 'Marilou Baldon', 'DR143'),
(8, 6, 4, '2018-05-04', '1899.000', '1899.000', '0.000', 'Marilou Baldon', 'DR143'),
(9, 10, 4, '2018-05-05', '10.000', '10.000', '0.000', 'Marilou Baldon', 'DR143'),
(10, 9, 4, '2018-05-05', '110.000', '110.000', '0.000', 'Marilou Baldon', 'DR143'),
(11, 7, 4, '2018-05-05', '100.000', '100.000', '0.000', 'Marilou Baldon', 'DR143'),
(12, 8, 4, '2018-05-05', '5.000', '5.000', '0.000', 'Marilou Baldon', 'DR143'),
(13, 6, 4, '2018-05-05', '101.000', '101.000', '0.000', 'Marilou Baldon', 'DR143'),
(14, 4, 2, '2018-04-03', '2000.000', '2000.000', '0.000', 'Marilou Baldon', 'DR575'),
(15, 13, 5, '2018-04-19', '1000000.000', '995000.000', '5000.000', 'Jules Tomines', 'DR648'),
(16, 12, 5, '2018-04-19', '1000000.000', '990000.000', '10000.000', 'Jules Tomines', 'DR648'),
(17, 11, 5, '2018-04-19', '1000000.000', '985000.000', '15000.000', 'Jules Tomines', 'DR648'),
(18, 14, 6, '2018-04-26', '2000.000', '2000.000', '0.000', 'Barbie Fontanilla', 'DR553'),
(19, 18, 6, '2018-04-26', '2000.000', '2000.000', '0.000', 'Barbie Fontanilla', 'DR553'),
(20, 17, 6, '2018-04-26', '2000.000', '2000.000', '0.000', 'Barbie Fontanilla', 'DR553'),
(21, 19, 6, '2018-04-26', '2000.000', '2000.000', '0.000', 'Barbie Fontanilla', 'DR553'),
(22, 16, 6, '2018-04-26', '2000.000', '2000.000', '0.000', 'Barbie Fontanilla', 'DR553'),
(23, 15, 6, '2018-04-26', '2000.000', '2000.000', '0.000', 'Barbie Fontanilla', 'DR553'),
(24, 39, 9, '2018-05-24', '2000.000', '2000.000', '0.000', 'Aeneid Adversalo', 'DR232'),
(25, 37, 9, '2018-05-24', '2000.000', '2000.000', '0.000', 'Aeneid Adversalo', 'DR232'),
(26, 34, 9, '2018-05-24', '2000.000', '2000.000', '0.000', 'Aeneid Adversalo', 'DR232'),
(27, 43, 9, '2018-05-24', '2000.000', '2000.000', '0.000', 'Aeneid Adversalo', 'DR232'),
(28, 35, 9, '2018-04-21', '2000.000', '2000.000', '0.000', 'Barbie Fontanilla', 'DR234'),
(29, 32, 9, '2018-04-21', '2000.000', '2000.000', '0.000', 'Barbie Fontanilla', 'DR234'),
(30, 33, 9, '2018-04-21', '2000.000', '2000.000', '0.000', 'Barbie Fontanilla', 'DR234'),
(31, 36, 9, '2018-04-21', '2000.000', '2000.000', '0.000', 'Barbie Fontanilla', 'DR234'),
(32, 30, 9, '2018-04-21', '2000.000', '2000.000', '0.000', 'Barbie Fontanilla', 'DR234'),
(33, 31, 9, '2018-04-22', '2000.000', '2000.000', '0.000', 'Jenifer Reyes', 'DR552'),
(34, 40, 9, '2018-04-22', '2000.000', '2000.000', '0.000', 'Jenifer Reyes', 'DR552'),
(35, 45, 9, '2018-04-22', '2000.000', '2000.000', '0.000', 'Jenifer Reyes', 'DR552'),
(36, 42, 9, '2018-04-22', '2000.000', '2000.000', '0.000', 'Jenifer Reyes', 'DR552'),
(37, 46, 10, '2018-04-23', '15.000', '15.000', '0.000', 'Stephanie Gomez', 'DR672'),
(38, 47, 10, '2018-04-23', '15.000', '15.000', '0.000', 'Stephanie Gomez', 'DR672'),
(39, 48, 10, '2018-04-23', '15.000', '15.000', '0.000', 'Stephanie Gomez', 'DR672'),
(40, 63, 14, '2018-04-20', '2000.000', '2000.000', '0.000', 'Lester Ramos', 'DR212'),
(41, 65, 14, '2018-04-20', '2000.000', '2000.000', '0.000', 'Lester Ramos', 'DR212'),
(42, 62, 14, '2018-04-20', '2000.000', '2000.000', '0.000', 'Lester Ramos', 'DR212'),
(43, 61, 14, '2018-04-20', '2000.000', '2000.000', '0.000', 'Lester Ramos', 'DR212'),
(44, 64, 14, '2018-04-20', '2000.000', '2000.000', '0.000', 'Lester Ramos', 'DR212'),
(45, 23, 7, '2018-04-20', '1000000.000', '998000.000', '2000.000', 'Barbie Fontanilla', 'DR652'),
(46, 22, 7, '2018-04-20', '1000000.000', '995000.000', '5000.000', 'Barbie Fontanilla', 'DR652'),
(47, 21, 7, '2018-04-20', '1000000.000', '996000.000', '4000.000', 'Barbie Fontanilla', 'DR652'),
(48, 20, 7, '2018-04-20', '2000.000', '2000.000', '0.000', 'Barbie Fontanilla', 'DR652'),
(49, 29, 8, '2018-04-14', '1500.000', '1500.000', '0.000', 'Lester Ramos', 'DR625'),
(50, 24, 8, '2018-04-14', '2000.000', '2000.000', '0.000', 'Lester Ramos', 'DR625'),
(51, 28, 8, '2018-04-14', '2000.000', '2000.000', '0.000', 'Lester Ramos', 'DR625'),
(52, 27, 8, '2018-04-14', '2000.000', '2000.000', '0.000', 'Lester Ramos', 'DR625'),
(53, 25, 8, '2018-04-14', '2000.000', '2000.000', '0.000', 'Lester Ramos', 'DR625'),
(54, 26, 8, '2018-04-14', '2000.000', '2000.000', '0.000', 'Lester Ramos', 'DR625'),
(55, 52, 11, '2018-04-30', '1000000.000', '998000.000', '2000.000', 'Jerome DeGuzman', 'DR634'),
(56, 51, 11, '2018-04-30', '1000000.000', '986000.000', '14000.000', 'Jerome DeGuzman', 'DR634'),
(57, 50, 11, '2018-04-30', '1000000.000', '988000.000', '12000.000', 'Jerome DeGuzman', 'DR634'),
(58, 49, 11, '2018-04-30', '2000.000', '2000.000', '0.000', 'Jerome DeGuzman', 'DR634'),
(59, 56, 12, '2018-05-18', '1000000.000', '998000.000', '2000.000', 'Mario Benitez', 'DR342'),
(60, 55, 12, '2018-05-18', '1000000.000', '996000.000', '4000.000', 'Mario Benitez', 'DR342'),
(61, 54, 12, '2018-05-18', '1000000.000', '989000.000', '11000.000', 'Mario Benitez', 'DR342'),
(62, 53, 12, '2018-05-18', '2000.000', '2000.000', '0.000', 'Mario Benitez', 'DR342'),
(63, 60, 13, '2018-04-30', '1000000.000', '998000.000', '2000.000', 'Jerome DeGuzman', 'DR867'),
(64, 59, 13, '2018-04-30', '1000000.000', '983000.000', '17000.000', 'Jerome DeGuzman', 'DR867'),
(65, 58, 13, '2018-04-30', '1000000.000', '987000.000', '13000.000', 'Jerome DeGuzman', 'DR867'),
(66, 57, 13, '2018-04-30', '2000.000', '2000.000', '0.000', 'Jerome DeGuzman', 'DR867'),
(67, 69, 15, '2018-04-23', '2000.000', '2000.000', '0.000', 'Jerome DeGuzman', 'DR324'),
(68, 66, 15, '2018-04-23', '2000.000', '2000.000', '0.000', 'Jerome DeGuzman', 'DR324'),
(69, 68, 15, '2018-04-23', '2000.000', '2000.000', '0.000', 'Jerome DeGuzman', 'DR324'),
(70, 67, 15, '2018-04-23', '2000.000', '2000.000', '0.000', 'Jerome DeGuzman', 'DR324'),
(71, 71, 15, '2018-04-23', '2000.000', '2000.000', '0.000', 'Jerome DeGuzman', 'DR324'),
(72, 70, 15, '2018-04-23', '2000.000', '2000.000', '0.000', 'Jerome DeGuzman', 'DR324'),
(73, 77, 16, '2018-05-07', '2000.000', '2000.000', '0.000', 'Lester Ramos', 'DR785'),
(74, 78, 16, '2018-05-07', '2000.000', '2000.000', '0.000', 'Lester Ramos', 'DR785'),
(75, 73, 16, '2018-05-07', '2000.000', '2000.000', '0.000', 'Lester Ramos', 'DR785'),
(76, 76, 16, '2018-05-07', '2000.000', '2000.000', '0.000', 'Lester Ramos', 'DR785'),
(77, 74, 16, '2018-05-07', '2000.000', '2000.000', '0.000', 'Lester Ramos', 'DR785'),
(78, 81, 16, '2018-05-07', '2000.000', '2000.000', '0.000', 'Lester Ramos', 'DR785'),
(79, 75, 16, '2018-05-07', '2000.000', '2000.000', '0.000', 'Lester Ramos', 'DR785'),
(80, 72, 16, '2018-05-07', '2000.000', '2000.000', '0.000', 'Lester Ramos', 'DR785'),
(81, 79, 16, '2018-05-07', '2000.000', '2000.000', '0.000', 'Lester Ramos', 'DR785'),
(82, 80, 16, '2018-05-07', '2000.000', '2000.000', '0.000', 'Lester Ramos', 'DR785'),
(83, 82, 17, '2018-05-14', '15.000', '15.000', '0.000', 'Mario Benitez', 'DR354'),
(84, 83, 17, '2018-05-14', '15.000', '15.000', '0.000', 'Mario Benitez', 'DR354'),
(85, 84, 17, '2018-05-14', '15.000', '15.000', '0.000', 'Mario Benitez', 'DR354'),
(86, 85, 17, '2018-05-14', '15.000', '15.000', '0.000', 'Mario Benitez', 'DR354'),
(87, 86, 17, '2018-05-14', '15.000', '15.000', '0.000', 'Mario Benitez', 'DR354'),
(88, 87, 17, '2018-05-14', '15.000', '15.000', '0.000', 'Mario Benitez', 'DR354'),
(89, 88, 18, '2018-05-14', '2000.000', '2000.000', '0.000', 'Jerome DeGuzman', 'DR123'),
(90, 90, 18, '2018-05-14', '2000.000', '2000.000', '0.000', 'Jerome DeGuzman', 'DR123'),
(91, 89, 18, '2018-05-14', '2000.000', '2000.000', '0.000', 'Jerome DeGuzman', 'DR123'),
(92, 91, 19, '2018-05-24', '2000.000', '2000.000', '0.000', 'Barbie Fontanilla', 'DR635'),
(93, 92, 20, '2018-05-23', '2000.000', '2000.000', '0.000', 'Lorlyn Manzano', 'DR456'),
(94, 93, 21, '2018-05-24', '15.000', '15.000', '0.000', 'Jerome DeGuzman', 'DR457'),
(95, 94, 22, '2018-05-23', '1000000.000', '991000.000', '9000.000', 'Minerva Bisleg', 'DR426'),
(96, 95, 23, '2018-05-23', '1000000.000', '989000.000', '11000.000', 'Stephanie Gomez', 'DR845'),
(97, 96, 24, '2018-05-10', '2000.000', '2000.000', '0.000', 'Jenifer Reyes', 'DR864'),
(98, 97, 25, '2018-05-24', '100000.000', '98000.000', '2000.000', 'Jules Tomines', 'DR111'),
(99, 98, 26, '2018-05-24', '200000.000', '198000.000', '2000.000', 'Jules Tomines', 'DR112'),
(100, 99, 27, '2018-05-24', '100000.000', '98000.000', '2000.000', 'Jenifer Reyes', 'DR113'),
(101, 101, 28, '2018-05-24', '2000.000', '2000.000', '0.000', 'Barbie Fontanilla', 'DR412'),
(102, 100, 28, '2018-05-24', '2000.000', '2000.000', '0.000', 'Barbie Fontanilla', 'DR412'),
(103, 103, 28, '2018-05-24', '2000.000', '2000.000', '0.000', 'Barbie Fontanilla', 'DR412'),
(104, 102, 28, '2018-05-24', '2000.000', '2000.000', '0.000', 'Barbie Fontanilla', 'DR412'),
(105, 104, 29, '2018-05-23', '2000.000', '2000.000', '0.000', 'Evelyn Gascon', 'DR321'),
(106, 106, 31, '2018-05-24', '1000.000', '1000.000', '0.000', 'Jerome DeGuzman', 'DR111'),
(107, 105, 30, '2018-05-13', '10.000', '10.000', '0.000', 'Lester Ramos', 'DR112'),
(108, 107, 32, '2018-05-24', '1500.000', '1500.000', '0.000', 'Mario Benitez', 'DR113'),
(109, 108, 33, '2018-05-11', '2000.000', '2000.000', '0.000', 'Jenifer Reyes', 'DR106'),
(110, 108, 33, '2018-05-16', '500.000', '500.000', '0.000', 'Stephanie Gomez', 'DR110'),
(111, 111, 35, '2018-05-25', '15.000', '15.000', '0.000', 'Jules Tomines', 'DR123'),
(112, 112, 36, '2018-05-18', '15.000', '15.000', '0.000', 'Jenifer Reyes', 'DR543'),
(113, 122, 42, '2018-05-20', '2000.000', '2000.000', '0.000', 'Lester Ramos', 'DR525'),
(114, 119, 41, '2018-05-25', '15.000', '15.000', '0.000', 'Jerome DeGuzman', 'DR235'),
(115, 120, 41, '2018-05-25', '15.000', '15.000', '0.000', 'Jerome DeGuzman', 'DR235'),
(116, 121, 41, '2018-05-25', '15.000', '15.000', '0.000', 'Jerome DeGuzman', 'DR235'),
(117, 114, 38, '2018-05-25', '1000.000', '1000.000', '0.000', 'Tinango Caguioa', 'DR661'),
(118, 124, 44, '2018-05-15', '2000.000', '2000.000', '0.000', 'Tinango Caguioa', 'DR661'),
(119, 109, 34, '2018-05-17', '2000.000', '2000.000', '0.000', 'Jules Tomines', 'DR323'),
(120, 110, 34, '2018-05-17', '1500.000', '1500.000', '0.000', 'Jules Tomines', 'DR323'),
(121, 113, 37, '2018-05-25', '2000.000', '2000.000', '0.000', 'Jules Tomines', 'DR222'),
(122, 115, 39, '2018-05-19', '50000.000', '49000.000', '1000.000', 'Jules Tomines', 'DR223'),
(123, 123, 43, '2018-05-03', '1500.000', '1500.000', '0.000', 'Grace Mendoza', 'DR662'),
(124, 123, 43, '2018-05-11', '500.000', '500.000', '0.000', 'Evelyn Gascon', 'DR111'),
(125, 125, 45, '2018-05-22', '150000.000', '150000.000', '0.000', 'Aeneid Adversalo', 'DR126'),
(126, 126, 46, '2018-05-24', '2000.000', '2000.000', '0.000', 'Grace Mendoza', 'DR224'),
(127, 127, 47, '2018-05-04', '2000.000', '2000.000', '0.000', 'Mario Benitez', 'DR001'),
(128, 129, 48, '2018-05-12', '1000.000', '1000.000', '0.000', 'Lorlyn Manzano', 'DR002'),
(129, 128, 48, '2018-05-12', '1000.000', '1000.000', '0.000', 'Lorlyn Manzano', 'DR002'),
(130, 130, 49, '2018-05-11', '2000.000', '2000.000', '0.000', 'Lorlyn Manzano', 'DR002'),
(131, 129, 48, '2018-05-14', '1000.000', '1000.000', '0.000', 'Jerome DeGuzman', 'DR002'),
(132, 128, 48, '2018-05-14', '1000.000', '1000.000', '0.000', 'Jerome DeGuzman', 'DR002'),
(133, 131, 50, '2018-05-15', '5.000', '5.000', '0.000', 'Marife Latayan', 'DR003'),
(134, 132, 51, '2018-05-16', '2000.000', '2000.000', '0.000', 'Evelyn Gascon', 'DR004'),
(135, 133, 52, '2018-05-17', '15.000', '15.000', '0.000', 'Minerva Bisleg', 'DR005'),
(136, 135, 54, '2018-05-17', '2000.000', '2000.000', '0.000', 'Marife Latayan', 'DR005'),
(137, 134, 53, '2018-05-18', '1000000.000', '990000.000', '10000.000', 'Lorlyn Manzano', 'DR006'),
(138, 138, 57, '2018-05-04', '2000.000', '2000.000', '0.000', 'Barbie Fontanilla', 'DR008'),
(139, 139, 57, '2018-05-04', '2000.000', '2000.000', '0.000', 'Barbie Fontanilla', 'DR008'),
(140, 136, 55, '2018-05-05', '2000.000', '2000.000', '0.000', 'Grace Mendoza', 'DR009'),
(141, 137, 56, '2018-05-05', '2000.000', '2000.000', '0.000', 'Grace Mendoza', 'DR009'),
(142, 140, 58, '2018-05-12', '1000.000', '1000.000', '0.000', 'Jerome DeGuzman', 'DR010'),
(143, 140, 58, '2018-05-12', '1000.000', '1000.000', '0.000', 'Jerome DeGuzman', 'DR011'),
(144, 141, 59, '2018-03-07', '2000.000', '2000.000', '0.000', 'Rhianna Manzon', 'DR162'),
(145, 143, 60, '2018-05-10', '2000.000', '2000.000', '0.000', 'Marilou Baldon', 'DR119'),
(146, 142, 60, '2018-05-10', '2000.000', '2000.000', '0.000', 'Marilou Baldon', 'DR119'),
(147, 144, 61, '2018-04-14', '1000000.000', '990000.000', '10000.000', 'Grace Mendoza', 'DR127'),
(148, 145, 62, '2018-05-22', '20.000', '20.000', '0.000', 'Minerva Bisleg', 'DR012'),
(149, 149, 64, '2018-05-14', '3000.000', '3000.000', '0.000', 'Stephanie Gomez', 'DR020'),
(150, 148, 63, '2018-05-04', '1000000.000', '990000.000', '10000.000', 'Jerome DeGuzman', 'DR021'),
(151, 147, 63, '2018-05-04', '1000000.000', '990000.000', '10000.000', 'Jerome DeGuzman', 'DR021'),
(152, 146, 63, '2018-05-04', '500000.000', '430000.000', '70000.000', 'Jerome DeGuzman', 'DR021'),
(153, 146, 63, '2018-05-11', '500000.000', '480000.000', '20000.000', 'Lester Ramos', 'DR026'),
(154, 150, 65, '2018-05-22', '1000000.000', '990000.000', '10000.000', 'Lester Ramos', 'DR323'),
(155, 151, 66, '2018-05-25', '2000.000', '2000.000', '0.000', 'Jerome DeGuzman', 'DR323'),
(156, 152, 67, '2018-05-22', '2000.000', '2000.000', '0.000', 'Jenifer Reyes', 'DR321'),
(157, 153, 68, '2018-05-25', '100000.000', '98000.000', '2000.000', 'Arlene Ruelos', 'DR322'),
(158, 154, 69, '2018-05-25', '1000.000', '1000.000', '0.000', 'Jenifer Reyes', 'DR324'),
(159, 157, 70, '2018-04-05', '1000000.000', '999000.000', '1000.000', 'Lester Ramos', 'DR210'),
(160, 156, 70, '2018-04-05', '1000000.000', '980000.000', '20000.000', 'Lester Ramos', 'DR210'),
(161, 158, 71, '2018-04-09', '2000.000', '2000.000', '0.000', 'Rhianna Manzon', 'DR211'),
(162, 160, 72, '2018-05-03', '1000000.000', '995000.000', '5000.000', 'Lester Ramos', 'DR212'),
(163, 155, 70, '2018-04-05', '1000000.000', '950000.000', '50000.000', 'Mario Benitez', 'DR213'),
(164, 159, 72, '2018-05-04', '1000000.000', '975000.000', '25000.000', 'Mario Benitez', 'DR213'),
(165, 161, 73, '2018-01-15', '1000.000', '1000.000', '0.000', 'Rhianna Manzon', 'DR214'),
(166, 162, 74, '2018-01-15', '1000.000', '1000.000', '0.000', 'Stephanie Gomez', 'DR215'),
(167, 163, 75, '2018-01-15', '1000.000', '1000.000', '0.000', 'Stephanie Gomez', 'DR216'),
(168, 164, 76, '2018-01-16', '1000.000', '1000.000', '0.000', 'Jenifer Reyes', 'DR216'),
(169, 165, 77, '2018-01-16', '1000.000', '1000.000', '0.000', 'Barbie Fontanilla', 'DR217'),
(170, 166, 78, '2018-03-15', '1000.000', '1000.000', '0.000', 'Jenifer Reyes', 'DR218'),
(171, 167, 79, '2018-01-20', '1000000.000', '985000.000', '15000.000', 'Jerome DeGuzman', 'DR219'),
(172, 168, 80, '2018-02-20', '2000.000', '2000.000', '0.000', 'Jerome DeGuzman', 'DR220'),
(173, 169, 81, '2018-02-05', '1000.000', '1000.000', '0.000', 'Grace Mendoza', 'DR221');

-- --------------------------------------------------------

--
-- Table structure for table `supp_payment`
--

DROP TABLE IF EXISTS `supp_payment`;
CREATE TABLE IF NOT EXISTS `supp_payment` (
  `supp_payment_id` int(50) NOT NULL AUTO_INCREMENT,
  `supp_po_id` int(50) NOT NULL,
  `date` date NOT NULL,
  `amount` decimal(20,2) NOT NULL,
  `bank` varchar(20) NOT NULL,
  PRIMARY KEY (`supp_payment_id`)
) ENGINE=InnoDB AUTO_INCREMENT=99 DEFAULT CHARSET=latin1;

--
-- Dumping data for table `supp_payment`
--

INSERT INTO `supp_payment` (`supp_payment_id`, `supp_po_id`, `date`, `amount`, `bank`) VALUES
(1, 1, '2018-05-03', '1082500.00', 'BDO'),
(2, 6, '2018-04-27', '88000.00', 'Western Union'),
(3, 5, '2018-04-20', '1073000.00', 'BPI'),
(4, 4, '2018-05-07', '20000.00', 'BDO'),
(5, 4, '2018-05-08', '59199.99', 'BDO'),
(6, 4, '2018-05-24', '0.01', 'BDO'),
(7, 2, '2018-04-04', '18500.00', 'BPI'),
(8, 10, '2018-05-24', '120000.00', 'BDO'),
(9, 9, '2018-05-24', '50000.00', 'Western Union'),
(10, 9, '2018-05-24', '101000.00', 'BDO'),
(11, 9, '2018-05-24', '40000.00', 'BPI'),
(12, 9, '2018-05-24', '0.00', 'BDO'),
(13, 9, '2018-05-24', '0.00', 'BDO'),
(14, 14, '2018-05-24', '77000.00', 'BDO'),
(15, 7, '2018-04-16', '1157500.00', 'BPI'),
(16, 8, '2018-04-13', '90000.00', 'BPI'),
(17, 8, '2018-04-14', '5000.00', 'BPI'),
(18, 9, '2018-04-22', '0.00', 'BPI'),
(19, 9, '2018-04-19', '0.00', 'BPI'),
(20, 11, '2018-04-25', '1000000.00', 'BDO'),
(21, 12, '2018-05-18', '1000000.00', 'BDO'),
(22, 13, '2018-04-28', '797500.00', 'Metro Bank'),
(23, 17, '2018-05-03', '200000.00', 'BPI'),
(24, 16, '2018-05-05', '147500.00', 'BPI'),
(25, 18, '2018-05-09', '53000.00', 'BPI'),
(26, 20, '2018-05-23', '10300.00', 'Land Bank'),
(27, 17, '2018-05-03', '40750.00', 'BDO'),
(28, 15, '2018-04-21', '85000.00', 'BDO'),
(29, 11, '2018-04-27', '626500.00', 'Metro Bank'),
(30, 19, '2018-05-24', '20300.00', 'BPI'),
(31, 12, '2018-05-18', '20000.00', 'BPI'),
(32, 12, '2018-05-21', '28000.00', 'BPI'),
(33, 22, '2018-05-24', '560300.00', 'BDO'),
(34, 21, '2018-05-24', '52800.00', 'BPI'),
(35, 23, '2018-05-23', '340300.00', 'BPI'),
(36, 24, '2018-05-03', '8200.00', 'BPI'),
(37, 25, '2018-05-05', '5100.00', 'BPI'),
(38, 26, '2018-05-24', '50000.00', 'BPI'),
(39, 28, '2018-05-24', '20250.00', 'BPI'),
(40, 29, '2018-05-23', '6250.00', 'BPI'),
(41, 25, '2018-05-09', '40000.00', 'BPI'),
(42, 30, '2018-05-15', '300.00', 'BPI'),
(43, 36, '2018-05-21', '57750.00', 'BDO'),
(44, 35, '2018-05-25', '89249.50', 'BDO'),
(45, 34, '2018-05-09', '31300.00', 'BDO'),
(46, 50, '2018-03-16', '8515.01', 'BPI'),
(47, 26, '2018-05-25', '4300.00', 'BPI'),
(48, 28, '2018-05-25', '20000.00', 'BPI'),
(49, 27, '2018-05-24', '250.00', 'BPI'),
(50, 33, '2018-05-10', '20100.00', 'BPI'),
(51, 35, '2018-05-25', '0.50', 'BPI'),
(52, 38, '2018-05-25', '5100.01', 'BPI'),
(53, 39, '2018-05-17', '23100.00', 'BPI'),
(54, 43, '2018-05-01', '10001.00', 'BPI'),
(55, 44, '2018-05-10', '10001.00', 'BPI'),
(56, 41, '2018-05-25', '123001.00', 'BPI'),
(57, 45, '2018-05-16', '50000.00', 'BDO'),
(58, 45, '2018-05-17', '47000.00', 'BPI'),
(59, 45, '2018-05-17', '0.01', 'BPI'),
(60, 46, '2018-05-23', '17087.00', 'BPI'),
(61, 48, '2018-05-12', '36015.00', 'BPI'),
(62, 47, '2018-05-03', '10015.00', 'BPI'),
(63, 49, '2018-05-10', '6015.01', 'BPI'),
(64, 51, '2018-03-30', '16015.00', 'BPI'),
(65, 54, '2018-05-18', '16015.00', 'BPI'),
(66, 52, '2018-04-13', '51015.01', 'BPI'),
(67, 55, '2018-04-30', '5015.00', 'BPI'),
(68, 55, '2018-05-10', '5000.00', 'BPI'),
(69, 56, '2018-05-04', '20015.00', 'BPI'),
(70, 57, '2018-05-09', '10015.00', ' BPI'),
(71, 58, '2018-05-12', '10015.00', 'BPI'),
(72, 59, '2018-03-16', '8015.01', 'BPI'),
(73, 62, '2018-05-23', '50015.01', 'BPI'),
(74, 60, '2018-05-12', '20015.00', 'BPI'),
(75, 61, '2018-04-27', '240015.00', 'BDO'),
(76, 64, '2018-05-18', '15015.00', 'BPI'),
(77, 63, '2018-05-10', '1080015.00', 'BDO'),
(78, 67, '2018-05-23', '14015.00', 'BPI'),
(79, 65, '2018-05-22', '100000.00', 'BPI'),
(80, 69, '2018-05-24', '8015.01', 'BPI'),
(81, 68, '2018-05-23', '39015.00', 'BPI'),
(82, 66, '2018-05-24', '10015.00', 'BPI'),
(83, 79, '2018-01-20', '390015.00', 'BPI'),
(84, 27, '2018-05-24', '48000.00', 'BPI'),
(85, 31, '2018-05-24', '5500.00', 'BPI'),
(86, 32, '2018-05-25', '7750.00', 'BPI'),
(87, 71, '2018-04-05', '6015.01', 'BPI'),
(88, 65, '2018-05-21', '250015.00', 'BPI'),
(89, 70, '2018-04-05', '1000000.00', 'BPI'),
(90, 73, '2018-01-23', '5015.01', 'BPI'),
(91, 74, '2018-01-20', '1000.00', 'BPI'),
(92, 74, '2018-01-20', '1015.00', 'BPI'),
(93, 75, '2018-01-15', '4015.00', 'BPI'),
(94, 70, '2018-04-30', '70015.00', 'BPI'),
(95, 72, '2018-05-07', '630015.01', 'BPI'),
(96, 77, '2018-01-15', '5015.01', 'BPI'),
(97, 78, '2018-03-30', '4015.00', 'BDO'),
(98, 76, '2018-01-31', '6015.01', 'BDO');

-- --------------------------------------------------------

--
-- Table structure for table `supp_po`
--

DROP TABLE IF EXISTS `supp_po`;
CREATE TABLE IF NOT EXISTS `supp_po` (
  `supp_po_id` int(50) NOT NULL AUTO_INCREMENT,
  `supp_id` int(50) NOT NULL,
  `suppPO_date` date NOT NULL,
  `trucking_fee` decimal(20,2) NOT NULL,
  `supp_creditTerm` varchar(45) NOT NULL,
  `total_amount` decimal(20,2) NOT NULL DEFAULT '0.00',
  `delivery_stat` int(11) DEFAULT '0',
  `payment_stat` int(11) DEFAULT '0',
  `partial_stat` int(11) DEFAULT '0',
  `payment` decimal(20,2) DEFAULT NULL,
  `date_archived` date DEFAULT NULL,
  `archive` int(11) DEFAULT '1',
  PRIMARY KEY (`supp_po_id`)
) ENGINE=InnoDB AUTO_INCREMENT=82 DEFAULT CHARSET=latin1;

--
-- Dumping data for table `supp_po`
--

INSERT INTO `supp_po` (`supp_po_id`, `supp_id`, `suppPO_date`, `trucking_fee`, `supp_creditTerm`, `total_amount`, `delivery_stat`, `payment_stat`, `partial_stat`, `payment`, `date_archived`, `archive`) VALUES
(1, 1, '2018-04-01', '2500.00', '15', '1082500.00', 1, 1, 1, '1082500.00', NULL, 1),
(2, 7, '2018-04-01', '2500.00', '15', '18500.00', 1, 1, 1, '18500.00', NULL, 1),
(3, 1, '2018-05-01', '2500.00', '15', '12500.00', 0, 0, 0, NULL, '2018-05-24', 0),
(4, 21, '2018-05-03', '1200.00', '30', '79200.00', 1, 1, 1, '79200.00', NULL, 1),
(5, 2, '2018-04-17', '3000.00', '15', '1073000.00', 1, 1, 1, '1073000.00', NULL, 1),
(6, 19, '2018-04-25', '2000.00', '30', '88000.00', 1, 1, 1, '88000.00', NULL, 1),
(7, 10, '2018-04-15', '1500.00', '15', '1157500.00', 1, 1, 1, '1157500.00', NULL, 1),
(8, 20, '2018-04-10', '2000.00', '30', '95000.00', 1, 1, 1, '95000.00', NULL, 1),
(9, 16, '2018-04-19', '3000.00', '15', '191000.00', 1, 1, 1, '191000.00', NULL, 1),
(10, 13, '2018-04-15', '3000.00', '30', '120000.00', 1, 1, 1, '120000.00', NULL, 1),
(11, 4, '2018-04-23', '1500.00', '30', '1626500.00', 1, 1, 1, '1626500.00', NULL, 1),
(12, 3, '2018-05-15', '2000.00', '30', '1048000.00', 1, 1, 1, '1048000.00', NULL, 1),
(13, 17, '2018-04-26', '1500.00', '30', '797500.00', 1, 1, 1, '797500.00', NULL, 1),
(14, 18, '2018-04-19', '1000.00', '30', '77000.00', 1, 1, 1, '77000.00', NULL, 1),
(15, 14, '2018-04-16', '1000.00', '30', '85000.00', 1, 1, 1, '85000.00', NULL, 1),
(16, 15, '2018-05-01', '1500.00', '30', '147500.00', 1, 1, 1, '147500.00', NULL, 1),
(17, 8, '2018-05-01', '3000.00', '30', '240750.00', 1, 1, 1, '240750.00', NULL, 1),
(18, 16, '2018-05-07', '1000.00', '15', '53000.00', 1, 1, 1, '53000.00', NULL, 1),
(19, 6, '2018-05-23', '300.00', '15', '20300.00', 1, 1, 1, '20300.00', NULL, 1),
(20, 1, '2018-05-21', '300.00', '15', '10300.00', 1, 1, 1, '10300.00', NULL, 1),
(21, 12, '2018-05-23', '300.00', '15', '52800.00', 1, 1, 1, '52800.00', NULL, 1),
(22, 4, '2018-05-21', '300.00', '15', '560300.00', 1, 1, 1, '560300.00', NULL, 1),
(23, 3, '2018-05-22', '300.00', '15', '340300.00', 1, 1, 1, '340300.00', NULL, 1),
(24, 12, '2018-05-01', '200.00', '15', '8200.00', 1, 1, 1, '8200.00', NULL, 1),
(25, 3, '2018-04-05', '100.00', '30', '45100.00', 1, 1, 1, '45100.00', NULL, 1),
(26, 10, '2018-05-23', '300.00', '15', '54300.00', 1, 1, 1, '54300.00', NULL, 1),
(27, 5, '2018-05-23', '250.00', '15', '48250.00', 1, 1, 1, '48250.00', NULL, 1),
(28, 9, '2018-05-23', '250.00', '15', '40250.00', 1, 1, 1, '40250.00', NULL, 1),
(29, 7, '2018-05-21', '250.00', '15', '6250.00', 1, 1, 1, '6250.00', NULL, 1),
(30, 15, '2018-05-11', '250.00', '30', '300.00', 1, 1, 1, '300.00', NULL, 1),
(31, 18, '2018-05-23', '500.00', '15', '5500.00', 1, 1, 1, '5500.00', NULL, 1),
(32, 18, '2018-05-23', '250.00', '30', '7750.00', 1, 1, 1, '7750.00', NULL, 1),
(33, 14, '2018-05-09', '100.00', '30', '20100.00', 1, 1, 1, '20100.00', NULL, 1),
(34, 21, '2018-05-07', '300.00', '15', '31300.00', 1, 1, 1, '31300.00', NULL, 1),
(35, 11, '2018-05-25', '1500.00', '15', '89250.00', 1, 1, 1, '89250.00', NULL, 1),
(36, 11, '2018-05-17', '1500.00', '15', '57750.00', 1, 1, 1, '57750.00', NULL, 1),
(37, 7, '2018-05-25', '30.00', '15', '6030.01', 1, 0, 1, NULL, NULL, 1),
(38, 18, '2018-05-25', '100.00', '30', '5100.01', 1, 1, 1, '5100.01', NULL, 1),
(39, 2, '2018-05-17', '1000.00', '15', '23100.00', 1, 1, 1, '23100.00', NULL, 1),
(40, 12, '2018-05-08', '250.00', '30', '105501.00', 0, 0, 0, NULL, '2018-05-25', 0),
(41, 12, '2018-05-25', '10000.00', '10', '123001.00', 1, 1, 1, '123001.00', NULL, 1),
(42, 7, '2018-05-18', '50.00', '15', '129001.00', 1, 0, 1, NULL, NULL, 1),
(43, 5, '2018-05-01', '200.00', '15', '10001.00', 1, 1, 1, '10001.00', NULL, 1),
(44, 18, '2018-05-10', '500.00', '15', '10001.00', 1, 1, 1, '10001.00', NULL, 1),
(45, 4, '2018-05-16', '1000.00', '15', '97000.01', 1, 1, 1, '97000.01', NULL, 1),
(46, 3, '2018-05-22', '150.00', '15', '17087.00', 1, 1, 1, '17087.00', NULL, 1),
(47, 19, '2018-05-02', '50.00', '15', '10015.00', 1, 1, 1, '10015.00', NULL, 1),
(48, 20, '2018-05-10', '50.00', '15', '36015.00', 1, 1, 1, '36015.00', NULL, 1),
(49, 9, '2018-05-09', '100.00', '30', '6015.01', 1, 1, 1, '6015.01', NULL, 1),
(50, 8, '2018-03-08', '30.00', '15', '8515.01', 1, 1, 1, '8515.01', NULL, 1),
(51, 15, '2018-03-15', '100.00', '30', '16015.00', 1, 1, 1, '16015.00', NULL, 1),
(52, 13, '2018-03-29', '120.00', '30', '51015.01', 1, 1, 1, '51015.01', NULL, 1),
(53, 5, '2018-04-02', '150.00', '30', '240015.00', 1, 0, 1, NULL, NULL, 1),
(54, 20, '2018-05-11', '90.00', '15', '16015.00', 1, 1, 1, '16015.00', NULL, 1),
(55, 19, '2018-04-26', '150.00', '30', '10015.00', 1, 1, 1, '10015.00', NULL, 1),
(56, 20, '2018-05-01', '200.00', '30', '20015.00', 1, 1, 1, '20015.00', NULL, 1),
(57, 9, '2018-05-03', '100.00', '30', '10015.00', 1, 1, 1, '10015.00', NULL, 1),
(58, 5, '2018-05-10', '190.00', '30', '10015.00', 1, 1, 1, '10015.00', NULL, 1),
(59, 12, '2018-03-01', '250.00', '30', '8015.01', 1, 1, 1, '8015.01', NULL, 1),
(60, 16, '2018-05-04', '100.00', '30', '20015.00', 1, 1, 1, '20015.00', NULL, 1),
(61, 5, '2018-04-12', '100.00', '30', '240015.00', 1, 1, 1, '240015.00', NULL, 1),
(62, 13, '2018-05-21', '500.00', '30', '50015.01', 1, 1, 1, '50015.01', NULL, 1),
(63, 1, '2018-05-01', '350.00', '30', '1080015.00', 1, 1, 1, '1080015.00', NULL, 1),
(64, 16, '2018-05-11', '120.00', '30', '15015.00', 1, 1, 1, '15015.00', NULL, 1),
(65, 17, '2018-05-21', '180.00', '30', '350015.00', 1, 1, 1, '350015.00', NULL, 1),
(66, 5, '2018-05-22', '100.00', '30', '10015.00', 1, 1, 1, '10015.00', NULL, 1),
(67, 6, '2018-05-22', '100.00', '30', '14015.00', 1, 1, 1, '14015.00', NULL, 1),
(68, 10, '2018-05-23', '100.00', '15', '39015.00', 1, 1, 1, '39015.00', NULL, 1),
(69, 15, '2018-05-23', '50.00', '30', '8015.01', 1, 1, 1, '8015.01', NULL, 1),
(70, 2, '2018-04-02', '350.00', '30', '1070015.00', 1, 1, 1, '1070015.00', NULL, 1),
(71, 9, '2018-04-03', '100.00', '30', '6015.01', 1, 1, 1, '6015.01', NULL, 1),
(72, 1, '2018-04-30', '400.00', '30', '630015.01', 1, 1, 1, '630015.01', NULL, 1),
(73, 5, '2018-01-09', '120.00', '30', '5015.01', 1, 1, 1, '5015.01', NULL, 1),
(74, 9, '2018-01-10', '120.00', '30', '2015.00', 1, 1, 1, '2015.00', NULL, 1),
(75, 12, '2018-01-10', '120.00', '30', '4015.00', 1, 1, 1, '4015.00', NULL, 1),
(76, 3, '2018-01-11', '120.00', '15', '6015.01', 1, 1, 1, '6015.01', NULL, 1),
(77, 16, '2018-01-15', '120.00', '30', '5015.01', 1, 1, 1, '5015.01', NULL, 1),
(78, 12, '2018-03-13', '120.00', '30', '4015.00', 1, 1, 1, '4015.00', NULL, 1),
(79, 10, '2018-01-17', '120.00', '30', '390015.00', 1, 1, 1, '390015.00', NULL, 1),
(80, 3, '2018-02-15', '120.00', '30', '12015.00', 1, 0, 1, NULL, NULL, 1),
(81, 16, '2018-02-01', '120.00', '30', '5015.01', 1, 0, 1, NULL, NULL, 1);

-- --------------------------------------------------------

--
-- Table structure for table `supp_po_ordered`
--

DROP TABLE IF EXISTS `supp_po_ordered`;
CREATE TABLE IF NOT EXISTS `supp_po_ordered` (
  `supp_po_ordered_id` int(50) NOT NULL AUTO_INCREMENT,
  `supp_po_id` int(50) NOT NULL,
  `item` varchar(45) NOT NULL,
  `qty` decimal(50,3) NOT NULL,
  `amount` decimal(20,2) NOT NULL,
  `type` varchar(45) NOT NULL DEFAULT 'Type',
  `delivery_stat` varchar(45) DEFAULT '0',
  `payment_stat` varchar(45) DEFAULT '0',
  `payment` decimal(20,2) DEFAULT NULL,
  `received` decimal(50,3) DEFAULT '0.000',
  `categoryx` int(11) DEFAULT NULL,
  `inv_stat` varchar(45) NOT NULL DEFAULT '0',
  `pckng_stat` varchar(45) NOT NULL DEFAULT '0',
  `stckr_stat` varchar(45) NOT NULL DEFAULT '0',
  `mach_stat` varchar(45) NOT NULL DEFAULT '0',
  PRIMARY KEY (`supp_po_ordered_id`)
) ENGINE=InnoDB AUTO_INCREMENT=170 DEFAULT CHARSET=latin1;

--
-- Dumping data for table `supp_po_ordered`
--

INSERT INTO `supp_po_ordered` (`supp_po_ordered_id`, `supp_po_id`, `item`, `qty`, `amount`, `type`, `delivery_stat`, `payment_stat`, `payment`, `received`, `categoryx`, `inv_stat`, `pckng_stat`, `stckr_stat`, `mach_stat`) VALUES
(1, 1, 'Guatemela', '1000000.000', '250000.00', 'light roast', '1', '0', NULL, '1000000.000', 1, '1', '0', '0', '0'),
(2, 1, 'Guatemela', '1000000.000', '380000.00', 'medium roast', '1', '0', NULL, '1000000.000', 1, '1', '0', '0', '0'),
(3, 1, 'Guatemela', '1000000.000', '450000.00', 'city roast', '1', '0', NULL, '1000000.000', 1, '1', '0', '0', '0'),
(4, 2, 'Wack Wack Sticker', '2000.000', '16000.00', 'plastic', '1', '0', NULL, '2000.000', 3, '0', '0', '1', '0'),
(5, 3, 'Forest Hills Sticker', '2000.000', '10000.00', 'paper', '0', '0', NULL, '0.000', 3, '0', '0', '0', '0'),
(6, 4, 'Professor Valentino Macanes Sticker', '2000.000', '10000.00', 'paper', '1', '0', NULL, '2000.000', 3, '0', '0', '1', '0'),
(7, 4, 'GMA Sticker', '2000.000', '20000.00', 'paper', '1', '0', NULL, '2000.000', 3, '0', '0', '1', '0'),
(8, 4, 'Escala Sticker', '2000.000', '16000.00', 'plastic', '1', '0', NULL, '2000.000', 3, '0', '0', '1', '0'),
(9, 4, 'Cosys Cafe and Roasterie Sticker', '2000.000', '16000.00', 'plastic', '1', '0', NULL, '2000.000', 3, '0', '0', '1', '0'),
(10, 4, 'Connies Kitchen Sticker', '2000.000', '16000.00', 'plastic', '1', '0', NULL, '2000.000', 3, '0', '0', '1', '0'),
(11, 5, 'Barako', '1000000.000', '460000.00', 'city roast', '1', '0', NULL, '1000000.000', 1, '1', '0', '0', '0'),
(12, 5, 'Barako', '1000000.000', '360000.00', 'medium roast', '1', '0', NULL, '1000000.000', 1, '1', '0', '0', '0'),
(13, 5, 'Barako', '1000000.000', '250000.00', 'light roast', '1', '0', NULL, '1000000.000', 1, '1', '0', '0', '0'),
(14, 6, 'Mabuhay Blend Sticker', '2000.000', '10000.00', 'paper', '1', '0', NULL, '2000.000', 3, '0', '0', '1', '0'),
(15, 6, 'Le Chef Manor Sticker', '2000.000', '16000.00', 'plastic', '1', '0', NULL, '2000.000', 3, '0', '0', '1', '0'),
(16, 6, 'Kintetsu World Express Sticker', '2000.000', '20000.00', 'vinyl', '1', '0', NULL, '2000.000', 3, '0', '0', '1', '0'),
(17, 6, 'Kalayaan Blend Sticker', '2000.000', '10000.00', 'paper', '1', '0', NULL, '2000.000', 3, '0', '0', '1', '0'),
(18, 6, 'Fiesta Blend Sticker', '2000.000', '10000.00', 'paper', '1', '0', NULL, '2000.000', 3, '0', '0', '1', '0'),
(19, 6, 'Eurotel Sticker', '2000.000', '20000.00', 'vinyl', '1', '0', NULL, '2000.000', 3, '0', '0', '1', '0'),
(20, 7, 'Best Western Oxford Suites Sticker', '2000.000', '16000.00', 'plastic', '1', '0', NULL, '2000.000', 3, '0', '0', '1', '0'),
(21, 7, 'Sumatra', '1000000.000', '270000.00', 'light roast', '1', '0', NULL, '1000000.000', 1, '1', '0', '0', '0'),
(22, 7, 'Sumatra', '1000000.000', '390000.00', 'medium roast', '1', '0', NULL, '1000000.000', 1, '1', '0', '0', '0'),
(23, 7, 'Sumatra', '1000000.000', '480000.00', 'city roast', '1', '0', NULL, '1000000.000', 1, '1', '0', '0', '0'),
(24, 8, 'Lighthouse Marina Resort Sticker', '2000.000', '10000.00', 'paper', '1', '0', NULL, '2000.000', 3, '0', '0', '1', '0'),
(25, 8, 'Kahuna Beach Resort and Spa Sticker', '2000.000', '16000.00', 'paper', '1', '0', NULL, '2000.000', 3, '0', '0', '1', '0'),
(26, 8, 'Fil Estate Sticker', '2000.000', '16000.00', 'paper', '1', '0', NULL, '2000.000', 3, '0', '0', '1', '0'),
(27, 8, 'Edwin Hui Sticker', '2000.000', '16000.00', 'paper', '1', '0', NULL, '2000.000', 3, '0', '0', '1', '0'),
(28, 8, 'Bread House Sticker', '2000.000', '20000.00', 'vinyl', '1', '0', NULL, '2000.000', 3, '0', '0', '1', '0'),
(29, 8, 'Bloomfield Patch Cafe Sticker', '1500.000', '15000.00', 'vinyl', '1', '0', NULL, '1500.000', 3, '0', '0', '1', '0'),
(30, 9, 'Lemon and Olives Sticker', '2000.000', '10000.00', 'paper', '1', '0', NULL, '2000.000', 3, '0', '0', '1', '0'),
(31, 9, 'Le Festin Trading Sticker', '2000.000', '10000.00', 'paper', '1', '0', NULL, '2000.000', 3, '0', '0', '1', '0'),
(32, 9, 'Le Chef Southwoods Sticker', '2000.000', '10000.00', 'paper', '1', '0', NULL, '2000.000', 3, '0', '0', '1', '0'),
(33, 9, 'Le Chef Paranaque Sticker', '2000.000', '10000.00', 'paper', '1', '0', NULL, '2000.000', 3, '0', '0', '1', '0'),
(34, 9, 'Le Chef Manor Sticker', '2000.000', '10000.00', 'paper', '1', '0', NULL, '2000.000', 3, '0', '0', '1', '0'),
(35, 9, 'Le Chef Golf Sticker', '2000.000', '10000.00', 'paper', '1', '0', NULL, '2000.000', 3, '0', '0', '1', '0'),
(36, 9, 'Le Chef Accounting Sticker', '2000.000', '10000.00', 'paper', '1', '0', NULL, '2000.000', 3, '0', '0', '1', '0'),
(37, 9, 'La Tienda Sticker', '2000.000', '10000.00', 'paper', '1', '0', NULL, '2000.000', 3, '0', '0', '1', '0'),
(38, 9, 'La Parilla Sticker', '2000.000', '20000.00', 'paper', '0', '0', NULL, '0.000', 3, '0', '0', '0', '0'),
(39, 9, 'Guatemela Rainforest Sticker', '2000.000', '10000.00', 'paper', '1', '0', NULL, '2000.000', 3, '0', '0', '1', '0'),
(40, 9, 'Citrus Restaurant Sticker', '2000.000', '16000.00', 'plastic', '1', '0', NULL, '2000.000', 3, '0', '0', '1', '0'),
(41, 9, 'Camp John Hay Golf Club Sticker', '2000.000', '16000.00', 'plastic', '0', '0', NULL, '0.000', 3, '0', '0', '0', '0'),
(42, 9, 'Blackwoods Sticker', '2000.000', '10000.00', 'paper', '1', '0', NULL, '2000.000', 3, '0', '0', '1', '0'),
(43, 9, 'ATACOGMAC Sticker', '2000.000', '10000.00', 'paper', '1', '0', NULL, '2000.000', 3, '0', '0', '1', '0'),
(44, 9, 'Amelie Hotel Sticker', '2000.000', '16000.00', 'plastic', '0', '0', NULL, '0.000', 3, '0', '0', '0', '0'),
(45, 9, 'ABS CBN Sticker', '2000.000', '10000.00', 'paper', '1', '0', NULL, '2000.000', 3, '0', '0', '1', '0'),
(46, 10, 'Piccolina', '15.000', '51000.00', 'Triple Cup Espresso', '1', '0', NULL, '15.000', 4, '0', '0', '0', '1'),
(47, 10, 'Piccolina', '15.000', '37500.00', 'Double Cup Espresso', '1', '0', NULL, '15.000', 4, '0', '0', '0', '1'),
(48, 10, 'Lirika', '15.000', '28500.00', 'Single Cup Espresso', '1', '0', NULL, '15.000', 4, '0', '0', '0', '1'),
(49, 11, 'Bowknot Brewery Sticker', '2000.000', '10000.00', 'paper', '1', '0', NULL, '2000.000', 3, '0', '0', '1', '0'),
(50, 11, 'Colombia', '1000000.000', '415000.00', 'light roast', '1', '0', NULL, '1000000.000', 1, '1', '0', '0', '0'),
(51, 11, 'Colombia', '1000000.000', '560000.00', 'medium roast', '1', '0', NULL, '1000000.000', 1, '1', '0', '0', '0'),
(52, 11, 'Colombia', '1000000.000', '640000.00', 'city roast', '1', '0', NULL, '1000000.000', 1, '1', '0', '0', '0'),
(53, 12, 'Bote Central Roasting Sticker', '2000.000', '16000.00', 'plastic', '1', '0', NULL, '2000.000', 3, '0', '0', '1', '0'),
(54, 12, 'Robusta', '1000000.000', '240000.00', 'light roast', '1', '0', NULL, '1000000.000', 1, '0', '0', '0', '0'),
(55, 12, 'Robusta', '1000000.000', '340000.00', 'medium roast', '1', '0', NULL, '1000000.000', 1, '1', '0', '0', '0'),
(56, 12, 'Robusta', '1000000.000', '450000.00', 'city roast', '1', '0', NULL, '1000000.000', 1, '1', '0', '0', '0'),
(57, 13, 'Grumpy Joe Sticker', '2000.000', '16000.00', 'plastic', '1', '0', NULL, '2000.000', 3, '0', '0', '1', '0'),
(58, 13, 'Benguet', '1000000.000', '180000.00', 'light roast', '1', '0', NULL, '1000000.000', 1, '1', '0', '0', '0'),
(59, 13, 'Benguet', '1000000.000', '250000.00', 'medium roast', '1', '0', NULL, '1000000.000', 1, '1', '0', '0', '0'),
(60, 13, 'Benguet', '1000000.000', '350000.00', 'city roast', '1', '0', NULL, '1000000.000', 1, '1', '0', '0', '0'),
(61, 14, 'Marios Restaurant Manila Sticker', '2000.000', '20000.00', 'vinyl', '1', '0', NULL, '2000.000', 3, '0', '0', '1', '0'),
(62, 14, 'Marios Restaurant Baguio Sticker', '2000.000', '16000.00', 'paper', '1', '0', NULL, '2000.000', 3, '0', '0', '1', '0'),
(63, 14, 'Espresso Blend Sticker', '2000.000', '10000.00', 'paper', '1', '0', NULL, '2000.000', 3, '0', '0', '1', '0'),
(64, 14, 'Cafe de Manor Sticker', '2000.000', '20000.00', 'vinyl', '1', '0', NULL, '2000.000', 3, '0', '0', '1', '0'),
(65, 14, 'Breakfast Blend Sticker', '2000.000', '10000.00', 'paper', '1', '0', NULL, '2000.000', 3, '0', '0', '1', '0'),
(66, 15, 'Sumatra Night Sticker', '2000.000', '10000.00', 'paper', '1', '0', NULL, '2000.000', 3, '0', '0', '1', '0'),
(67, 15, 'La Casa Blanca Sticker', '2000.000', '16000.00', 'paper', '1', '0', NULL, '2000.000', 3, '0', '0', '1', '0'),
(68, 15, 'John Hay Water System Inc Sticker', '2000.000', '16000.00', 'plastic', '1', '0', NULL, '2000.000', 3, '0', '0', '1', '0'),
(69, 15, 'Eurotel Sticker', '2000.000', '10000.00', 'paper', '1', '0', NULL, '2000.000', 3, '0', '0', '1', '0'),
(70, 15, 'Colleen Curran Sticker', '2000.000', '16000.00', 'plastic', '1', '0', NULL, '2000.000', 3, '0', '0', '1', '0'),
(71, 15, 'Canto Restaurant Sticker', '2000.000', '16000.00', 'paper', '1', '0', NULL, '2000.000', 3, '0', '0', '1', '0'),
(72, 16, 'La Tienda Sticker', '2000.000', '20000.00', 'paper', '1', '0', NULL, '2000.000', 3, '0', '0', '1', '0'),
(73, 16, 'La Parilla Sticker', '2000.000', '10000.00', 'paper', '1', '0', NULL, '2000.000', 3, '0', '0', '1', '0'),
(74, 16, 'Keiffeir Coffee Shop Sticker', '2000.000', '16000.00', 'paper', '1', '0', NULL, '2000.000', 3, '0', '0', '1', '0'),
(75, 16, 'Hapi Bakery and Mami House Sticker', '2000.000', '16000.00', 'paper', '1', '0', NULL, '2000.000', 3, '0', '0', '1', '0'),
(76, 16, 'Gerrys Grill Stiker', '2000.000', '16000.00', 'plastic', '1', '0', NULL, '2000.000', 3, '0', '0', '0', '0'),
(77, 16, 'Cordillera Sunrise Sticker', '2000.000', '10000.00', 'paper', '1', '0', NULL, '2000.000', 3, '0', '0', '1', '0'),
(78, 16, 'Chefs Blend Sticker', '2000.000', '10000.00', 'paper', '1', '0', NULL, '2000.000', 3, '0', '0', '1', '0'),
(79, 16, 'Cafe de Seoul Sticker', '2000.000', '16000.00', 'paper', '1', '0', NULL, '2000.000', 3, '0', '0', '1', '0'),
(80, 16, 'Cafe Caw Sticker', '2000.000', '16000.00', 'plastic', '1', '0', NULL, '2000.000', 3, '0', '0', '1', '0'),
(81, 16, 'Bote Central Sticker', '2000.000', '16000.00', 'paper', '1', '0', NULL, '2000.000', 3, '0', '0', '1', '0'),
(82, 17, 'Saeco', '15.000', '42000.00', 'Double Cup Espresso', '1', '0', NULL, '15.000', 4, '0', '0', '0', '1'),
(83, 17, 'Percolator', '15.000', '31500.00', 'Double Cup Espresso', '1', '0', NULL, '15.000', 4, '0', '0', '0', '1'),
(84, 17, 'Grato', '15.000', '42000.00', 'Double Cup Espresso', '1', '0', NULL, '15.000', 4, '0', '0', '0', '1'),
(85, 17, 'Bunn', '15.000', '25500.00', 'Single Cup Espresso', '1', '0', NULL, '15.000', 4, '0', '0', '0', '1'),
(86, 17, 'Bravilor', '15.000', '40500.00', 'Double Cup Espresso', '1', '0', NULL, '15.000', 4, '0', '0', '0', '1'),
(87, 17, 'AVR', '15.000', '56250.00', 'Triple Cup Espresso', '1', '0', NULL, '15.000', 4, '0', '0', '0', '1'),
(88, 18, 'La Parilla Sticker', '2000.000', '20000.00', 'paper', '1', '0', NULL, '2000.000', 3, '0', '0', '1', '0'),
(89, 18, 'Camp John Hay Golf Club Sticker', '2000.000', '16000.00', 'plastic', '1', '0', NULL, '2000.000', 3, '0', '0', '1', '0'),
(90, 18, 'Amelie Hotel Sticker', '2000.000', '16000.00', 'plastic', '1', '0', NULL, '2000.000', 3, '0', '0', '1', '0'),
(91, 19, 'Baguio Country Club Sticker', '2000.000', '20000.00', 'vinyl', '1', '0', NULL, '2000.000', 3, '0', '0', '1', '0'),
(92, 20, 'Forest Hills Sticker', '2000.000', '10000.00', 'paper', '1', '0', NULL, '2000.000', 3, '0', '0', '1', '0'),
(93, 21, 'Colet', '15.000', '52500.00', 'Triple Cup Espresso', '1', '0', NULL, '15.000', 4, '0', '0', '0', '1'),
(94, 22, 'Colombia', '1000000.000', '560000.00', 'medium roast', '1', '0', NULL, '1000000.000', 1, '1', '0', '0', '0'),
(95, 23, 'Robusta', '1000000.000', '340000.00', 'medium roast', '1', '0', NULL, '1000000.000', 1, '1', '0', '0', '0'),
(96, 24, 'clear bag', '2000.000', '8000.00', '500', '1', '0', NULL, '2000.000', 2, '0', '1', '0', '0'),
(97, 25, 'Robusta', '100000.000', '45000.00', 'city roast', '1', '0', NULL, '100000.000', 1, '1', '0', '0', '0'),
(98, 26, 'Sumatra', '200000.000', '54000.00', 'light roast', '1', '0', NULL, '200000.000', 1, '1', '0', '0', '0'),
(99, 27, 'Sumatra', '100000.000', '48000.00', 'city roast', '1', '0', NULL, '100000.000', 1, '1', '0', '0', '0'),
(100, 28, 'clear bag', '2000.000', '12000.00', '1000', '1', '0', NULL, '2000.000', 2, '0', '0', '0', '0'),
(101, 28, 'clear bag', '2000.000', '4000.00', '250', '1', '0', NULL, '2000.000', 2, '0', '1', '0', '0'),
(102, 28, 'brown bag', '2000.000', '14000.00', '1000', '1', '0', NULL, '2000.000', 2, '0', '1', '0', '0'),
(103, 28, 'brown bag', '2000.000', '10000.00', '500', '1', '0', NULL, '2000.000', 2, '0', '0', '0', '0'),
(104, 29, 'brown bag', '2000.000', '6000.00', '250', '1', '0', NULL, '2000.000', 2, '0', '1', '0', '0'),
(105, 30, 'Forest Hills Sticker', '10.000', '50.00', 'paper', '1', '0', NULL, '10.000', 3, '0', '0', '1', '0'),
(106, 31, 'Bowknot Brewery Sticker', '1000.000', '5000.00', 'paper', '1', '0', NULL, '1000.000', 3, '0', '0', '1', '0'),
(107, 32, 'Bowknot Brewery Sticker', '1500.000', '7500.00', 'paper', '1', '0', NULL, '1500.000', 3, '0', '0', '1', '0'),
(108, 33, 'Bioessence Sticker', '2500.000', '20000.00', 'plastic', '1', '0', NULL, '2500.000', 3, '0', '0', '1', '0'),
(109, 34, 'Best Western Oxford Suites Sticker', '2000.000', '16000.00', 'paper', '1', '0', NULL, '2000.000', 3, '0', '0', '0', '0'),
(110, 34, 'Baguio Country Club Sticker', '1500.000', '15000.00', 'paper', '1', '0', NULL, '1500.000', 3, '0', '0', '0', '0'),
(111, 35, 'Percolator', '15.000', '31500.00', 'Double Cup Espresso', '1', '0', NULL, '15.000', 4, '0', '0', '0', '1'),
(112, 36, 'AVR', '15.000', '56250.00', 'Triple Cup Espresso', '1', '0', NULL, '15.000', 4, '0', '0', '0', '1'),
(113, 37, 'brown bag', '2000.000', '6000.00', '250', '1', '0', NULL, '2000.000', 2, '0', '1', '0', '0'),
(114, 38, 'Bowknot Brewery Sticker', '1000.000', '5000.00', 'paper', '1', '0', NULL, '1000.000', 3, '0', '0', '0', '0'),
(115, 39, 'Barako', '50000.000', '18000.00', 'medium roast', '1', '0', NULL, '50000.000', 1, '0', '0', '0', '0'),
(116, 40, 'Saeco', '15.000', '42000.00', 'Double Cup Espresso', '0', '0', NULL, '0.000', 4, '0', '0', '0', '0'),
(117, 40, 'Lirika', '15.000', '28500.00', 'Single Cup Espresso', '0', '0', NULL, '0.000', 4, '0', '0', '0', '0'),
(118, 40, 'Colet', '10.000', '35000.00', 'Triple Cup Espresso', '0', '0', NULL, '0.000', 4, '0', '0', '0', '0'),
(119, 41, 'Saeco', '15.000', '42000.00', 'Double Cup Espresso', '1', '0', NULL, '15.000', 4, '0', '0', '0', '0'),
(120, 41, 'Lirika', '15.000', '28500.00', 'Single Cup Espresso', '1', '0', NULL, '15.000', 4, '0', '0', '0', '0'),
(121, 41, 'Colet', '15.000', '52500.00', 'Triple Cup Espresso', '1', '0', NULL, '15.000', 4, '0', '0', '0', '0'),
(122, 42, 'brown bag', '2000.000', '6000.00', '250', '1', '0', NULL, '2000.000', 2, '0', '1', '0', '0'),
(123, 43, 'brown bag', '2000.000', '10000.00', '500', '1', '0', NULL, '2000.000', 2, '0', '0', '0', '0'),
(124, 44, 'Bowknot Brewery Sticker', '2000.000', '10000.00', 'paper', '1', '0', NULL, '2000.000', 3, '0', '0', '0', '0'),
(125, 45, 'Colombia', '150000.000', '96000.00', 'city roast', '1', '0', NULL, '150000.000', 1, '0', '0', '0', '0'),
(126, 46, 'clear bag', '2000.000', '12000.00', '1000', '1', '0', NULL, '2000.000', 2, '0', '0', '0', '0'),
(127, 47, 'ABS CBN Sticker', '2000.000', '10000.00', 'paper', '1', '0', NULL, '2000.000', 3, '0', '0', '0', '0'),
(128, 48, 'Gweilo Corp Sticker', '2000.000', '16000.00', 'plastic', '1', '0', NULL, '2000.000', 3, '0', '0', '0', '0'),
(129, 48, 'Gerrys Grill Purchasing Sticker', '2000.000', '20000.00', 'vinyl', '1', '0', NULL, '2000.000', 3, '0', '0', '0', '0'),
(130, 49, 'brown bag', '2000.000', '6000.00', '250', '1', '0', NULL, '2000.000', 2, '0', '0', '0', '0'),
(131, 50, 'Bunn', '5.000', '8500.00', 'Single Cup Espresso', '1', '0', NULL, '5.000', 4, '0', '0', '0', '0'),
(132, 51, 'Gerrys Grill Treasury Sticker', '2000.000', '16000.00', 'paper', '1', '0', NULL, '2000.000', 3, '0', '0', '0', '0'),
(133, 52, 'Piccolina', '15.000', '51000.00', 'Triple Cup Espresso', '1', '0', NULL, '15.000', 4, '0', '0', '0', '0'),
(134, 53, 'Robusta', '1000000.000', '240000.00', 'city roast', '1', '0', NULL, '1000000.000', 1, '0', '0', '0', '0'),
(135, 54, 'She Sticker', '2000.000', '16000.00', 'plastic', '1', '0', NULL, '2000.000', 3, '0', '0', '0', '0'),
(136, 55, 'ABS CBN Sticker', '2000.000', '10000.00', 'paper', '1', '0', NULL, '2000.000', 3, '0', '0', '0', '0'),
(137, 56, 'Bloomfield Patch Cafe Sticker', '2000.000', '20000.00', 'vinyl', '1', '0', NULL, '2000.000', 3, '0', '0', '0', '0'),
(138, 57, 'clear bag', '2000.000', '4000.00', '250', '1', '0', NULL, '2000.000', 2, '0', '0', '0', '0'),
(139, 57, 'brown bag', '2000.000', '6000.00', '250', '1', '0', NULL, '2000.000', 2, '0', '0', '0', '0'),
(140, 58, 'brown bag', '2000.000', '10000.00', '500', '1', '0', NULL, '2000.000', 2, '0', '0', '0', '0'),
(141, 59, 'clear bag', '2000.000', '8000.00', '500', '1', '0', NULL, '2000.000', 2, '0', '0', '0', '0'),
(142, 60, 'Le Chef Southwoods Sticker', '2000.000', '10000.00', 'paper', '1', '0', NULL, '2000.000', 3, '0', '0', '0', '0'),
(143, 60, 'Le Chef Golf Sticker', '2000.000', '10000.00', 'paper', '1', '0', NULL, '2000.000', 3, '0', '0', '0', '0'),
(144, 61, 'Robusta', '1000000.000', '240000.00', 'light roast', '1', '0', NULL, '1000000.000', 1, '0', '0', '0', '0'),
(145, 62, 'Tempo', '20.000', '50000.00', 'Double Cup Espresso', '1', '0', NULL, '20.000', 4, '0', '0', '0', '0'),
(146, 63, 'Guatemala', '1000000.000', '250000.00', 'light roast', '1', '0', NULL, '1000000.000', 1, '0', '0', '0', '0'),
(147, 63, 'Guatemala', '1000000.000', '380000.00', 'medium roast', '1', '0', NULL, '1000000.000', 1, '0', '0', '0', '0'),
(148, 63, 'Guatemala', '1000000.000', '450000.00', 'city roast', '1', '0', NULL, '1000000.000', 1, '0', '0', '0', '0'),
(149, 64, 'Guatemala Rainforest Sticker', '3000.000', '15000.00', 'paper', '1', '0', NULL, '3000.000', 3, '0', '0', '0', '0'),
(150, 65, 'Benguet', '1000000.000', '350000.00', 'city roast', '1', '0', NULL, '1000000.000', 1, '0', '0', '0', '0'),
(151, 66, 'brown bag', '2000.000', '10000.00', '500', '1', '0', NULL, '2000.000', 2, '0', '0', '0', '0'),
(152, 67, 'brown bag', '2000.000', '14000.00', '1000', '1', '0', NULL, '2000.000', 2, '0', '0', '0', '0'),
(153, 68, 'Sumatra', '100000.000', '39000.00', 'medium roast', '1', '0', NULL, '100000.000', 1, '0', '0', '0', '0'),
(154, 69, 'Cafe Caw Sticker', '1000.000', '8000.00', 'plastic', '1', '0', NULL, '1000.000', 3, '0', '0', '0', '0'),
(155, 70, 'Barako', '1000000.000', '460000.00', 'city roast', '1', '0', NULL, '1000000.000', 1, '0', '0', '0', '0'),
(156, 70, 'Barako', '1000000.000', '360000.00', 'medium roast', '1', '0', NULL, '1000000.000', 1, '0', '0', '0', '0'),
(157, 70, 'Barako', '1000000.000', '250000.00', 'light roast', '1', '0', NULL, '1000000.000', 1, '0', '0', '0', '0'),
(158, 71, 'brown bag', '2000.000', '6000.00', '250', '1', '0', NULL, '2000.000', 2, '0', '0', '0', '0'),
(159, 72, 'Guatemala', '1000000.000', '250000.00', 'light roast', '1', '0', NULL, '1000000.000', 1, '0', '0', '0', '0'),
(160, 72, 'Guatemala', '1000000.000', '380000.00', 'medium roast', '1', '0', NULL, '1000000.000', 1, '0', '0', '0', '0'),
(161, 73, 'brown bag', '1000.000', '5000.00', '500', '1', '0', NULL, '1000.000', 2, '0', '0', '0', '0'),
(162, 74, 'clear bag', '1000.000', '2000.00', '250', '1', '0', NULL, '1000.000', 2, '0', '0', '0', '0'),
(163, 75, 'clear bag', '1000.000', '4000.00', '500', '1', '0', NULL, '1000.000', 2, '0', '0', '0', '0'),
(164, 76, 'clear bag', '1000.000', '6000.00', '1000', '1', '0', NULL, '1000.000', 2, '0', '0', '0', '0'),
(165, 77, 'Le Chef Southwoods Sticker', '1000.000', '5000.00', 'paper', '1', '0', NULL, '1000.000', 3, '0', '0', '0', '0'),
(166, 78, 'clear bag', '1000.000', '4000.00', '500', '1', '0', NULL, '1000.000', 2, '0', '0', '0', '0'),
(167, 79, 'Sumatra', '1000000.000', '390000.00', 'medium roast', '1', '0', NULL, '1000000.000', 1, '0', '0', '0', '0'),
(168, 80, 'clear bag', '2000.000', '12000.00', '1000', '1', '0', NULL, '2000.000', 2, '0', '0', '0', '0'),
(169, 81, 'Le Chef Paranaque Sticker', '1000.000', '5000.00', 'paper', '1', '0', NULL, '1000.000', 3, '0', '0', '0', '0');

-- --------------------------------------------------------

--
-- Table structure for table `supp_temp_po`
--

DROP TABLE IF EXISTS `supp_temp_po`;
CREATE TABLE IF NOT EXISTS `supp_temp_po` (
  `id_supp_temp_PO` int(50) NOT NULL AUTO_INCREMENT,
  `supp_name` varchar(45) NOT NULL,
  `date` date NOT NULL,
  `trucking_fee` decimal(20,2) NOT NULL,
  `credit_term` varchar(45) NOT NULL,
  `username` varchar(45) NOT NULL,
  PRIMARY KEY (`id_supp_temp_PO`)
) ENGINE=InnoDB AUTO_INCREMENT=48 DEFAULT CHARSET=latin1;

--
-- Dumping data for table `supp_temp_po`
--

INSERT INTO `supp_temp_po` (`id_supp_temp_PO`, `supp_name`, `date`, `trucking_fee`, `credit_term`, `username`) VALUES
(14, 'Porta Vaga Stall', '2018-05-24', '1500.00', '15', 'arlene'),
(26, 'Baguio Allied Printers & General Merchandise', '2018-05-07', '15.00', '14', 'minerva'),
(47, 'Alterra Coffee Roasters', '2018-05-17', '50.00', '30', 'jerome');

-- --------------------------------------------------------

--
-- Table structure for table `supp_temp_po_order`
--

DROP TABLE IF EXISTS `supp_temp_po_order`;
CREATE TABLE IF NOT EXISTS `supp_temp_po_order` (
  `idsupp_temp_po_order` int(50) NOT NULL AUTO_INCREMENT,
  `item_name` varchar(50) NOT NULL,
  `qty` decimal(50,3) NOT NULL,
  `type` varchar(20) NOT NULL,
  `unitPrice` decimal(20,2) NOT NULL,
  `amount` decimal(20,2) NOT NULL,
  `categoryx` int(11) DEFAULT NULL,
  `username` varchar(45) NOT NULL,
  PRIMARY KEY (`idsupp_temp_po_order`)
) ENGINE=InnoDB AUTO_INCREMENT=24 DEFAULT CHARSET=latin1;

--
-- Dumping data for table `supp_temp_po_order`
--

INSERT INTO `supp_temp_po_order` (`idsupp_temp_po_order`, `item_name`, `qty`, `type`, `unitPrice`, `amount`, `categoryx`, `username`) VALUES
(22, 'Guatemala', '1500.000', 'medium roast', '380.00', '570000.00', 1, 'jerome'),
(23, 'Guatemala', '1000.000', 'city roast', '450.00', '450000.00', 1, 'jerome');

-- --------------------------------------------------------

--
-- Table structure for table `transac_history`
--

DROP TABLE IF EXISTS `transac_history`;
CREATE TABLE IF NOT EXISTS `transac_history` (
  `transac_id` int(11) NOT NULL AUTO_INCREMENT,
  `supp_po_id` varchar(45) NOT NULL,
  `date_received` date NOT NULL,
  `date_payment` date NOT NULL,
  PRIMARY KEY (`transac_id`)
) ENGINE=InnoDB DEFAULT CHARSET=latin1;

-- --------------------------------------------------------

--
-- Table structure for table `trans_mach`
--

DROP TABLE IF EXISTS `trans_mach`;
CREATE TABLE IF NOT EXISTS `trans_mach` (
  `tmach_id` int(11) NOT NULL AUTO_INCREMENT,
  `mach_id` int(11) DEFAULT NULL,
  `trans_id` int(11) NOT NULL,
  `quantity` varchar(45) DEFAULT NULL,
  PRIMARY KEY (`tmach_id`),
  KEY `mach_trans_idx` (`mach_id`),
  KEY `mach_to_mtm_idx` (`mach_id`),
  KEY `mach_trans_idx1` (`trans_id`)
) ENGINE=InnoDB AUTO_INCREMENT=132 DEFAULT CHARSET=latin1;

--
-- Dumping data for table `trans_mach`
--

INSERT INTO `trans_mach` (`tmach_id`, `mach_id`, `trans_id`, `quantity`) VALUES
(1, NULL, 33, NULL),
(2, NULL, 34, NULL),
(3, NULL, 35, NULL),
(4, NULL, 36, NULL),
(5, NULL, 37, NULL),
(6, NULL, 38, NULL),
(7, NULL, 39, NULL),
(8, NULL, 40, NULL),
(9, NULL, 41, NULL),
(10, NULL, 42, NULL),
(11, NULL, 43, NULL),
(12, NULL, 44, NULL),
(13, NULL, 45, NULL),
(14, NULL, 51, NULL),
(15, NULL, 38, NULL),
(16, NULL, 39, NULL),
(17, NULL, 40, NULL),
(18, NULL, 41, NULL),
(19, NULL, 42, NULL),
(20, NULL, 43, NULL),
(21, NULL, 46, NULL),
(22, NULL, 47, NULL),
(23, NULL, 50, NULL),
(24, NULL, 56, NULL),
(25, NULL, 60, NULL),
(26, NULL, 61, NULL),
(27, NULL, 62, NULL),
(28, NULL, 63, NULL),
(29, NULL, 64, NULL),
(30, NULL, 65, NULL),
(31, NULL, 76, NULL),
(32, NULL, 77, NULL),
(33, NULL, 78, NULL),
(34, NULL, 79, NULL),
(35, NULL, 80, NULL),
(36, NULL, 81, NULL),
(37, NULL, 82, NULL),
(38, NULL, 83, NULL),
(39, NULL, 84, NULL),
(40, NULL, 85, NULL),
(41, NULL, 86, NULL),
(42, NULL, 87, NULL),
(43, NULL, 88, NULL),
(44, NULL, 89, NULL),
(45, NULL, 90, NULL),
(46, NULL, 91, NULL),
(47, NULL, 92, NULL),
(48, NULL, 93, NULL),
(49, NULL, 94, NULL),
(50, NULL, 95, NULL),
(51, NULL, 96, NULL),
(52, NULL, 97, NULL),
(53, NULL, 98, NULL),
(54, NULL, 104, NULL),
(55, NULL, 109, NULL),
(56, NULL, 110, NULL),
(57, NULL, 114, NULL),
(58, NULL, 115, NULL),
(59, NULL, 116, NULL),
(60, NULL, 117, NULL),
(61, NULL, 118, NULL),
(62, NULL, 119, NULL),
(63, NULL, 120, NULL),
(64, NULL, 121, NULL),
(65, NULL, 122, NULL),
(66, NULL, 123, NULL),
(67, NULL, 124, NULL),
(68, NULL, 125, NULL),
(69, NULL, 126, NULL),
(70, NULL, 127, NULL),
(71, NULL, 128, NULL),
(72, NULL, 129, NULL),
(73, NULL, 130, NULL),
(74, NULL, 131, NULL),
(75, NULL, 132, NULL),
(76, NULL, 138, NULL),
(77, NULL, 139, NULL),
(78, NULL, 140, NULL),
(79, NULL, 141, NULL),
(80, NULL, 142, NULL),
(81, NULL, 143, NULL),
(82, NULL, 144, NULL),
(83, NULL, 145, NULL),
(84, NULL, 146, NULL),
(85, NULL, 147, NULL),
(86, NULL, 148, NULL),
(87, NULL, 149, NULL),
(88, NULL, 150, NULL),
(89, NULL, 151, NULL),
(90, NULL, 152, NULL),
(91, NULL, 153, NULL),
(92, NULL, 154, NULL),
(93, NULL, 155, NULL),
(94, NULL, 156, NULL),
(95, NULL, 157, NULL),
(96, NULL, 158, NULL),
(97, NULL, 159, NULL),
(98, NULL, 160, NULL),
(99, NULL, 161, NULL),
(100, NULL, 162, NULL),
(101, NULL, 163, NULL),
(102, NULL, 164, NULL),
(103, NULL, 165, NULL),
(104, NULL, 166, NULL),
(105, NULL, 167, NULL),
(106, NULL, 168, NULL),
(107, NULL, 169, NULL),
(108, NULL, 170, NULL),
(109, NULL, 171, NULL),
(110, NULL, 172, NULL),
(111, NULL, 173, NULL),
(112, NULL, 174, NULL),
(113, NULL, 175, NULL),
(114, NULL, 176, NULL),
(115, NULL, 177, NULL),
(116, NULL, 183, NULL),
(117, NULL, 187, NULL),
(118, NULL, 192, NULL),
(119, NULL, 193, NULL),
(120, NULL, 194, NULL),
(121, NULL, 195, NULL),
(122, NULL, 196, NULL),
(123, NULL, 197, NULL),
(124, NULL, 200, NULL),
(125, NULL, 201, NULL),
(126, NULL, 202, NULL),
(127, NULL, 203, NULL),
(128, NULL, 204, NULL),
(129, NULL, 205, NULL),
(130, NULL, 206, NULL),
(131, NULL, 207, NULL);

-- --------------------------------------------------------

--
-- Table structure for table `trans_pack`
--

DROP TABLE IF EXISTS `trans_pack`;
CREATE TABLE IF NOT EXISTS `trans_pack` (
  `tp_id` int(11) NOT NULL AUTO_INCREMENT,
  `trans_id` int(11) NOT NULL,
  `package_id` int(11) DEFAULT NULL,
  `quantity` int(11) DEFAULT NULL,
  PRIMARY KEY (`tp_id`),
  KEY `t_pack_idx` (`package_id`),
  KEY `t_pack_transact_idx` (`trans_id`)
) ENGINE=InnoDB AUTO_INCREMENT=132 DEFAULT CHARSET=latin1;

--
-- Dumping data for table `trans_pack`
--

INSERT INTO `trans_pack` (`tp_id`, `trans_id`, `package_id`, `quantity`) VALUES
(1, 33, 6, 1),
(2, 34, 6, 1),
(3, 35, 2, 2),
(4, 36, 2, 2),
(5, 37, 1, 2),
(6, 38, 5, 1),
(7, 39, 5, 1),
(8, 40, 5, 1),
(9, 41, 5, 1),
(10, 42, 4, 1),
(11, 43, 3, 1),
(12, 44, 3, 1),
(13, 45, 4, 1),
(14, 51, 1, 1),
(15, 38, 1, 1),
(16, 39, 6, 5),
(17, 40, 6, 5),
(18, 41, 6, 5),
(19, 42, 6, 5),
(20, 43, 1, 10),
(21, 46, 1, 1),
(22, 47, 1, 10),
(23, 50, 1, 5),
(24, 56, 1, 3),
(25, 60, 3, 1),
(26, 61, 1, 1),
(27, 62, 1, 1),
(28, 63, 5, 1),
(29, 64, 5, 2),
(30, 65, 1, 2),
(31, 76, 4, 250),
(32, 77, 1, 250),
(33, 78, 2, 300),
(34, 79, 1, 250),
(35, 80, 2, 300),
(36, 81, 4, 250),
(37, 82, 4, 250),
(38, 83, 5, 250),
(39, 84, 5, 300),
(40, 85, 4, 300),
(41, 86, 2, 300),
(42, 87, 2, 300),
(43, 88, 4, 250),
(44, 89, 5, 250),
(45, 90, 6, 300),
(46, 91, 4, 250),
(47, 92, 5, 250),
(48, 93, 1, 250),
(49, 94, 1, 300),
(50, 95, 5, 300),
(51, 96, 5, 250),
(52, 97, 5, 300),
(53, 98, 1, 300),
(54, 104, 4, 2),
(55, 109, 1, 1),
(56, 110, 1, 1),
(57, 114, 5, 350),
(58, 115, 6, 200),
(59, 116, 2, 250),
(60, 117, 1, 300),
(61, 118, 5, 250),
(62, 119, 5, 250),
(63, 120, 5, 300),
(64, 121, 2, 250),
(65, 122, 3, 300),
(66, 123, 6, 300),
(67, 124, 2, 300),
(68, 125, 1, 250),
(69, 126, 2, 250),
(70, 127, 5, 350),
(71, 128, 1, 250),
(72, 129, 5, 350),
(73, 130, 6, 200),
(74, 131, 2, 250),
(75, 132, 4, 250),
(76, 138, 6, 1),
(77, 139, 6, 1),
(78, 140, 2, 1),
(79, 141, 6, 2),
(80, 142, 2, 3),
(81, 143, 2, 1),
(82, 144, 2, 1),
(83, 145, 4, 4),
(84, 146, 5, 300),
(85, 147, 5, 250),
(86, 148, 4, 250),
(87, 149, 1, 300),
(88, 150, 5, 300),
(89, 151, 5, 350),
(90, 152, 4, 300),
(91, 153, 4, 300),
(92, 154, 4, 300),
(93, 155, 3, 250),
(94, 156, 3, 250),
(95, 157, 3, 250),
(96, 158, 3, 250),
(97, 159, 3, 250),
(98, 160, 2, 250),
(99, 161, 1, 250),
(100, 162, 4, 300),
(101, 163, 1, 200),
(102, 164, 1, 200),
(103, 165, 2, 300),
(104, 166, 2, 300),
(105, 167, 1, 200),
(106, 168, 2, 300),
(107, 169, 4, 300),
(108, 170, 5, 250),
(109, 171, 1, 200),
(110, 172, 3, 250),
(111, 173, 4, 250),
(112, 174, 5, 200),
(113, 175, 2, 200),
(114, 176, 6, 200),
(115, 177, 5, 250),
(116, 183, 1, 1),
(117, 187, 2, 250),
(118, 192, 3, 300),
(119, 193, 4, 200),
(120, 194, 4, 250),
(121, 195, 3, 250),
(122, 196, 2, 58),
(123, 197, 3, 250),
(124, 200, 1, 1),
(125, 201, 2, 2),
(126, 202, 1, 10),
(127, 203, 1, 3),
(128, 204, 5, 2),
(129, 205, 4, 5),
(130, 206, 1, 2),
(131, 207, 4, 3);

-- --------------------------------------------------------

--
-- Table structure for table `trans_raw`
--

DROP TABLE IF EXISTS `trans_raw`;
CREATE TABLE IF NOT EXISTS `trans_raw` (
  `tr_id` int(11) NOT NULL AUTO_INCREMENT,
  `trans_id` int(11) NOT NULL,
  `raw_coffeeid` int(11) DEFAULT NULL,
  `quantity` int(11) DEFAULT NULL,
  `stat` varchar(45) DEFAULT NULL,
  `inv_stat` varchar(45) NOT NULL DEFAULT '0',
  PRIMARY KEY (`tr_id`),
  KEY `transact_idx` (`trans_id`),
  KEY `raw_idx` (`raw_coffeeid`)
) ENGINE=InnoDB AUTO_INCREMENT=2407 DEFAULT CHARSET=latin1;

--
-- Dumping data for table `trans_raw`
--

INSERT INTO `trans_raw` (`tr_id`, `trans_id`, `raw_coffeeid`, `quantity`, `stat`, `inv_stat`) VALUES
(1, 1, 1, 980000, NULL, '1'),
(2, 1, 2, 880000, NULL, '1'),
(3, 1, 3, 920000, NULL, '1'),
(4, 2, 4, 995000, NULL, '1'),
(5, 2, 11, 990000, NULL, '1'),
(6, 2, 12, 985000, NULL, '1'),
(7, 3, 5, 998000, NULL, '1'),
(8, 3, 6, 995000, NULL, '1'),
(9, 3, 7, 996000, NULL, '1'),
(10, 4, 16, 998000, NULL, '1'),
(11, 4, 17, 986000, NULL, '1'),
(12, 4, 18, 988000, NULL, '1'),
(13, 5, 8, 998000, NULL, '1'),
(14, 5, 9, 996000, NULL, '1'),
(15, 5, 10, 989000, NULL, '1'),
(16, 6, 13, 998000, NULL, '1'),
(17, 6, 14, 983000, NULL, '1'),
(18, 6, 15, 987000, NULL, '1'),
(19, 7, 17, 991000, NULL, '1'),
(20, 8, 9, 989000, NULL, '1'),
(21, 9, 8, 98000, NULL, '1'),
(22, 10, 7, 198000, NULL, '1'),
(23, 11, 5, 98000, NULL, '1'),
(24, 33, 1, 500, NULL, '1'),
(25, 33, 2, 0, NULL, '1'),
(26, 33, 3, 0, NULL, '1'),
(27, 33, 4, 500, NULL, '1'),
(28, 33, 5, 0, NULL, '1'),
(29, 33, 6, 0, NULL, '1'),
(30, 33, 7, 0, NULL, '1'),
(31, 33, 8, 0, NULL, '1'),
(32, 33, 9, 0, NULL, '1'),
(33, 33, 10, 0, NULL, '1'),
(34, 33, 11, 0, NULL, '1'),
(35, 33, 12, 0, NULL, '1'),
(36, 33, 13, 0, NULL, '1'),
(37, 33, 14, 0, NULL, '1'),
(38, 33, 15, 0, NULL, '1'),
(39, 33, 16, 0, NULL, '1'),
(40, 33, 17, 0, NULL, '1'),
(41, 33, 18, 0, NULL, '1'),
(42, 34, 1, 500, NULL, '1'),
(43, 34, 2, 0, NULL, '1'),
(44, 34, 3, 0, NULL, '1'),
(45, 34, 4, 500, NULL, '1'),
(46, 35, 1, 300, NULL, '1'),
(47, 34, 5, 0, NULL, '1'),
(48, 34, 6, 0, NULL, '1'),
(49, 35, 2, 300, NULL, '1'),
(50, 34, 7, 0, NULL, '1'),
(51, 34, 8, 0, NULL, '1'),
(52, 35, 3, 400, NULL, '1'),
(53, 34, 9, 0, NULL, '1'),
(54, 35, 4, 0, NULL, '1'),
(55, 34, 10, 0, NULL, '1'),
(56, 35, 5, 0, NULL, '1'),
(57, 34, 11, 0, NULL, '1'),
(58, 35, 6, 0, NULL, '1'),
(59, 34, 12, 0, NULL, '1'),
(60, 35, 7, 0, NULL, '1'),
(61, 34, 13, 0, NULL, '1'),
(62, 35, 8, 0, NULL, '1'),
(63, 34, 14, 0, NULL, '1'),
(64, 35, 9, 0, NULL, '1'),
(65, 34, 15, 0, NULL, '1'),
(66, 35, 10, 0, NULL, '1'),
(67, 34, 16, 0, NULL, '1'),
(68, 35, 11, 0, NULL, '1'),
(69, 34, 17, 0, NULL, '1'),
(70, 35, 12, 0, NULL, '1'),
(71, 34, 18, 0, NULL, '1'),
(72, 35, 13, 0, NULL, '1'),
(73, 35, 14, 0, NULL, '1'),
(74, 35, 15, 0, NULL, '1'),
(75, 35, 16, 0, NULL, '1'),
(76, 35, 17, 0, NULL, '1'),
(77, 35, 18, 0, NULL, '1'),
(78, 36, 1, 300, NULL, '1'),
(79, 36, 2, 300, NULL, '1'),
(80, 36, 3, 400, NULL, '1'),
(81, 36, 4, 0, NULL, '1'),
(82, 36, 5, 0, NULL, '1'),
(83, 36, 6, 0, NULL, '1'),
(84, 36, 7, 0, NULL, '1'),
(85, 36, 8, 0, NULL, '1'),
(86, 36, 9, 0, NULL, '1'),
(87, 36, 10, 0, NULL, '1'),
(88, 36, 11, 0, NULL, '1'),
(89, 36, 12, 0, NULL, '1'),
(90, 36, 13, 0, NULL, '1'),
(91, 36, 14, 0, NULL, '1'),
(92, 36, 15, 0, NULL, '1'),
(93, 36, 16, 0, NULL, '1'),
(94, 36, 17, 0, NULL, '1'),
(95, 36, 18, 0, NULL, '1'),
(96, 37, 1, 0, NULL, '1'),
(97, 37, 2, 0, NULL, '1'),
(98, 37, 3, 0, NULL, '1'),
(99, 37, 4, 200, NULL, '1'),
(100, 37, 5, 0, NULL, '1'),
(101, 37, 6, 0, NULL, '1'),
(102, 37, 7, 0, NULL, '1'),
(103, 37, 8, 0, NULL, '1'),
(104, 37, 9, 0, NULL, '1'),
(105, 37, 10, 0, NULL, '1'),
(106, 37, 11, 150, NULL, '1'),
(107, 37, 12, 150, NULL, '1'),
(108, 37, 13, 0, NULL, '1'),
(109, 37, 14, 0, NULL, '1'),
(110, 37, 15, 0, NULL, '1'),
(111, 37, 16, 0, NULL, '1'),
(112, 37, 17, 0, NULL, '1'),
(113, 37, 18, 0, NULL, '1'),
(114, 38, 1, 0, NULL, '1'),
(115, 38, 2, 0, NULL, '1'),
(116, 38, 3, 0, NULL, '1'),
(117, 38, 4, 200, NULL, '1'),
(118, 38, 5, 0, NULL, '1'),
(119, 38, 6, 0, NULL, '1'),
(120, 38, 7, 0, NULL, '1'),
(121, 38, 8, 0, NULL, '1'),
(122, 38, 9, 0, NULL, '1'),
(123, 38, 10, 0, NULL, '1'),
(124, 38, 11, 150, NULL, '1'),
(125, 38, 12, 150, NULL, '1'),
(126, 38, 13, 0, NULL, '1'),
(127, 38, 14, 0, NULL, '1'),
(128, 38, 15, 0, NULL, '1'),
(129, 38, 16, 0, NULL, '1'),
(130, 38, 17, 0, NULL, '1'),
(131, 38, 18, 0, NULL, '1'),
(132, 39, 1, 0, NULL, '1'),
(133, 39, 2, 0, NULL, '1'),
(134, 39, 3, 0, NULL, '1'),
(135, 39, 4, 200, NULL, '1'),
(136, 39, 5, 0, NULL, '1'),
(137, 39, 6, 0, NULL, '1'),
(138, 39, 7, 0, NULL, '1'),
(139, 39, 8, 0, NULL, '1'),
(140, 39, 9, 0, NULL, '1'),
(141, 39, 10, 0, NULL, '1'),
(142, 39, 11, 150, NULL, '1'),
(143, 39, 12, 150, NULL, '1'),
(144, 39, 13, 0, NULL, '1'),
(145, 39, 14, 0, NULL, '1'),
(146, 39, 15, 0, NULL, '1'),
(147, 39, 16, 0, NULL, '1'),
(148, 39, 17, 0, NULL, '1'),
(149, 39, 18, 0, NULL, '1'),
(150, 40, 1, 0, NULL, '1'),
(151, 40, 2, 0, NULL, '1'),
(152, 40, 3, 0, NULL, '1'),
(153, 40, 4, 200, NULL, '1'),
(154, 40, 5, 0, NULL, '1'),
(155, 40, 6, 0, NULL, '1'),
(156, 40, 7, 0, NULL, '1'),
(157, 40, 8, 0, NULL, '1'),
(158, 40, 9, 0, NULL, '1'),
(159, 40, 10, 0, NULL, '1'),
(160, 40, 11, 150, NULL, '1'),
(161, 40, 12, 150, NULL, '1'),
(162, 40, 13, 0, NULL, '1'),
(163, 40, 14, 0, NULL, '1'),
(164, 40, 15, 0, NULL, '1'),
(165, 40, 16, 0, NULL, '1'),
(166, 40, 17, 0, NULL, '1'),
(167, 40, 18, 0, NULL, '1'),
(168, 41, 1, 150, NULL, '1'),
(169, 41, 2, 150, NULL, '1'),
(170, 41, 3, 200, NULL, '1'),
(171, 41, 4, 0, NULL, '1'),
(172, 41, 5, 0, NULL, '1'),
(173, 41, 6, 0, NULL, '1'),
(174, 41, 7, 0, NULL, '1'),
(175, 41, 8, 0, NULL, '1'),
(176, 41, 9, 0, NULL, '1'),
(177, 41, 10, 0, NULL, '1'),
(178, 41, 11, 0, NULL, '1'),
(179, 41, 12, 0, NULL, '1'),
(180, 41, 13, 0, NULL, '1'),
(181, 41, 14, 0, NULL, '1'),
(182, 41, 15, 0, NULL, '1'),
(183, 41, 16, 0, NULL, '1'),
(184, 41, 17, 0, NULL, '1'),
(185, 41, 18, 0, NULL, '1'),
(186, 42, 1, 0, NULL, '1'),
(187, 42, 2, 0, NULL, '1'),
(188, 42, 3, 0, NULL, '1'),
(189, 42, 4, 0, NULL, '1'),
(190, 42, 5, 75, NULL, '1'),
(191, 42, 6, 75, NULL, '1'),
(192, 42, 7, 100, NULL, '1'),
(193, 42, 8, 0, NULL, '1'),
(194, 42, 9, 0, NULL, '1'),
(195, 42, 10, 0, NULL, '1'),
(196, 42, 11, 0, NULL, '1'),
(197, 42, 12, 0, NULL, '1'),
(198, 42, 13, 0, NULL, '1'),
(199, 42, 14, 0, NULL, '1'),
(200, 42, 15, 0, NULL, '1'),
(201, 42, 16, 0, NULL, '1'),
(202, 42, 17, 0, NULL, '1'),
(203, 42, 18, 0, NULL, '1'),
(204, 43, 1, 0, NULL, '1'),
(205, 43, 2, 0, NULL, '1'),
(206, 43, 3, 0, NULL, '1'),
(207, 43, 4, 0, NULL, '1'),
(208, 43, 5, 0, NULL, '1'),
(209, 43, 6, 0, NULL, '1'),
(210, 43, 7, 0, NULL, '1'),
(211, 43, 8, 300, NULL, '1'),
(212, 43, 9, 300, NULL, '1'),
(213, 43, 10, 400, NULL, '1'),
(214, 43, 11, 0, NULL, '1'),
(215, 43, 12, 0, NULL, '1'),
(216, 43, 13, 0, NULL, '1'),
(217, 43, 14, 0, NULL, '1'),
(218, 43, 15, 0, NULL, '1'),
(219, 43, 16, 0, NULL, '1'),
(220, 43, 17, 0, NULL, '1'),
(221, 43, 18, 0, NULL, '1'),
(222, 44, 1, 0, NULL, '1'),
(223, 44, 2, 0, NULL, '1'),
(224, 44, 3, 0, NULL, '1'),
(225, 44, 4, 0, NULL, '1'),
(226, 44, 5, 0, NULL, '1'),
(227, 44, 6, 0, NULL, '1'),
(228, 44, 7, 0, NULL, '1'),
(229, 44, 8, 300, NULL, '1'),
(230, 44, 9, 300, NULL, '1'),
(231, 44, 10, 400, NULL, '1'),
(232, 44, 11, 0, NULL, '1'),
(233, 44, 12, 0, NULL, '1'),
(234, 44, 13, 0, NULL, '1'),
(235, 44, 14, 0, NULL, '1'),
(236, 44, 15, 0, NULL, '1'),
(237, 44, 16, 0, NULL, '1'),
(238, 44, 17, 0, NULL, '1'),
(239, 44, 18, 0, NULL, '1'),
(240, 45, 1, 0, NULL, '1'),
(241, 45, 2, 0, NULL, '1'),
(242, 45, 3, 0, NULL, '1'),
(243, 45, 4, 0, NULL, '1'),
(244, 45, 5, 75, NULL, '1'),
(245, 45, 6, 75, NULL, '1'),
(246, 45, 7, 100, NULL, '1'),
(247, 45, 8, 0, NULL, '1'),
(248, 45, 9, 0, NULL, '1'),
(249, 45, 10, 0, NULL, '1'),
(250, 45, 11, 0, NULL, '1'),
(251, 45, 12, 0, NULL, '1'),
(252, 45, 13, 0, NULL, '1'),
(253, 45, 14, 0, NULL, '1'),
(254, 45, 15, 0, NULL, '1'),
(255, 45, 16, 0, NULL, '1'),
(256, 45, 17, 0, NULL, '1'),
(257, 45, 18, 0, NULL, '1'),
(258, 51, 1, 75, NULL, '1'),
(259, 51, 2, 75, NULL, '1'),
(260, 51, 3, 100, NULL, '1'),
(261, 51, 4, 0, NULL, '1'),
(262, 51, 5, 0, NULL, '1'),
(263, 51, 6, 0, NULL, '1'),
(264, 51, 7, 0, NULL, '1'),
(265, 51, 8, 0, NULL, '1'),
(266, 51, 9, 0, NULL, '1'),
(267, 51, 10, 0, NULL, '1'),
(268, 51, 11, 0, NULL, '1'),
(269, 51, 12, 0, NULL, '1'),
(270, 51, 13, 0, NULL, '1'),
(271, 51, 14, 0, NULL, '1'),
(272, 51, 15, 0, NULL, '1'),
(273, 51, 16, 0, NULL, '1'),
(274, 51, 17, 0, NULL, '1'),
(275, 51, 18, 0, NULL, '1'),
(276, 38, 1, 75, NULL, '1'),
(277, 38, 2, 75, NULL, '1'),
(278, 38, 3, 100, NULL, '1'),
(279, 38, 4, 0, NULL, '1'),
(280, 38, 5, 0, NULL, '1'),
(281, 38, 6, 0, NULL, '1'),
(282, 38, 7, 0, NULL, '1'),
(283, 38, 8, 0, NULL, '1'),
(284, 38, 9, 0, NULL, '1'),
(285, 38, 10, 0, NULL, '1'),
(286, 38, 11, 0, NULL, '1'),
(287, 38, 12, 0, NULL, '1'),
(288, 38, 13, 0, NULL, '1'),
(289, 38, 14, 0, NULL, '1'),
(290, 38, 15, 0, NULL, '1'),
(291, 38, 16, 0, NULL, '1'),
(292, 38, 17, 0, NULL, '1'),
(293, 38, 18, 0, NULL, '1'),
(294, 39, 1, 375, NULL, '1'),
(295, 39, 2, 375, NULL, '1'),
(296, 39, 3, 500, NULL, '1'),
(297, 39, 4, 0, NULL, '1'),
(298, 39, 5, 0, NULL, '1'),
(299, 39, 6, 0, NULL, '1'),
(300, 39, 7, 0, NULL, '1'),
(301, 39, 8, 0, NULL, '1'),
(302, 39, 9, 0, NULL, '1'),
(303, 39, 10, 0, NULL, '1'),
(304, 39, 11, 0, NULL, '1'),
(305, 39, 12, 0, NULL, '1'),
(306, 39, 13, 0, NULL, '1'),
(307, 39, 14, 0, NULL, '1'),
(308, 39, 15, 0, NULL, '1'),
(309, 39, 16, 0, NULL, '1'),
(310, 39, 17, 0, NULL, '1'),
(311, 39, 18, 0, NULL, '1'),
(312, 40, 1, 375, NULL, '1'),
(313, 40, 2, 375, NULL, '1'),
(314, 40, 3, 500, NULL, '1'),
(315, 40, 4, 0, NULL, '1'),
(316, 40, 5, 0, NULL, '1'),
(317, 40, 6, 0, NULL, '1'),
(318, 40, 7, 0, NULL, '1'),
(319, 40, 8, 0, NULL, '1'),
(320, 40, 9, 0, NULL, '1'),
(321, 40, 10, 0, NULL, '1'),
(322, 40, 11, 0, NULL, '1'),
(323, 40, 12, 0, NULL, '1'),
(324, 40, 13, 0, NULL, '1'),
(325, 40, 14, 0, NULL, '1'),
(326, 40, 15, 0, NULL, '1'),
(327, 40, 16, 0, NULL, '1'),
(328, 40, 17, 0, NULL, '1'),
(329, 40, 18, 0, NULL, '1'),
(330, 41, 1, 375, NULL, '1'),
(331, 41, 2, 375, NULL, '1'),
(332, 41, 3, 500, NULL, '1'),
(333, 41, 4, 0, NULL, '1'),
(334, 41, 5, 0, NULL, '1'),
(335, 41, 6, 0, NULL, '1'),
(336, 41, 7, 0, NULL, '1'),
(337, 41, 8, 0, NULL, '1'),
(338, 41, 9, 0, NULL, '1'),
(339, 41, 10, 0, NULL, '1'),
(340, 41, 11, 0, NULL, '1'),
(341, 41, 12, 0, NULL, '1'),
(342, 41, 13, 0, NULL, '1'),
(343, 41, 14, 0, NULL, '1'),
(344, 41, 15, 0, NULL, '1'),
(345, 41, 16, 0, NULL, '1'),
(346, 41, 17, 0, NULL, '1'),
(347, 41, 18, 0, NULL, '1'),
(348, 42, 1, 375, NULL, '1'),
(349, 42, 2, 375, NULL, '1'),
(350, 42, 3, 500, NULL, '1'),
(351, 42, 4, 0, NULL, '1'),
(352, 42, 5, 0, NULL, '1'),
(353, 42, 6, 0, NULL, '1'),
(354, 42, 7, 0, NULL, '1'),
(355, 42, 8, 0, NULL, '1'),
(356, 42, 9, 0, NULL, '1'),
(357, 42, 10, 0, NULL, '1'),
(358, 42, 11, 0, NULL, '1'),
(359, 42, 12, 0, NULL, '1'),
(360, 42, 13, 0, NULL, '1'),
(361, 42, 14, 0, NULL, '1'),
(362, 42, 15, 0, NULL, '1'),
(363, 42, 16, 0, NULL, '1'),
(364, 42, 17, 0, NULL, '1'),
(365, 42, 18, 0, NULL, '1'),
(366, 43, 1, 750, NULL, '1'),
(367, 43, 2, 750, NULL, '1'),
(368, 43, 3, 1000, NULL, '1'),
(369, 43, 4, 0, NULL, '1'),
(370, 43, 5, 0, NULL, '1'),
(371, 43, 6, 0, NULL, '1'),
(372, 43, 7, 0, NULL, '1'),
(373, 43, 8, 0, NULL, '1'),
(374, 43, 9, 0, NULL, '1'),
(375, 43, 10, 0, NULL, '1'),
(376, 43, 11, 0, NULL, '1'),
(377, 43, 12, 0, NULL, '1'),
(378, 43, 13, 0, NULL, '1'),
(379, 43, 14, 0, NULL, '1'),
(380, 43, 15, 0, NULL, '1'),
(381, 43, 16, 0, NULL, '1'),
(382, 43, 17, 0, NULL, '1'),
(383, 43, 18, 0, NULL, '1'),
(384, 46, 1, 75, NULL, '1'),
(385, 46, 2, 75, NULL, '0'),
(386, 46, 3, 100, NULL, '0'),
(387, 46, 4, 0, NULL, '0'),
(388, 46, 5, 0, NULL, '1'),
(389, 46, 6, 0, NULL, '0'),
(390, 46, 7, 0, NULL, '0'),
(391, 46, 8, 0, NULL, '0'),
(392, 46, 9, 0, NULL, '0'),
(393, 46, 10, 0, NULL, '0'),
(394, 46, 11, 0, NULL, '0'),
(395, 46, 12, 0, NULL, '0'),
(396, 46, 13, 0, NULL, '0'),
(397, 46, 14, 0, NULL, '0'),
(398, 46, 15, 0, NULL, '0'),
(399, 46, 16, 0, NULL, '0'),
(400, 46, 17, 0, NULL, '0'),
(401, 46, 18, 0, NULL, '0'),
(402, 47, 1, 625, NULL, '1'),
(403, 47, 2, 0, NULL, '0'),
(404, 47, 3, 625, NULL, '0'),
(405, 47, 4, 0, NULL, '0'),
(406, 47, 5, 0, NULL, '1'),
(407, 47, 6, 0, NULL, '0'),
(408, 47, 7, 0, NULL, '0'),
(409, 47, 8, 0, NULL, '0'),
(410, 47, 9, 1250, NULL, '0'),
(411, 47, 10, 0, NULL, '0'),
(412, 47, 11, 0, NULL, '0'),
(413, 47, 12, 0, NULL, '0'),
(414, 47, 13, 0, NULL, '0'),
(415, 47, 14, 0, NULL, '0'),
(416, 47, 15, 0, NULL, '0'),
(417, 47, 16, 0, NULL, '0'),
(418, 47, 17, 0, NULL, '0'),
(419, 47, 18, 0, NULL, '0'),
(420, 50, 1, 0, NULL, '1'),
(421, 50, 2, 0, NULL, '0'),
(422, 50, 3, 0, NULL, '0'),
(423, 50, 4, 500, NULL, '0'),
(424, 50, 5, 0, NULL, '1'),
(425, 50, 6, 0, NULL, '0'),
(426, 50, 7, 0, NULL, '0'),
(427, 50, 8, 0, NULL, '0'),
(428, 50, 9, 0, NULL, '0'),
(429, 50, 10, 0, NULL, '0'),
(430, 50, 11, 375, NULL, '0'),
(431, 50, 12, 375, NULL, '0'),
(432, 50, 13, 0, NULL, '0'),
(433, 50, 14, 0, NULL, '0'),
(434, 50, 15, 0, NULL, '0'),
(435, 50, 16, 0, NULL, '0'),
(436, 50, 17, 0, NULL, '0'),
(437, 50, 18, 0, NULL, '0'),
(438, 52, 11, 49000, NULL, '0'),
(439, 56, 1, 0, NULL, '1'),
(440, 56, 2, 0, NULL, '0'),
(441, 56, 3, 0, NULL, '0'),
(442, 56, 4, 300, NULL, '0'),
(443, 56, 5, 0, NULL, '1'),
(444, 56, 6, 0, NULL, '0'),
(445, 56, 7, 0, NULL, '0'),
(446, 56, 8, 0, NULL, '0'),
(447, 56, 9, 0, NULL, '0'),
(448, 56, 10, 0, NULL, '0'),
(449, 56, 11, 225, NULL, '0'),
(450, 56, 12, 225, NULL, '0'),
(451, 56, 13, 0, NULL, '0'),
(452, 56, 14, 0, NULL, '0'),
(453, 56, 15, 0, NULL, '0'),
(454, 56, 16, 0, NULL, '0'),
(455, 56, 17, 0, NULL, '0'),
(456, 56, 18, 0, NULL, '0'),
(457, 57, 16, 150000, NULL, '0'),
(458, 60, 1, 0, NULL, '1'),
(459, 60, 2, 0, NULL, '0'),
(460, 60, 3, 0, NULL, '0'),
(461, 60, 4, 0, NULL, '0'),
(462, 60, 5, 0, NULL, '1'),
(463, 60, 6, 0, NULL, '0'),
(464, 60, 7, 0, NULL, '0'),
(465, 60, 8, 0, NULL, '0'),
(466, 60, 9, 0, NULL, '0'),
(467, 60, 10, 0, NULL, '0'),
(468, 60, 11, 0, NULL, '0'),
(469, 60, 12, 0, NULL, '0'),
(470, 60, 13, 300, NULL, '0'),
(471, 60, 14, 300, NULL, '0'),
(472, 60, 15, 400, NULL, '0'),
(473, 60, 16, 0, NULL, '0'),
(474, 60, 17, 0, NULL, '0'),
(475, 60, 18, 0, NULL, '0'),
(476, 61, 1, 125, NULL, '1'),
(477, 61, 2, 0, NULL, '0'),
(478, 61, 3, 0, NULL, '0'),
(479, 61, 4, 125, NULL, '0'),
(480, 61, 5, 0, NULL, '1'),
(481, 61, 6, 0, NULL, '0'),
(482, 61, 7, 0, NULL, '0'),
(483, 61, 8, 0, NULL, '0'),
(484, 61, 9, 0, NULL, '0'),
(485, 61, 10, 0, NULL, '0'),
(486, 61, 11, 0, NULL, '0'),
(487, 61, 12, 0, NULL, '0'),
(488, 61, 13, 0, NULL, '0'),
(489, 61, 14, 0, NULL, '0'),
(490, 61, 15, 0, NULL, '0'),
(491, 61, 16, 0, NULL, '0'),
(492, 61, 17, 0, NULL, '0'),
(493, 61, 18, 0, NULL, '0'),
(494, 62, 1, 125, NULL, '1'),
(495, 62, 2, 0, NULL, '0'),
(496, 62, 3, 0, NULL, '0'),
(497, 62, 4, 125, NULL, '0'),
(498, 62, 5, 0, NULL, '1'),
(499, 62, 6, 0, NULL, '0'),
(500, 62, 7, 0, NULL, '0'),
(501, 62, 8, 0, NULL, '0'),
(502, 62, 9, 0, NULL, '0'),
(503, 62, 10, 0, NULL, '0'),
(504, 62, 11, 0, NULL, '0'),
(505, 62, 12, 0, NULL, '0'),
(506, 62, 13, 0, NULL, '0'),
(507, 62, 14, 0, NULL, '0'),
(508, 62, 15, 0, NULL, '0'),
(509, 62, 16, 0, NULL, '0'),
(510, 62, 17, 0, NULL, '0'),
(511, 62, 18, 0, NULL, '0'),
(512, 63, 1, 0, NULL, '0'),
(513, 63, 2, 0, NULL, '0'),
(514, 63, 3, 0, NULL, '0'),
(515, 63, 4, 0, NULL, '0'),
(516, 63, 5, 0, NULL, '1'),
(517, 63, 6, 0, NULL, '0'),
(518, 63, 7, 0, NULL, '0'),
(519, 63, 8, 0, NULL, '0'),
(520, 63, 9, 0, NULL, '0'),
(521, 63, 10, 300, NULL, '0'),
(522, 63, 11, 0, NULL, '0'),
(523, 63, 12, 0, NULL, '0'),
(524, 63, 13, 200, NULL, '0'),
(525, 63, 14, 0, NULL, '0'),
(526, 63, 15, 0, NULL, '0'),
(527, 63, 16, 0, NULL, '0'),
(528, 63, 17, 0, NULL, '0'),
(529, 63, 18, 0, NULL, '0'),
(530, 64, 1, 0, NULL, '0'),
(531, 64, 2, 0, NULL, '0'),
(532, 64, 3, 0, NULL, '0'),
(533, 64, 4, 0, NULL, '0'),
(534, 64, 5, 0, NULL, '1'),
(535, 64, 6, 0, NULL, '0'),
(536, 64, 7, 0, NULL, '0'),
(537, 64, 8, 0, NULL, '0'),
(538, 64, 9, 200, NULL, '0'),
(539, 64, 10, 0, NULL, '0'),
(540, 64, 11, 200, NULL, '0'),
(541, 64, 12, 0, NULL, '0'),
(542, 64, 13, 200, NULL, '0'),
(543, 64, 14, 0, NULL, '0'),
(544, 64, 15, 200, NULL, '0'),
(545, 64, 16, 0, NULL, '0'),
(546, 64, 17, 200, NULL, '0'),
(547, 64, 18, 0, NULL, '0'),
(548, 65, 1, 150, NULL, '0'),
(549, 65, 2, 150, NULL, '0'),
(550, 65, 3, 200, NULL, '0'),
(551, 65, 4, 0, NULL, '0'),
(552, 65, 5, 0, NULL, '0'),
(553, 65, 6, 0, NULL, '0'),
(554, 65, 7, 0, NULL, '0'),
(555, 65, 8, 0, NULL, '0'),
(556, 65, 9, 0, NULL, '0'),
(557, 65, 10, 0, NULL, '0'),
(558, 65, 11, 0, NULL, '0'),
(559, 65, 12, 0, NULL, '0'),
(560, 65, 13, 0, NULL, '0'),
(561, 65, 14, 0, NULL, '0'),
(562, 65, 15, 0, NULL, '0'),
(563, 65, 16, 0, NULL, '0'),
(564, 65, 17, 0, NULL, '0'),
(565, 65, 18, 0, NULL, '0'),
(566, 66, 10, 990000, NULL, '0'),
(567, 76, 1, 15625, NULL, '0'),
(568, 76, 2, 0, NULL, '0'),
(569, 76, 3, 15625, NULL, '0'),
(570, 76, 4, 0, NULL, '0'),
(571, 76, 5, 15625, NULL, '0'),
(572, 76, 6, 0, NULL, '0'),
(573, 76, 7, 15625, NULL, '0'),
(574, 76, 8, 0, NULL, '0'),
(575, 76, 9, 0, NULL, '0'),
(576, 76, 10, 0, NULL, '0'),
(577, 76, 11, 0, NULL, '0'),
(578, 76, 12, 0, NULL, '0'),
(579, 76, 13, 0, NULL, '0'),
(580, 76, 14, 0, NULL, '0'),
(581, 76, 15, 0, NULL, '0'),
(582, 76, 16, 0, NULL, '0'),
(583, 76, 17, 0, NULL, '0'),
(584, 76, 18, 0, NULL, '0'),
(585, 77, 1, 0, NULL, '0'),
(586, 77, 2, 0, NULL, '0'),
(587, 77, 3, 0, NULL, '0'),
(588, 77, 4, 0, NULL, '0'),
(589, 77, 5, 0, NULL, '0'),
(590, 77, 6, 0, NULL, '0'),
(591, 77, 7, 0, NULL, '0'),
(592, 77, 8, 0, NULL, '0'),
(593, 77, 9, 18750, NULL, '0'),
(594, 77, 10, 0, NULL, '0'),
(595, 77, 11, 0, NULL, '0'),
(596, 77, 12, 0, NULL, '0'),
(597, 77, 13, 0, NULL, '0'),
(598, 77, 14, 0, NULL, '0'),
(599, 77, 15, 0, NULL, '0'),
(600, 77, 16, 6250, NULL, '0'),
(601, 77, 17, 18750, NULL, '0'),
(602, 77, 18, 18750, NULL, '0'),
(603, 78, 1, 0, NULL, '0'),
(604, 78, 2, 0, NULL, '0'),
(605, 78, 3, 0, NULL, '0'),
(606, 78, 4, 0, NULL, '0'),
(607, 78, 5, 0, NULL, '0'),
(608, 78, 6, 37500, NULL, '0'),
(609, 78, 7, 0, NULL, '0'),
(610, 78, 8, 0, NULL, '0'),
(611, 78, 9, 0, NULL, '0'),
(612, 78, 10, 0, NULL, '0'),
(613, 78, 11, 22500, NULL, '0'),
(614, 78, 12, 0, NULL, '0'),
(615, 78, 13, 0, NULL, '0'),
(616, 78, 14, 45000, NULL, '0'),
(617, 78, 15, 0, NULL, '0'),
(618, 78, 16, 0, NULL, '0'),
(619, 78, 17, 0, NULL, '0'),
(620, 78, 18, 45000, NULL, '0'),
(621, 79, 1, 0, NULL, '0'),
(622, 79, 2, 0, NULL, '0'),
(623, 79, 3, 0, NULL, '0'),
(624, 79, 4, 0, NULL, '0'),
(625, 79, 5, 0, NULL, '0'),
(626, 79, 6, 0, NULL, '0'),
(627, 79, 7, 0, NULL, '0'),
(628, 79, 8, 0, NULL, '0'),
(629, 79, 9, 18750, NULL, '0'),
(630, 79, 10, 0, NULL, '0'),
(631, 79, 11, 0, NULL, '0'),
(632, 79, 12, 0, NULL, '0'),
(633, 79, 13, 0, NULL, '0'),
(634, 79, 14, 0, NULL, '0'),
(635, 79, 15, 0, NULL, '0'),
(636, 79, 16, 6250, NULL, '0'),
(637, 79, 17, 18750, NULL, '0'),
(638, 79, 18, 18750, NULL, '0'),
(639, 80, 1, 0, NULL, '0'),
(640, 80, 2, 0, NULL, '0'),
(641, 80, 3, 0, NULL, '0'),
(642, 80, 4, 0, NULL, '0'),
(643, 80, 5, 0, NULL, '0'),
(644, 80, 6, 37500, NULL, '0'),
(645, 80, 7, 0, NULL, '0'),
(646, 80, 8, 0, NULL, '0'),
(647, 80, 9, 0, NULL, '0'),
(648, 80, 10, 0, NULL, '0'),
(649, 80, 11, 22500, NULL, '0'),
(650, 80, 12, 0, NULL, '0'),
(651, 80, 13, 0, NULL, '0'),
(652, 80, 14, 45000, NULL, '0'),
(653, 80, 15, 0, NULL, '0'),
(654, 80, 16, 0, NULL, '0'),
(655, 80, 17, 0, NULL, '0'),
(656, 80, 18, 45000, NULL, '0'),
(657, 81, 1, 15625, NULL, '0'),
(658, 81, 2, 0, NULL, '0'),
(659, 81, 3, 15625, NULL, '0'),
(660, 81, 4, 0, NULL, '0'),
(661, 81, 5, 15625, NULL, '0'),
(662, 81, 6, 0, NULL, '0'),
(663, 81, 7, 15625, NULL, '0'),
(664, 81, 8, 0, NULL, '0'),
(665, 81, 9, 0, NULL, '0'),
(666, 81, 10, 0, NULL, '0'),
(667, 81, 11, 0, NULL, '0'),
(668, 81, 12, 0, NULL, '0'),
(669, 81, 13, 0, NULL, '0'),
(670, 81, 14, 0, NULL, '0'),
(671, 81, 15, 0, NULL, '0'),
(672, 81, 16, 0, NULL, '0'),
(673, 81, 17, 0, NULL, '0'),
(674, 81, 18, 0, NULL, '0'),
(675, 82, 1, 0, NULL, '0'),
(676, 82, 2, 0, NULL, '0'),
(677, 82, 3, 0, NULL, '0'),
(678, 82, 4, 0, NULL, '0'),
(679, 82, 5, 0, NULL, '0'),
(680, 82, 6, 0, NULL, '0'),
(681, 82, 7, 0, NULL, '0'),
(682, 82, 8, 15625, NULL, '0'),
(683, 82, 9, 0, NULL, '0'),
(684, 82, 10, 0, NULL, '0'),
(685, 82, 11, 15625, NULL, '0'),
(686, 82, 12, 0, NULL, '0'),
(687, 82, 13, 0, NULL, '0'),
(688, 82, 14, 15625, NULL, '0'),
(689, 82, 15, 0, NULL, '0'),
(690, 82, 16, 0, NULL, '0'),
(691, 82, 17, 15625, NULL, '0'),
(692, 82, 18, 0, NULL, '0'),
(693, 83, 1, 0, NULL, '0'),
(694, 83, 2, 0, NULL, '0'),
(695, 83, 3, 31250, NULL, '0'),
(696, 83, 4, 0, NULL, '0'),
(697, 83, 5, 62500, NULL, '0'),
(698, 83, 6, 0, NULL, '0'),
(699, 83, 7, 0, NULL, '0'),
(700, 83, 8, 0, NULL, '0'),
(701, 83, 9, 31250, NULL, '0'),
(702, 83, 10, 0, NULL, '0'),
(703, 83, 11, 0, NULL, '0'),
(704, 83, 12, 0, NULL, '0'),
(705, 83, 13, 0, NULL, '0'),
(706, 83, 14, 0, NULL, '0'),
(707, 83, 15, 0, NULL, '0'),
(708, 83, 16, 0, NULL, '0'),
(709, 83, 17, 0, NULL, '0'),
(710, 83, 18, 0, NULL, '0'),
(711, 84, 1, 0, NULL, '0'),
(712, 84, 2, 60000, NULL, '0'),
(713, 84, 3, 0, NULL, '0'),
(714, 84, 4, 0, NULL, '0'),
(715, 84, 5, 0, NULL, '0'),
(716, 84, 6, 0, NULL, '0'),
(717, 84, 7, 0, NULL, '0'),
(718, 84, 8, 0, NULL, '0'),
(719, 84, 9, 60000, NULL, '0'),
(720, 84, 10, 0, NULL, '0'),
(721, 84, 11, 0, NULL, '0'),
(722, 84, 12, 0, NULL, '0'),
(723, 84, 13, 0, NULL, '0'),
(724, 84, 14, 0, NULL, '0'),
(725, 84, 15, 0, NULL, '0'),
(726, 84, 16, 0, NULL, '0'),
(727, 84, 17, 30000, NULL, '0'),
(728, 84, 18, 0, NULL, '0'),
(729, 85, 1, 0, NULL, '0'),
(730, 85, 2, 0, NULL, '0'),
(731, 85, 3, 15000, NULL, '0'),
(732, 85, 4, 0, NULL, '0'),
(733, 85, 5, 0, NULL, '0'),
(734, 85, 6, 15000, NULL, '0'),
(735, 85, 7, 0, NULL, '0'),
(736, 85, 8, 45000, NULL, '0'),
(737, 85, 9, 0, NULL, '0'),
(738, 85, 10, 0, NULL, '0'),
(739, 85, 11, 0, NULL, '0'),
(740, 85, 12, 0, NULL, '0'),
(741, 85, 13, 0, NULL, '0'),
(742, 85, 14, 0, NULL, '0'),
(743, 85, 15, 0, NULL, '0'),
(744, 85, 16, 0, NULL, '0'),
(745, 85, 17, 0, NULL, '0'),
(746, 85, 18, 0, NULL, '0'),
(747, 86, 1, 0, NULL, '0'),
(748, 86, 2, 0, NULL, '0'),
(749, 86, 3, 0, NULL, '0'),
(750, 86, 4, 0, NULL, '0'),
(751, 86, 5, 0, NULL, '0'),
(752, 86, 6, 37500, NULL, '0'),
(753, 86, 7, 0, NULL, '0'),
(754, 86, 8, 0, NULL, '0'),
(755, 86, 9, 0, NULL, '0'),
(756, 86, 10, 0, NULL, '0'),
(757, 86, 11, 22500, NULL, '0'),
(758, 86, 12, 0, NULL, '0'),
(759, 86, 13, 0, NULL, '0'),
(760, 86, 14, 45000, NULL, '0'),
(761, 86, 15, 0, NULL, '0'),
(762, 86, 16, 0, NULL, '0'),
(763, 86, 17, 0, NULL, '0'),
(764, 86, 18, 45000, NULL, '0'),
(765, 87, 1, 0, NULL, '0'),
(766, 87, 2, 0, NULL, '0'),
(767, 87, 3, 0, NULL, '0'),
(768, 87, 4, 0, NULL, '0'),
(769, 87, 5, 0, NULL, '0'),
(770, 87, 6, 37500, NULL, '0'),
(771, 87, 7, 0, NULL, '0'),
(772, 87, 8, 0, NULL, '0'),
(773, 87, 9, 0, NULL, '0'),
(774, 87, 10, 0, NULL, '0'),
(775, 87, 11, 22500, NULL, '0'),
(776, 87, 12, 0, NULL, '0'),
(777, 87, 13, 0, NULL, '0'),
(778, 87, 14, 45000, NULL, '0'),
(779, 87, 15, 0, NULL, '0'),
(780, 87, 16, 0, NULL, '0'),
(781, 87, 17, 0, NULL, '0'),
(782, 87, 18, 45000, NULL, '0'),
(783, 88, 1, 15625, NULL, '0'),
(784, 88, 2, 0, NULL, '0'),
(785, 88, 3, 15625, NULL, '0'),
(786, 88, 4, 0, NULL, '0'),
(787, 88, 5, 15625, NULL, '0'),
(788, 88, 6, 0, NULL, '0'),
(789, 88, 7, 15625, NULL, '0'),
(790, 88, 8, 0, NULL, '0'),
(791, 88, 9, 0, NULL, '0'),
(792, 88, 10, 0, NULL, '0'),
(793, 88, 11, 0, NULL, '0'),
(794, 88, 12, 0, NULL, '0'),
(795, 88, 13, 0, NULL, '0'),
(796, 88, 14, 0, NULL, '0'),
(797, 88, 15, 0, NULL, '0'),
(798, 88, 16, 0, NULL, '0'),
(799, 88, 17, 0, NULL, '0'),
(800, 88, 18, 0, NULL, '0'),
(801, 89, 1, 0, NULL, '0'),
(802, 89, 2, 0, NULL, '0'),
(803, 89, 3, 0, NULL, '0'),
(804, 89, 4, 31250, NULL, '0'),
(805, 89, 5, 0, NULL, '0'),
(806, 89, 6, 62500, NULL, '0'),
(807, 89, 7, 0, NULL, '0'),
(808, 89, 8, 31250, NULL, '0'),
(809, 89, 9, 0, NULL, '0'),
(810, 89, 10, 0, NULL, '0'),
(811, 89, 11, 0, NULL, '0'),
(812, 89, 12, 0, NULL, '0'),
(813, 89, 13, 0, NULL, '0'),
(814, 89, 14, 0, NULL, '0'),
(815, 89, 15, 0, NULL, '0'),
(816, 89, 16, 0, NULL, '0'),
(817, 89, 17, 0, NULL, '0'),
(818, 89, 18, 0, NULL, '0'),
(819, 90, 1, 0, NULL, '0'),
(820, 90, 2, 75000, NULL, '0'),
(821, 90, 3, 0, NULL, '0'),
(822, 90, 4, 0, NULL, '0'),
(823, 90, 5, 0, NULL, '0'),
(824, 90, 6, 75000, NULL, '0'),
(825, 90, 7, 0, NULL, '0'),
(826, 90, 8, 0, NULL, '0'),
(827, 90, 9, 0, NULL, '0'),
(828, 90, 10, 0, NULL, '0'),
(829, 90, 11, 0, NULL, '0'),
(830, 90, 12, 0, NULL, '0'),
(831, 90, 13, 150000, NULL, '0'),
(832, 90, 14, 0, NULL, '0'),
(833, 90, 15, 0, NULL, '0'),
(834, 90, 16, 0, NULL, '0'),
(835, 90, 17, 0, NULL, '0'),
(836, 90, 18, 0, NULL, '0'),
(837, 91, 1, 0, NULL, '0'),
(838, 91, 2, 0, NULL, '0'),
(839, 91, 3, 0, NULL, '0'),
(840, 91, 4, 0, NULL, '0'),
(841, 91, 5, 0, NULL, '0'),
(842, 91, 6, 0, NULL, '0'),
(843, 91, 7, 0, NULL, '0'),
(844, 91, 8, 15625, NULL, '0'),
(845, 91, 9, 0, NULL, '0'),
(846, 91, 10, 0, NULL, '0'),
(847, 91, 11, 15625, NULL, '0'),
(848, 91, 12, 0, NULL, '0'),
(849, 91, 13, 0, NULL, '0'),
(850, 91, 14, 15625, NULL, '0'),
(851, 91, 15, 0, NULL, '0'),
(852, 91, 16, 0, NULL, '0'),
(853, 91, 17, 15625, NULL, '0'),
(854, 91, 18, 0, NULL, '0'),
(855, 92, 1, 0, NULL, '0'),
(856, 92, 2, 0, NULL, '0'),
(857, 92, 3, 31250, NULL, '0'),
(858, 92, 4, 0, NULL, '0'),
(859, 92, 5, 62500, NULL, '0'),
(860, 92, 6, 0, NULL, '0'),
(861, 92, 7, 0, NULL, '0'),
(862, 92, 8, 0, NULL, '0'),
(863, 92, 9, 31250, NULL, '0'),
(864, 92, 10, 0, NULL, '0'),
(865, 92, 11, 0, NULL, '0'),
(866, 92, 12, 0, NULL, '0'),
(867, 92, 13, 0, NULL, '0'),
(868, 92, 14, 0, NULL, '0'),
(869, 92, 15, 0, NULL, '0'),
(870, 92, 16, 0, NULL, '0'),
(871, 92, 17, 0, NULL, '0'),
(872, 92, 18, 0, NULL, '0'),
(873, 93, 1, 0, NULL, '0'),
(874, 93, 2, 0, NULL, '0'),
(875, 93, 3, 0, NULL, '0'),
(876, 93, 4, 0, NULL, '0'),
(877, 93, 5, 0, NULL, '0'),
(878, 93, 6, 0, NULL, '0'),
(879, 93, 7, 0, NULL, '0'),
(880, 93, 8, 0, NULL, '0'),
(881, 93, 9, 18750, NULL, '0'),
(882, 93, 10, 0, NULL, '0'),
(883, 93, 11, 0, NULL, '0'),
(884, 93, 12, 0, NULL, '0'),
(885, 93, 13, 0, NULL, '0'),
(886, 93, 14, 0, NULL, '0'),
(887, 93, 15, 0, NULL, '0'),
(888, 93, 16, 6250, NULL, '0'),
(889, 93, 17, 18750, NULL, '0'),
(890, 93, 18, 18750, NULL, '0'),
(891, 94, 1, 45000, NULL, '0'),
(892, 94, 2, 15000, NULL, '0'),
(893, 94, 3, 15000, NULL, '0'),
(894, 94, 4, 0, NULL, '0'),
(895, 94, 5, 0, NULL, '0'),
(896, 94, 6, 0, NULL, '0'),
(897, 94, 7, 0, NULL, '0'),
(898, 94, 8, 0, NULL, '0'),
(899, 94, 9, 0, NULL, '0'),
(900, 94, 10, 0, NULL, '0'),
(901, 94, 11, 0, NULL, '0'),
(902, 94, 12, 0, NULL, '0'),
(903, 94, 13, 0, NULL, '0'),
(904, 94, 14, 0, NULL, '0'),
(905, 94, 15, 0, NULL, '0'),
(906, 94, 16, 0, NULL, '0'),
(907, 94, 17, 0, NULL, '0'),
(908, 94, 18, 0, NULL, '0'),
(909, 95, 1, 0, NULL, '0'),
(910, 95, 2, 45000, NULL, '0'),
(911, 95, 3, 0, NULL, '0'),
(912, 95, 4, 0, NULL, '0'),
(913, 95, 5, 45000, NULL, '0'),
(914, 95, 6, 0, NULL, '0'),
(915, 95, 7, 0, NULL, '0'),
(916, 95, 8, 0, NULL, '0'),
(917, 95, 9, 0, NULL, '0'),
(918, 95, 10, 0, NULL, '0'),
(919, 95, 11, 45000, NULL, '0'),
(920, 95, 12, 0, NULL, '0'),
(921, 95, 13, 0, NULL, '0'),
(922, 95, 14, 0, NULL, '0'),
(923, 95, 15, 0, NULL, '0'),
(924, 95, 16, 0, NULL, '0'),
(925, 95, 17, 0, NULL, '0'),
(926, 95, 18, 15000, NULL, '0'),
(927, 96, 1, 0, NULL, '0'),
(928, 96, 2, 0, NULL, '0'),
(929, 96, 3, 0, NULL, '0'),
(930, 96, 4, 31250, NULL, '0'),
(931, 96, 5, 0, NULL, '0'),
(932, 96, 6, 62500, NULL, '0'),
(933, 96, 7, 0, NULL, '0'),
(934, 96, 8, 31250, NULL, '0'),
(935, 96, 9, 0, NULL, '0'),
(936, 96, 10, 0, NULL, '0'),
(937, 96, 11, 0, NULL, '0'),
(938, 96, 12, 0, NULL, '0'),
(939, 96, 13, 0, NULL, '0'),
(940, 96, 14, 0, NULL, '0'),
(941, 96, 15, 0, NULL, '0'),
(942, 96, 16, 0, NULL, '0'),
(943, 96, 17, 0, NULL, '0'),
(944, 96, 18, 0, NULL, '0'),
(945, 97, 1, 0, NULL, '0'),
(946, 97, 2, 60000, NULL, '0'),
(947, 97, 3, 0, NULL, '0'),
(948, 97, 4, 0, NULL, '0'),
(949, 97, 5, 0, NULL, '0'),
(950, 97, 6, 0, NULL, '0'),
(951, 97, 7, 0, NULL, '0'),
(952, 97, 8, 0, NULL, '0'),
(953, 97, 9, 60000, NULL, '0'),
(954, 97, 10, 0, NULL, '0'),
(955, 97, 11, 0, NULL, '0'),
(956, 97, 12, 0, NULL, '0'),
(957, 97, 13, 0, NULL, '0'),
(958, 97, 14, 0, NULL, '0'),
(959, 97, 15, 0, NULL, '0'),
(960, 97, 16, 0, NULL, '0'),
(961, 97, 17, 30000, NULL, '0'),
(962, 97, 18, 0, NULL, '0'),
(963, 98, 1, 0, NULL, '0'),
(964, 98, 2, 0, NULL, '0'),
(965, 98, 3, 0, NULL, '0'),
(966, 98, 4, 0, NULL, '0'),
(967, 98, 5, 0, NULL, '0'),
(968, 98, 6, 0, NULL, '0'),
(969, 98, 7, 0, NULL, '0'),
(970, 98, 8, 0, NULL, '0'),
(971, 98, 9, 0, NULL, '0'),
(972, 98, 10, 0, NULL, '0'),
(973, 98, 11, 0, NULL, '0'),
(974, 98, 12, 0, NULL, '0'),
(975, 98, 13, 22500, NULL, '0'),
(976, 98, 14, 22500, NULL, '0'),
(977, 98, 15, 0, NULL, '0'),
(978, 98, 16, 22500, NULL, '0'),
(979, 98, 17, 7500, NULL, '0'),
(980, 98, 18, 0, NULL, '0'),
(981, 104, 1, 125, NULL, '0'),
(982, 104, 2, 0, NULL, '0'),
(983, 104, 3, 125, NULL, '0'),
(984, 104, 4, 0, NULL, '0'),
(985, 104, 5, 125, NULL, '0'),
(986, 104, 6, 0, NULL, '0'),
(987, 104, 7, 125, NULL, '0'),
(988, 104, 8, 0, NULL, '0'),
(989, 104, 9, 0, NULL, '0'),
(990, 104, 10, 0, NULL, '0'),
(991, 104, 11, 0, NULL, '0'),
(992, 104, 12, 0, NULL, '0'),
(993, 104, 13, 0, NULL, '0'),
(994, 104, 14, 0, NULL, '0'),
(995, 104, 15, 0, NULL, '0'),
(996, 104, 16, 0, NULL, '0'),
(997, 104, 17, 0, NULL, '0'),
(998, 104, 18, 0, NULL, '0'),
(999, 107, 10, 990000, NULL, '0'),
(1000, 109, 1, 75, NULL, '0'),
(1001, 109, 2, 75, NULL, '0'),
(1002, 109, 3, 100, NULL, '0'),
(1003, 109, 4, 0, NULL, '0'),
(1004, 109, 5, 0, NULL, '0'),
(1005, 109, 6, 0, NULL, '0'),
(1006, 109, 7, 0, NULL, '0'),
(1007, 109, 8, 0, NULL, '0'),
(1008, 109, 9, 0, NULL, '0'),
(1009, 109, 10, 0, NULL, '0'),
(1010, 109, 11, 0, NULL, '0'),
(1011, 109, 12, 0, NULL, '0'),
(1012, 109, 13, 0, NULL, '0'),
(1013, 109, 14, 0, NULL, '0'),
(1014, 109, 15, 0, NULL, '0'),
(1015, 109, 16, 0, NULL, '0'),
(1016, 109, 17, 0, NULL, '0'),
(1017, 109, 18, 0, NULL, '0'),
(1018, 110, 1, 75, NULL, '0'),
(1019, 110, 2, 75, NULL, '0'),
(1020, 110, 3, 100, NULL, '0'),
(1021, 110, 4, 0, NULL, '0'),
(1022, 110, 5, 0, NULL, '0'),
(1023, 110, 6, 0, NULL, '0'),
(1024, 110, 7, 0, NULL, '0'),
(1025, 110, 8, 0, NULL, '0'),
(1026, 110, 9, 0, NULL, '0'),
(1027, 110, 10, 0, NULL, '0'),
(1028, 110, 11, 0, NULL, '0'),
(1029, 110, 12, 0, NULL, '0'),
(1030, 110, 13, 0, NULL, '0'),
(1031, 110, 14, 0, NULL, '0'),
(1032, 110, 15, 0, NULL, '0'),
(1033, 110, 16, 0, NULL, '0'),
(1034, 110, 17, 0, NULL, '0'),
(1035, 110, 18, 0, NULL, '0'),
(1036, 112, 1, 990000, NULL, '0'),
(1037, 112, 2, 990000, NULL, '0'),
(1038, 112, 3, 430000, NULL, '0'),
(1039, 113, 3, 480000, NULL, '0'),
(1040, 114, 1, 0, NULL, '0'),
(1041, 114, 2, 0, NULL, '0'),
(1042, 114, 3, 43750, NULL, '0'),
(1043, 114, 4, 0, NULL, '0'),
(1044, 114, 5, 52500, NULL, '0'),
(1045, 114, 6, 0, NULL, '0'),
(1046, 114, 7, 35000, NULL, '0'),
(1047, 114, 8, 0, NULL, '0'),
(1048, 114, 9, 0, NULL, '0'),
(1049, 114, 10, 43750, NULL, '0'),
(1050, 114, 11, 0, NULL, '0'),
(1051, 114, 12, 0, NULL, '0'),
(1052, 114, 13, 0, NULL, '0'),
(1053, 114, 14, 0, NULL, '0'),
(1054, 114, 15, 0, NULL, '0'),
(1055, 114, 16, 0, NULL, '0'),
(1056, 114, 17, 0, NULL, '0'),
(1057, 114, 18, 0, NULL, '0'),
(1058, 115, 1, 0, NULL, '0'),
(1059, 115, 2, 0, NULL, '0'),
(1060, 115, 3, 0, NULL, '0'),
(1061, 115, 4, 0, NULL, '0'),
(1062, 115, 5, 0, NULL, '0'),
(1063, 115, 6, 0, NULL, '0'),
(1064, 115, 7, 0, NULL, '0'),
(1065, 115, 8, 20000, NULL, '0'),
(1066, 115, 9, 20000, NULL, '0'),
(1067, 115, 10, 20000, NULL, '0'),
(1068, 115, 11, 20000, NULL, '0'),
(1069, 115, 12, 20000, NULL, '0'),
(1070, 115, 13, 20000, NULL, '0'),
(1071, 115, 14, 20000, NULL, '0'),
(1072, 115, 15, 20000, NULL, '0'),
(1073, 115, 16, 20000, NULL, '0'),
(1074, 115, 17, 20000, NULL, '0'),
(1075, 115, 18, 0, NULL, '0'),
(1076, 116, 1, 0, NULL, '0'),
(1077, 116, 2, 0, NULL, '0'),
(1078, 116, 3, 0, NULL, '0'),
(1079, 116, 4, 0, NULL, '0'),
(1080, 116, 5, 0, NULL, '0'),
(1081, 116, 6, 0, NULL, '0'),
(1082, 116, 7, 0, NULL, '0'),
(1083, 116, 8, 37500, NULL, '0'),
(1084, 116, 9, 0, NULL, '0'),
(1085, 116, 10, 37500, NULL, '0'),
(1086, 116, 11, 0, NULL, '0'),
(1087, 116, 12, 50000, NULL, '0'),
(1088, 116, 13, 0, NULL, '0'),
(1089, 116, 14, 0, NULL, '0'),
(1090, 116, 15, 0, NULL, '0'),
(1091, 116, 16, 0, NULL, '0'),
(1092, 116, 17, 0, NULL, '0'),
(1093, 116, 18, 0, NULL, '0'),
(1094, 117, 1, 0, NULL, '0'),
(1095, 117, 2, 0, NULL, '0'),
(1096, 117, 3, 0, NULL, '0'),
(1097, 117, 4, 0, NULL, '0'),
(1098, 117, 5, 0, NULL, '0'),
(1099, 117, 6, 0, NULL, '0'),
(1100, 117, 7, 0, NULL, '0'),
(1101, 117, 8, 37500, NULL, '0'),
(1102, 117, 9, 0, NULL, '0'),
(1103, 117, 10, 37500, NULL, '0'),
(1104, 117, 11, 0, NULL, '0'),
(1105, 117, 12, 0, NULL, '0'),
(1106, 117, 13, 0, NULL, '0'),
(1107, 117, 14, 0, NULL, '0'),
(1108, 117, 15, 0, NULL, '0'),
(1109, 117, 16, 0, NULL, '0'),
(1110, 117, 17, 0, NULL, '0'),
(1111, 117, 18, 0, NULL, '0'),
(1112, 118, 1, 0, NULL, '0'),
(1113, 118, 2, 0, NULL, '0'),
(1114, 118, 3, 0, NULL, '0'),
(1115, 118, 4, 0, NULL, '0'),
(1116, 118, 5, 0, NULL, '0'),
(1117, 118, 6, 0, NULL, '0'),
(1118, 118, 7, 0, NULL, '0'),
(1119, 118, 8, 0, NULL, '0'),
(1120, 118, 9, 0, NULL, '0'),
(1121, 118, 10, 75000, NULL, '0'),
(1122, 118, 11, 0, NULL, '0'),
(1123, 118, 12, 0, NULL, '0'),
(1124, 118, 13, 50000, NULL, '0'),
(1125, 118, 14, 0, NULL, '0'),
(1126, 118, 15, 0, NULL, '0'),
(1127, 118, 16, 0, NULL, '0'),
(1128, 118, 17, 0, NULL, '0'),
(1129, 118, 18, 0, NULL, '0'),
(1130, 119, 1, 0, NULL, '0'),
(1131, 119, 2, 0, NULL, '0'),
(1132, 119, 3, 0, NULL, '0'),
(1133, 119, 4, 0, NULL, '0'),
(1134, 119, 5, 0, NULL, '0'),
(1135, 119, 6, 0, NULL, '0'),
(1136, 119, 7, 0, NULL, '0'),
(1137, 119, 8, 0, NULL, '0'),
(1138, 119, 9, 0, NULL, '0'),
(1139, 119, 10, 75000, NULL, '0'),
(1140, 119, 11, 0, NULL, '0'),
(1141, 119, 12, 0, NULL, '0'),
(1142, 119, 13, 50000, NULL, '0'),
(1143, 119, 14, 0, NULL, '0'),
(1144, 119, 15, 0, NULL, '0'),
(1145, 119, 16, 0, NULL, '0'),
(1146, 119, 17, 0, NULL, '0'),
(1147, 119, 18, 0, NULL, '0'),
(1148, 120, 1, 0, NULL, '0'),
(1149, 120, 2, 0, NULL, '0'),
(1150, 120, 3, 0, NULL, '0'),
(1151, 120, 4, 0, NULL, '0'),
(1152, 120, 5, 0, NULL, '0'),
(1153, 120, 6, 0, NULL, '0'),
(1154, 120, 7, 0, NULL, '0'),
(1155, 120, 8, 0, NULL, '0'),
(1156, 120, 9, 30000, NULL, '0'),
(1157, 120, 10, 0, NULL, '0'),
(1158, 120, 11, 30000, NULL, '0'),
(1159, 120, 12, 0, NULL, '0'),
(1160, 120, 13, 30000, NULL, '0'),
(1161, 120, 14, 0, NULL, '0'),
(1162, 120, 15, 30000, NULL, '0'),
(1163, 120, 16, 0, NULL, '0'),
(1164, 120, 17, 30000, NULL, '0'),
(1165, 120, 18, 0, NULL, '0'),
(1166, 121, 1, 0, NULL, '0'),
(1167, 121, 2, 0, NULL, '0'),
(1168, 121, 3, 0, NULL, '0'),
(1169, 121, 4, 0, NULL, '0'),
(1170, 121, 5, 0, NULL, '0'),
(1171, 121, 6, 0, NULL, '0'),
(1172, 121, 7, 0, NULL, '0'),
(1173, 121, 8, 62500, NULL, '0'),
(1174, 121, 9, 0, NULL, '0'),
(1175, 121, 10, 62500, NULL, '0'),
(1176, 121, 11, 0, NULL, '0'),
(1177, 121, 12, 0, NULL, '0'),
(1178, 121, 13, 0, NULL, '0'),
(1179, 121, 14, 0, NULL, '0'),
(1180, 121, 15, 0, NULL, '0'),
(1181, 121, 16, 0, NULL, '0'),
(1182, 121, 17, 0, NULL, '0'),
(1183, 121, 18, 0, NULL, '0'),
(1184, 122, 1, 0, NULL, '0'),
(1185, 122, 2, 0, NULL, '0'),
(1186, 122, 3, 0, NULL, '0'),
(1187, 122, 4, 75000, NULL, '0'),
(1188, 122, 5, 0, NULL, '0'),
(1189, 122, 6, 75000, NULL, '0'),
(1190, 122, 7, 0, NULL, '0'),
(1191, 122, 8, 0, NULL, '0'),
(1192, 122, 9, 30000, NULL, '0'),
(1193, 122, 10, 120000, NULL, '0'),
(1194, 122, 11, 0, NULL, '0'),
(1195, 122, 12, 0, NULL, '0'),
(1196, 122, 13, 0, NULL, '0'),
(1197, 122, 14, 0, NULL, '0'),
(1198, 122, 15, 0, NULL, '0'),
(1199, 122, 16, 0, NULL, '0'),
(1200, 122, 17, 0, NULL, '0'),
(1201, 122, 18, 0, NULL, '0'),
(1202, 123, 1, 60000, NULL, '0'),
(1203, 123, 2, 0, NULL, '0'),
(1204, 123, 3, 60000, NULL, '0'),
(1205, 123, 4, 0, NULL, '0'),
(1206, 123, 5, 0, NULL, '0'),
(1207, 123, 6, 180000, NULL, '0'),
(1208, 123, 7, 0, NULL, '0'),
(1209, 123, 8, 0, NULL, '0'),
(1210, 123, 9, 0, NULL, '0'),
(1211, 123, 10, 0, NULL, '0'),
(1212, 123, 11, 0, NULL, '0'),
(1213, 123, 12, 0, NULL, '0'),
(1214, 123, 13, 0, NULL, '0'),
(1215, 123, 14, 0, NULL, '0'),
(1216, 123, 15, 0, NULL, '0'),
(1217, 123, 16, 0, NULL, '0'),
(1218, 123, 17, 0, NULL, '0'),
(1219, 123, 18, 0, NULL, '0'),
(1220, 124, 1, 45000, NULL, '0'),
(1221, 124, 2, 0, NULL, '0'),
(1222, 124, 3, 30000, NULL, '0'),
(1223, 124, 4, 0, NULL, '0'),
(1224, 124, 5, 0, NULL, '0'),
(1225, 124, 6, 37500, NULL, '0'),
(1226, 124, 7, 0, NULL, '0'),
(1227, 124, 8, 0, NULL, '0'),
(1228, 124, 9, 0, NULL, '0'),
(1229, 124, 10, 0, NULL, '0'),
(1230, 124, 11, 0, NULL, '0'),
(1231, 124, 12, 0, NULL, '0'),
(1232, 124, 13, 0, NULL, '0'),
(1233, 124, 14, 0, NULL, '0'),
(1234, 124, 15, 0, NULL, '0'),
(1235, 124, 16, 0, NULL, '0'),
(1236, 124, 17, 0, NULL, '0'),
(1237, 124, 18, 37500, NULL, '0'),
(1238, 125, 1, 0, NULL, '0'),
(1239, 125, 2, 0, NULL, '0'),
(1240, 125, 3, 0, NULL, '0'),
(1241, 125, 4, 21875, NULL, '0'),
(1242, 125, 5, 0, NULL, '0'),
(1243, 125, 6, 12500, NULL, '0'),
(1244, 125, 7, 6250, NULL, '0'),
(1245, 125, 8, 0, NULL, '0'),
(1246, 125, 9, 0, NULL, '0'),
(1247, 125, 10, 21875, NULL, '0'),
(1248, 125, 11, 0, NULL, '0'),
(1249, 125, 12, 0, NULL, '0'),
(1250, 125, 13, 0, NULL, '0'),
(1251, 125, 14, 0, NULL, '0'),
(1252, 125, 15, 0, NULL, '0'),
(1253, 125, 16, 0, NULL, '0'),
(1254, 125, 17, 0, NULL, '0'),
(1255, 125, 18, 0, NULL, '0'),
(1256, 126, 1, 0, NULL, '0'),
(1257, 126, 2, 0, NULL, '0'),
(1258, 126, 3, 0, NULL, '0'),
(1259, 126, 4, 0, NULL, '0'),
(1260, 126, 5, 0, NULL, '0'),
(1261, 126, 6, 0, NULL, '0'),
(1262, 126, 7, 0, NULL, '0'),
(1263, 126, 8, 0, NULL, '0'),
(1264, 126, 9, 0, NULL, '0'),
(1265, 126, 10, 12500, NULL, '0'),
(1266, 126, 11, 0, NULL, '0'),
(1267, 126, 12, 0, NULL, '0'),
(1268, 126, 13, 25000, NULL, '0'),
(1269, 126, 14, 0, NULL, '0'),
(1270, 126, 15, 25000, NULL, '0'),
(1271, 126, 16, 0, NULL, '0'),
(1272, 126, 17, 62500, NULL, '0'),
(1273, 126, 18, 0, NULL, '0'),
(1274, 127, 1, 0, NULL, '0'),
(1275, 127, 2, 0, NULL, '0'),
(1276, 127, 3, 43750, NULL, '0'),
(1277, 127, 4, 0, NULL, '0'),
(1278, 127, 5, 52500, NULL, '0'),
(1279, 127, 6, 0, NULL, '0'),
(1280, 127, 7, 35000, NULL, '0'),
(1281, 127, 8, 0, NULL, '0'),
(1282, 127, 9, 0, NULL, '0'),
(1283, 127, 10, 43750, NULL, '0'),
(1284, 127, 11, 0, NULL, '0'),
(1285, 127, 12, 0, NULL, '0'),
(1286, 127, 13, 0, NULL, '0'),
(1287, 127, 14, 0, NULL, '0'),
(1288, 127, 15, 0, NULL, '0'),
(1289, 127, 16, 0, NULL, '0'),
(1290, 127, 17, 0, NULL, '0'),
(1291, 127, 18, 0, NULL, '0'),
(1292, 128, 1, 0, NULL, '0'),
(1293, 128, 2, 0, NULL, '0'),
(1294, 128, 3, 0, NULL, '0'),
(1295, 128, 4, 0, NULL, '0'),
(1296, 128, 5, 0, NULL, '0'),
(1297, 128, 6, 0, NULL, '0'),
(1298, 128, 7, 0, NULL, '0'),
(1299, 128, 8, 0, NULL, '0'),
(1300, 128, 9, 18750, NULL, '0'),
(1301, 128, 10, 0, NULL, '0'),
(1302, 128, 11, 0, NULL, '0'),
(1303, 128, 12, 0, NULL, '0'),
(1304, 128, 13, 0, NULL, '0'),
(1305, 128, 14, 0, NULL, '0'),
(1306, 128, 15, 0, NULL, '0'),
(1307, 128, 16, 6250, NULL, '0'),
(1308, 128, 17, 18750, NULL, '0'),
(1309, 128, 18, 18750, NULL, '0'),
(1310, 129, 1, 0, NULL, '0'),
(1311, 129, 2, 0, NULL, '0'),
(1312, 129, 3, 43750, NULL, '0'),
(1313, 129, 4, 0, NULL, '0'),
(1314, 129, 5, 52500, NULL, '0'),
(1315, 129, 6, 0, NULL, '0'),
(1316, 129, 7, 35000, NULL, '0'),
(1317, 129, 8, 0, NULL, '0'),
(1318, 129, 9, 0, NULL, '0'),
(1319, 129, 10, 43750, NULL, '0'),
(1320, 129, 11, 0, NULL, '0'),
(1321, 129, 12, 0, NULL, '0'),
(1322, 129, 13, 0, NULL, '0'),
(1323, 129, 14, 0, NULL, '0'),
(1324, 129, 15, 0, NULL, '0'),
(1325, 129, 16, 0, NULL, '0'),
(1326, 129, 17, 0, NULL, '0'),
(1327, 129, 18, 0, NULL, '0'),
(1328, 130, 1, 0, NULL, '0'),
(1329, 130, 2, 0, NULL, '0'),
(1330, 130, 3, 0, NULL, '0'),
(1331, 130, 4, 0, NULL, '0'),
(1332, 130, 5, 0, NULL, '0'),
(1333, 130, 6, 0, NULL, '0'),
(1334, 130, 7, 0, NULL, '0'),
(1335, 130, 8, 20000, NULL, '0'),
(1336, 130, 9, 20000, NULL, '0'),
(1337, 130, 10, 20000, NULL, '0'),
(1338, 130, 11, 20000, NULL, '0'),
(1339, 130, 12, 20000, NULL, '0'),
(1340, 130, 13, 20000, NULL, '0'),
(1341, 130, 14, 20000, NULL, '0'),
(1342, 130, 15, 20000, NULL, '0'),
(1343, 130, 16, 20000, NULL, '0'),
(1344, 130, 17, 20000, NULL, '0'),
(1345, 130, 18, 0, NULL, '0'),
(1346, 131, 1, 0, NULL, '0'),
(1347, 131, 2, 0, NULL, '0'),
(1348, 131, 3, 0, NULL, '0'),
(1349, 131, 4, 0, NULL, '0'),
(1350, 131, 5, 0, NULL, '0'),
(1351, 131, 6, 0, NULL, '0'),
(1352, 131, 7, 0, NULL, '0'),
(1353, 131, 8, 37500, NULL, '0'),
(1354, 131, 9, 0, NULL, '0'),
(1355, 131, 10, 37500, NULL, '0'),
(1356, 131, 11, 0, NULL, '0'),
(1357, 131, 12, 50000, NULL, '0'),
(1358, 131, 13, 0, NULL, '0'),
(1359, 131, 14, 0, NULL, '0'),
(1360, 131, 15, 0, NULL, '0'),
(1361, 131, 16, 0, NULL, '0'),
(1362, 131, 17, 0, NULL, '0'),
(1363, 131, 18, 0, NULL, '0'),
(1364, 132, 1, 0, NULL, '0'),
(1365, 132, 2, 0, NULL, '0'),
(1366, 132, 3, 0, NULL, '0'),
(1367, 132, 4, 0, NULL, '0'),
(1368, 132, 5, 0, NULL, '0'),
(1369, 132, 6, 0, NULL, '0'),
(1370, 132, 7, 0, NULL, '0'),
(1371, 132, 8, 15625, NULL, '0'),
(1372, 132, 9, 0, NULL, '0'),
(1373, 132, 10, 0, NULL, '0'),
(1374, 132, 11, 15625, NULL, '0'),
(1375, 132, 12, 0, NULL, '0'),
(1376, 132, 13, 0, NULL, '0'),
(1377, 132, 14, 15625, NULL, '0'),
(1378, 132, 15, 0, NULL, '0'),
(1379, 132, 16, 0, NULL, '0'),
(1380, 132, 17, 15625, NULL, '0'),
(1381, 132, 18, 0, NULL, '0'),
(1382, 133, 10, 990000, NULL, '0'),
(1383, 134, 17, 98000, NULL, '0'),
(1384, 138, 1, 0, NULL, '0'),
(1385, 138, 2, 250, NULL, '0'),
(1386, 138, 3, 0, NULL, '0'),
(1387, 138, 4, 0, NULL, '0'),
(1388, 138, 5, 0, NULL, '0'),
(1389, 138, 6, 250, NULL, '0'),
(1390, 138, 7, 0, NULL, '0'),
(1391, 138, 8, 0, NULL, '0'),
(1392, 138, 9, 0, NULL, '0'),
(1393, 138, 10, 0, NULL, '0'),
(1394, 138, 11, 0, NULL, '0'),
(1395, 138, 12, 0, NULL, '0'),
(1396, 138, 13, 500, NULL, '0'),
(1397, 138, 14, 0, NULL, '0'),
(1398, 138, 15, 0, NULL, '0'),
(1399, 138, 16, 0, NULL, '0'),
(1400, 138, 17, 0, NULL, '0'),
(1401, 138, 18, 0, NULL, '0'),
(1402, 139, 1, 0, NULL, '0'),
(1403, 139, 2, 250, NULL, '0'),
(1404, 139, 3, 0, NULL, '0'),
(1405, 139, 4, 0, NULL, '0'),
(1406, 139, 5, 0, NULL, '0'),
(1407, 139, 6, 250, NULL, '0'),
(1408, 139, 7, 0, NULL, '0'),
(1409, 139, 8, 0, NULL, '0'),
(1410, 139, 9, 0, NULL, '0'),
(1411, 139, 10, 0, NULL, '0'),
(1412, 139, 11, 0, NULL, '0'),
(1413, 139, 12, 0, NULL, '0'),
(1414, 139, 13, 500, NULL, '0'),
(1415, 139, 14, 0, NULL, '0'),
(1416, 139, 15, 0, NULL, '0'),
(1417, 139, 16, 0, NULL, '0'),
(1418, 139, 17, 0, NULL, '0'),
(1419, 139, 18, 0, NULL, '0'),
(1420, 140, 1, 150, NULL, '0'),
(1421, 140, 2, 150, NULL, '0'),
(1422, 140, 3, 200, NULL, '0'),
(1423, 140, 4, 0, NULL, '0'),
(1424, 140, 5, 0, NULL, '0'),
(1425, 140, 6, 0, NULL, '0'),
(1426, 140, 7, 0, NULL, '0'),
(1427, 140, 8, 0, NULL, '0'),
(1428, 140, 9, 0, NULL, '0'),
(1429, 140, 10, 0, NULL, '0'),
(1430, 140, 11, 0, NULL, '0'),
(1431, 140, 12, 0, NULL, '0'),
(1432, 140, 13, 0, NULL, '0'),
(1433, 140, 14, 0, NULL, '0'),
(1434, 140, 15, 0, NULL, '0'),
(1435, 140, 16, 0, NULL, '0'),
(1436, 140, 17, 0, NULL, '0'),
(1437, 140, 18, 0, NULL, '0'),
(1438, 140, 19, 0, NULL, '0'),
(1439, 141, 1, 600, NULL, '0'),
(1440, 141, 2, 600, NULL, '0'),
(1441, 141, 3, 800, NULL, '0'),
(1442, 141, 4, 0, NULL, '0'),
(1443, 141, 5, 0, NULL, '0'),
(1444, 141, 6, 0, NULL, '0'),
(1445, 141, 7, 0, NULL, '0'),
(1446, 141, 8, 0, NULL, '0'),
(1447, 141, 9, 0, NULL, '0'),
(1448, 141, 10, 0, NULL, '0'),
(1449, 141, 11, 0, NULL, '0'),
(1450, 141, 12, 0, NULL, '0'),
(1451, 141, 13, 0, NULL, '0'),
(1452, 141, 14, 0, NULL, '0'),
(1453, 141, 15, 0, NULL, '0'),
(1454, 141, 16, 0, NULL, '0'),
(1455, 141, 17, 0, NULL, '0'),
(1456, 141, 18, 0, NULL, '0'),
(1457, 141, 19, 0, NULL, '0'),
(1458, 142, 1, 0, NULL, '0'),
(1459, 142, 2, 300, NULL, '0'),
(1460, 142, 3, 0, NULL, '0'),
(1461, 142, 4, 0, NULL, '0'),
(1462, 142, 5, 0, NULL, '0'),
(1463, 142, 6, 300, NULL, '0'),
(1464, 142, 7, 0, NULL, '0'),
(1465, 142, 8, 0, NULL, '0'),
(1466, 142, 9, 300, NULL, '0'),
(1467, 142, 10, 0, NULL, '0'),
(1468, 142, 11, 300, NULL, '0'),
(1469, 142, 12, 0, NULL, '0'),
(1470, 142, 13, 0, NULL, '0'),
(1471, 142, 14, 300, NULL, '0'),
(1472, 142, 15, 0, NULL, '0'),
(1473, 142, 16, 0, NULL, '0'),
(1474, 142, 17, 0, NULL, '0'),
(1475, 142, 18, 0, NULL, '0'),
(1476, 143, 1, 0, NULL, '0'),
(1477, 143, 2, 0, NULL, '0'),
(1478, 143, 3, 0, NULL, '0'),
(1479, 143, 4, 0, NULL, '0'),
(1480, 143, 5, 0, NULL, '0'),
(1481, 143, 6, 0, NULL, '0'),
(1482, 143, 7, 0, NULL, '0'),
(1483, 143, 8, 150, NULL, '0'),
(1484, 143, 9, 0, NULL, '0'),
(1485, 143, 10, 150, NULL, '0'),
(1486, 143, 11, 0, NULL, '0'),
(1487, 143, 12, 200, NULL, '0'),
(1488, 143, 13, 0, NULL, '0'),
(1489, 143, 14, 0, NULL, '0'),
(1490, 143, 15, 0, NULL, '0'),
(1491, 143, 16, 0, NULL, '0'),
(1492, 143, 17, 0, NULL, '0'),
(1493, 143, 18, 0, NULL, '0'),
(1494, 144, 1, 0, NULL, '0'),
(1495, 144, 2, 0, NULL, '0'),
(1496, 144, 3, 0, NULL, '0'),
(1497, 144, 4, 0, NULL, '0'),
(1498, 144, 5, 0, NULL, '0'),
(1499, 144, 6, 0, NULL, '0'),
(1500, 144, 7, 0, NULL, '0'),
(1501, 144, 8, 150, NULL, '0'),
(1502, 144, 9, 150, NULL, '0'),
(1503, 144, 10, 200, NULL, '0'),
(1504, 144, 11, 0, NULL, '0'),
(1505, 144, 12, 0, NULL, '0'),
(1506, 144, 13, 0, NULL, '0'),
(1507, 144, 14, 0, NULL, '0'),
(1508, 144, 15, 0, NULL, '0'),
(1509, 144, 16, 0, NULL, '0'),
(1510, 144, 17, 0, NULL, '0'),
(1511, 144, 18, 0, NULL, '0'),
(1512, 145, 1, 500, NULL, '0'),
(1513, 145, 2, 0, NULL, '0'),
(1514, 145, 3, 0, NULL, '0'),
(1515, 145, 4, 500, NULL, '0'),
(1516, 145, 5, 0, NULL, '0'),
(1517, 145, 6, 0, NULL, '0'),
(1518, 145, 7, 0, NULL, '0'),
(1519, 145, 8, 0, NULL, '0'),
(1520, 145, 9, 0, NULL, '0'),
(1521, 145, 10, 0, NULL, '0'),
(1522, 145, 11, 0, NULL, '0'),
(1523, 145, 12, 0, NULL, '0'),
(1524, 145, 13, 0, NULL, '0'),
(1525, 145, 14, 0, NULL, '0'),
(1526, 145, 15, 0, NULL, '0'),
(1527, 145, 16, 0, NULL, '0'),
(1528, 145, 17, 0, NULL, '0'),
(1529, 145, 18, 0, NULL, '0'),
(1530, 146, 1, 0, NULL, '0'),
(1531, 146, 2, 45000, NULL, '0'),
(1532, 146, 3, 0, NULL, '0'),
(1533, 146, 4, 0, NULL, '0'),
(1534, 146, 5, 45000, NULL, '0'),
(1535, 146, 6, 0, NULL, '0'),
(1536, 146, 7, 0, NULL, '0'),
(1537, 146, 8, 0, NULL, '0'),
(1538, 146, 9, 0, NULL, '0'),
(1539, 146, 10, 0, NULL, '0'),
(1540, 146, 11, 45000, NULL, '0'),
(1541, 146, 12, 0, NULL, '0'),
(1542, 146, 13, 0, NULL, '0'),
(1543, 146, 14, 0, NULL, '0'),
(1544, 146, 15, 0, NULL, '0'),
(1545, 146, 16, 0, NULL, '0'),
(1546, 146, 17, 0, NULL, '0'),
(1547, 146, 18, 15000, NULL, '0'),
(1548, 147, 1, 0, NULL, '0'),
(1549, 147, 2, 0, NULL, '0'),
(1550, 147, 3, 0, NULL, '0'),
(1551, 147, 4, 31250, NULL, '0'),
(1552, 147, 5, 0, NULL, '0'),
(1553, 147, 6, 62500, NULL, '0'),
(1554, 147, 7, 0, NULL, '0'),
(1555, 147, 8, 31250, NULL, '0'),
(1556, 147, 9, 0, NULL, '0'),
(1557, 147, 10, 0, NULL, '0'),
(1558, 147, 11, 0, NULL, '0'),
(1559, 147, 12, 0, NULL, '0'),
(1560, 147, 13, 0, NULL, '0'),
(1561, 147, 14, 0, NULL, '0'),
(1562, 147, 15, 0, NULL, '0'),
(1563, 147, 16, 0, NULL, '0'),
(1564, 147, 17, 0, NULL, '0'),
(1565, 147, 18, 0, NULL, '0'),
(1566, 148, 1, 15625, NULL, '0'),
(1567, 148, 2, 0, NULL, '0'),
(1568, 148, 3, 15625, NULL, '0'),
(1569, 148, 4, 0, NULL, '0'),
(1570, 148, 5, 15625, NULL, '0'),
(1571, 148, 6, 0, NULL, '0'),
(1572, 148, 7, 15625, NULL, '0'),
(1573, 148, 8, 0, NULL, '0'),
(1574, 148, 9, 0, NULL, '0'),
(1575, 148, 10, 0, NULL, '0'),
(1576, 148, 11, 0, NULL, '0'),
(1577, 148, 12, 0, NULL, '0'),
(1578, 148, 13, 0, NULL, '0'),
(1579, 148, 14, 0, NULL, '0'),
(1580, 148, 15, 0, NULL, '0'),
(1581, 148, 16, 0, NULL, '0'),
(1582, 148, 17, 0, NULL, '0'),
(1583, 148, 18, 0, NULL, '0'),
(1584, 149, 1, 45000, NULL, '0'),
(1585, 149, 2, 15000, NULL, '0'),
(1586, 149, 3, 15000, NULL, '0'),
(1587, 149, 4, 0, NULL, '0'),
(1588, 149, 5, 0, NULL, '0'),
(1589, 149, 6, 0, NULL, '0'),
(1590, 149, 7, 0, NULL, '0'),
(1591, 149, 8, 0, NULL, '0'),
(1592, 149, 9, 0, NULL, '0'),
(1593, 149, 10, 0, NULL, '0'),
(1594, 149, 11, 0, NULL, '0'),
(1595, 149, 12, 0, NULL, '0'),
(1596, 149, 13, 0, NULL, '0'),
(1597, 149, 14, 0, NULL, '0'),
(1598, 149, 15, 0, NULL, '0'),
(1599, 149, 16, 0, NULL, '0'),
(1600, 149, 17, 0, NULL, '0'),
(1601, 149, 18, 0, NULL, '0'),
(1602, 150, 1, 0, NULL, '0'),
(1603, 150, 2, 45000, NULL, '0'),
(1604, 150, 3, 0, NULL, '0'),
(1605, 150, 4, 0, NULL, '0'),
(1606, 150, 5, 45000, NULL, '0'),
(1607, 150, 6, 0, NULL, '0'),
(1608, 150, 7, 0, NULL, '0'),
(1609, 150, 8, 0, NULL, '0'),
(1610, 150, 9, 0, NULL, '0'),
(1611, 150, 10, 0, NULL, '0'),
(1612, 150, 11, 45000, NULL, '0'),
(1613, 150, 12, 0, NULL, '0'),
(1614, 150, 13, 0, NULL, '0'),
(1615, 150, 14, 0, NULL, '0'),
(1616, 150, 15, 0, NULL, '0'),
(1617, 150, 16, 0, NULL, '0'),
(1618, 150, 17, 0, NULL, '0'),
(1619, 150, 18, 15000, NULL, '0'),
(1620, 151, 1, 0, NULL, '0'),
(1621, 151, 2, 0, NULL, '0'),
(1622, 151, 3, 43750, NULL, '0'),
(1623, 151, 4, 0, NULL, '0'),
(1624, 151, 5, 52500, NULL, '0'),
(1625, 151, 6, 0, NULL, '0'),
(1626, 151, 7, 35000, NULL, '0'),
(1627, 151, 8, 0, NULL, '0'),
(1628, 151, 9, 0, NULL, '0'),
(1629, 151, 10, 43750, NULL, '0'),
(1630, 151, 11, 0, NULL, '0'),
(1631, 151, 12, 0, NULL, '0'),
(1632, 151, 13, 0, NULL, '0'),
(1633, 151, 14, 0, NULL, '0'),
(1634, 151, 15, 0, NULL, '0'),
(1635, 151, 16, 0, NULL, '0'),
(1636, 151, 17, 0, NULL, '0'),
(1637, 151, 18, 0, NULL, '0'),
(1638, 152, 1, 0, NULL, '0'),
(1639, 152, 2, 22500, NULL, '0'),
(1640, 152, 3, 0, NULL, '0'),
(1641, 152, 4, 22500, NULL, '0'),
(1642, 152, 5, 0, NULL, '0'),
(1643, 152, 6, 7500, NULL, '0'),
(1644, 152, 7, 0, NULL, '0'),
(1645, 152, 8, 0, NULL, '0'),
(1646, 152, 9, 22500, NULL, '0'),
(1647, 152, 10, 0, NULL, '0'),
(1648, 152, 11, 0, NULL, '0'),
(1649, 152, 12, 0, NULL, '0'),
(1650, 152, 13, 0, NULL, '0'),
(1651, 152, 14, 0, NULL, '0'),
(1652, 152, 15, 0, NULL, '0'),
(1653, 152, 16, 0, NULL, '0'),
(1654, 152, 17, 0, NULL, '0'),
(1655, 152, 18, 0, NULL, '0'),
(1656, 153, 1, 0, NULL, '0'),
(1657, 153, 2, 22500, NULL, '0'),
(1658, 153, 3, 0, NULL, '0'),
(1659, 153, 4, 22500, NULL, '0'),
(1660, 153, 5, 0, NULL, '0'),
(1661, 153, 6, 7500, NULL, '0'),
(1662, 153, 7, 0, NULL, '0'),
(1663, 153, 8, 0, NULL, '0'),
(1664, 153, 9, 22500, NULL, '0'),
(1665, 153, 10, 0, NULL, '0'),
(1666, 153, 11, 0, NULL, '0'),
(1667, 153, 12, 0, NULL, '0'),
(1668, 153, 13, 0, NULL, '0'),
(1669, 153, 14, 0, NULL, '0'),
(1670, 153, 15, 0, NULL, '0'),
(1671, 153, 16, 0, NULL, '0'),
(1672, 153, 17, 0, NULL, '0'),
(1673, 153, 18, 0, NULL, '0'),
(1674, 154, 1, 0, NULL, '0'),
(1675, 154, 2, 22500, NULL, '0'),
(1676, 154, 3, 0, NULL, '0'),
(1677, 154, 4, 22500, NULL, '0'),
(1678, 154, 5, 0, NULL, '0'),
(1679, 154, 6, 7500, NULL, '0'),
(1680, 154, 7, 0, NULL, '0'),
(1681, 154, 8, 0, NULL, '0'),
(1682, 154, 9, 22500, NULL, '0'),
(1683, 154, 10, 0, NULL, '0'),
(1684, 154, 11, 0, NULL, '0'),
(1685, 154, 12, 0, NULL, '0'),
(1686, 154, 13, 0, NULL, '0'),
(1687, 154, 14, 0, NULL, '0'),
(1688, 154, 15, 0, NULL, '0'),
(1689, 154, 16, 0, NULL, '0'),
(1690, 154, 17, 0, NULL, '0'),
(1691, 154, 18, 0, NULL, '0'),
(1692, 155, 1, 0, NULL, '0'),
(1693, 155, 2, 125000, NULL, '0'),
(1694, 155, 3, 0, NULL, '0'),
(1695, 155, 4, 100000, NULL, '0'),
(1696, 155, 5, 25000, NULL, '0'),
(1697, 155, 6, 0, NULL, '0'),
(1698, 155, 7, 0, NULL, '0'),
(1699, 155, 8, 0, NULL, '0'),
(1700, 155, 9, 0, NULL, '0'),
(1701, 155, 10, 0, NULL, '0'),
(1702, 155, 11, 0, NULL, '0'),
(1703, 155, 12, 0, NULL, '0'),
(1704, 155, 13, 0, NULL, '0'),
(1705, 155, 14, 0, NULL, '0'),
(1706, 155, 15, 0, NULL, '0'),
(1707, 155, 16, 0, NULL, '0'),
(1708, 155, 17, 0, NULL, '0'),
(1709, 155, 18, 0, NULL, '0'),
(1710, 156, 1, 0, NULL, '0'),
(1711, 156, 2, 125000, NULL, '0'),
(1712, 156, 3, 0, NULL, '0'),
(1713, 156, 4, 100000, NULL, '0'),
(1714, 156, 5, 25000, NULL, '0'),
(1715, 156, 6, 0, NULL, '0'),
(1716, 156, 7, 0, NULL, '0'),
(1717, 156, 8, 0, NULL, '0'),
(1718, 156, 9, 0, NULL, '0'),
(1719, 156, 10, 0, NULL, '0'),
(1720, 156, 11, 0, NULL, '0'),
(1721, 156, 12, 0, NULL, '0'),
(1722, 156, 13, 0, NULL, '0'),
(1723, 156, 14, 0, NULL, '0'),
(1724, 156, 15, 0, NULL, '0'),
(1725, 156, 16, 0, NULL, '0'),
(1726, 156, 17, 0, NULL, '0'),
(1727, 156, 18, 0, NULL, '0'),
(1728, 157, 1, 0, NULL, '0'),
(1729, 157, 2, 125000, NULL, '0'),
(1730, 157, 3, 0, NULL, '0'),
(1731, 157, 4, 100000, NULL, '0'),
(1732, 157, 5, 25000, NULL, '0'),
(1733, 157, 6, 0, NULL, '0'),
(1734, 157, 7, 0, NULL, '0'),
(1735, 157, 8, 0, NULL, '0'),
(1736, 157, 9, 0, NULL, '0'),
(1737, 157, 10, 0, NULL, '0'),
(1738, 157, 11, 0, NULL, '0'),
(1739, 157, 12, 0, NULL, '0'),
(1740, 157, 13, 0, NULL, '0'),
(1741, 157, 14, 0, NULL, '0'),
(1742, 157, 15, 0, NULL, '0'),
(1743, 157, 16, 0, NULL, '0'),
(1744, 157, 17, 0, NULL, '0'),
(1745, 157, 18, 0, NULL, '0'),
(1746, 158, 1, 0, NULL, '0'),
(1747, 158, 2, 125000, NULL, '0'),
(1748, 158, 3, 0, NULL, '0'),
(1749, 158, 4, 100000, NULL, '0'),
(1750, 158, 5, 25000, NULL, '0'),
(1751, 158, 6, 0, NULL, '0'),
(1752, 158, 7, 0, NULL, '0'),
(1753, 158, 8, 0, NULL, '0'),
(1754, 158, 9, 0, NULL, '0'),
(1755, 158, 10, 0, NULL, '0'),
(1756, 158, 11, 0, NULL, '0'),
(1757, 158, 12, 0, NULL, '0'),
(1758, 158, 13, 0, NULL, '0'),
(1759, 158, 14, 0, NULL, '0'),
(1760, 158, 15, 0, NULL, '0'),
(1761, 158, 16, 0, NULL, '0'),
(1762, 158, 17, 0, NULL, '0'),
(1763, 158, 18, 0, NULL, '0'),
(1764, 159, 1, 0, NULL, '0'),
(1765, 159, 2, 125000, NULL, '0'),
(1766, 159, 3, 0, NULL, '0'),
(1767, 159, 4, 100000, NULL, '0'),
(1768, 159, 5, 25000, NULL, '0'),
(1769, 159, 6, 0, NULL, '0'),
(1770, 159, 7, 0, NULL, '0'),
(1771, 159, 8, 0, NULL, '0'),
(1772, 159, 9, 0, NULL, '0'),
(1773, 159, 10, 0, NULL, '0'),
(1774, 159, 11, 0, NULL, '0'),
(1775, 159, 12, 0, NULL, '0'),
(1776, 159, 13, 0, NULL, '0'),
(1777, 159, 14, 0, NULL, '0'),
(1778, 159, 15, 0, NULL, '0'),
(1779, 159, 16, 0, NULL, '0'),
(1780, 159, 17, 0, NULL, '0'),
(1781, 159, 18, 0, NULL, '0');
INSERT INTO `trans_raw` (`tr_id`, `trans_id`, `raw_coffeeid`, `quantity`, `stat`, `inv_stat`) VALUES
(1782, 160, 1, 0, NULL, '0'),
(1783, 160, 2, 0, NULL, '0'),
(1784, 160, 3, 0, NULL, '0'),
(1785, 160, 4, 0, NULL, '0'),
(1786, 160, 5, 0, NULL, '0'),
(1787, 160, 6, 0, NULL, '0'),
(1788, 160, 7, 0, NULL, '0'),
(1789, 160, 8, 0, NULL, '0'),
(1790, 160, 9, 0, NULL, '0'),
(1791, 160, 10, 12500, NULL, '0'),
(1792, 160, 11, 0, NULL, '0'),
(1793, 160, 12, 0, NULL, '0'),
(1794, 160, 13, 25000, NULL, '0'),
(1795, 160, 14, 0, NULL, '0'),
(1796, 160, 15, 25000, NULL, '0'),
(1797, 160, 16, 0, NULL, '0'),
(1798, 160, 17, 62500, NULL, '0'),
(1799, 160, 18, 0, NULL, '0'),
(1800, 161, 1, 0, NULL, '0'),
(1801, 161, 2, 0, NULL, '0'),
(1802, 161, 3, 0, NULL, '0'),
(1803, 161, 4, 21875, NULL, '0'),
(1804, 161, 5, 0, NULL, '0'),
(1805, 161, 6, 12500, NULL, '0'),
(1806, 161, 7, 6250, NULL, '0'),
(1807, 161, 8, 0, NULL, '0'),
(1808, 161, 9, 0, NULL, '0'),
(1809, 161, 10, 21875, NULL, '0'),
(1810, 161, 11, 0, NULL, '0'),
(1811, 161, 12, 0, NULL, '0'),
(1812, 161, 13, 0, NULL, '0'),
(1813, 161, 14, 0, NULL, '0'),
(1814, 161, 15, 0, NULL, '0'),
(1815, 161, 16, 0, NULL, '0'),
(1816, 161, 17, 0, NULL, '0'),
(1817, 161, 18, 0, NULL, '0'),
(1818, 162, 1, 0, NULL, '0'),
(1819, 162, 2, 0, NULL, '0'),
(1820, 162, 3, 15000, NULL, '0'),
(1821, 162, 4, 0, NULL, '0'),
(1822, 162, 5, 0, NULL, '0'),
(1823, 162, 6, 15000, NULL, '0'),
(1824, 162, 7, 0, NULL, '0'),
(1825, 162, 8, 45000, NULL, '0'),
(1826, 162, 9, 0, NULL, '0'),
(1827, 162, 10, 0, NULL, '0'),
(1828, 162, 11, 0, NULL, '0'),
(1829, 162, 12, 0, NULL, '0'),
(1830, 162, 13, 0, NULL, '0'),
(1831, 162, 14, 0, NULL, '0'),
(1832, 162, 15, 0, NULL, '0'),
(1833, 162, 16, 0, NULL, '0'),
(1834, 162, 17, 0, NULL, '0'),
(1835, 162, 18, 0, NULL, '0'),
(1836, 163, 1, 0, NULL, '0'),
(1837, 163, 2, 15000, NULL, '0'),
(1838, 163, 3, 0, NULL, '0'),
(1839, 163, 4, 15000, NULL, '0'),
(1840, 163, 5, 0, NULL, '0'),
(1841, 163, 6, 20000, NULL, '0'),
(1842, 163, 7, 0, NULL, '0'),
(1843, 163, 8, 0, NULL, '0'),
(1844, 163, 9, 0, NULL, '0'),
(1845, 163, 10, 0, NULL, '0'),
(1846, 163, 11, 0, NULL, '0'),
(1847, 163, 12, 0, NULL, '0'),
(1848, 163, 13, 0, NULL, '0'),
(1849, 163, 14, 0, NULL, '0'),
(1850, 163, 15, 0, NULL, '0'),
(1851, 163, 16, 0, NULL, '0'),
(1852, 163, 17, 0, NULL, '0'),
(1853, 163, 18, 0, NULL, '0'),
(1854, 164, 1, 0, NULL, '0'),
(1855, 164, 2, 15000, NULL, '0'),
(1856, 164, 3, 0, NULL, '0'),
(1857, 164, 4, 15000, NULL, '0'),
(1858, 164, 5, 0, NULL, '0'),
(1859, 164, 6, 20000, NULL, '0'),
(1860, 164, 7, 0, NULL, '0'),
(1861, 164, 8, 0, NULL, '0'),
(1862, 164, 9, 0, NULL, '0'),
(1863, 164, 10, 0, NULL, '0'),
(1864, 164, 11, 0, NULL, '0'),
(1865, 164, 12, 0, NULL, '0'),
(1866, 164, 13, 0, NULL, '0'),
(1867, 164, 14, 0, NULL, '0'),
(1868, 164, 15, 0, NULL, '0'),
(1869, 164, 16, 0, NULL, '0'),
(1870, 164, 17, 0, NULL, '0'),
(1871, 164, 18, 0, NULL, '0'),
(1872, 165, 1, 45000, NULL, '0'),
(1873, 165, 2, 0, NULL, '0'),
(1874, 165, 3, 30000, NULL, '0'),
(1875, 165, 4, 0, NULL, '0'),
(1876, 165, 5, 0, NULL, '0'),
(1877, 165, 6, 37500, NULL, '0'),
(1878, 165, 7, 0, NULL, '0'),
(1879, 165, 8, 0, NULL, '0'),
(1880, 165, 9, 0, NULL, '0'),
(1881, 165, 10, 0, NULL, '0'),
(1882, 165, 11, 0, NULL, '0'),
(1883, 165, 12, 0, NULL, '0'),
(1884, 165, 13, 0, NULL, '0'),
(1885, 165, 14, 0, NULL, '0'),
(1886, 165, 15, 0, NULL, '0'),
(1887, 165, 16, 0, NULL, '0'),
(1888, 165, 17, 0, NULL, '0'),
(1889, 165, 18, 37500, NULL, '0'),
(1890, 166, 1, 90000, NULL, '0'),
(1891, 166, 2, 0, NULL, '0'),
(1892, 166, 3, 60000, NULL, '0'),
(1893, 166, 4, 0, NULL, '0'),
(1894, 166, 5, 0, NULL, '0'),
(1895, 166, 6, 0, NULL, '0'),
(1896, 166, 7, 0, NULL, '0'),
(1897, 166, 8, 0, NULL, '0'),
(1898, 166, 9, 0, NULL, '0'),
(1899, 166, 10, 0, NULL, '0'),
(1900, 166, 11, 0, NULL, '0'),
(1901, 166, 12, 0, NULL, '0'),
(1902, 166, 13, 0, NULL, '0'),
(1903, 166, 14, 0, NULL, '0'),
(1904, 166, 15, 0, NULL, '0'),
(1905, 166, 16, 0, NULL, '0'),
(1906, 166, 17, 0, NULL, '0'),
(1907, 166, 18, 0, NULL, '0'),
(1908, 167, 1, 12500, NULL, '0'),
(1909, 167, 2, 0, NULL, '0'),
(1910, 167, 3, 12500, NULL, '0'),
(1911, 167, 4, 0, NULL, '0'),
(1912, 167, 5, 0, NULL, '0'),
(1913, 167, 6, 0, NULL, '0'),
(1914, 167, 7, 0, NULL, '0'),
(1915, 167, 8, 0, NULL, '0'),
(1916, 167, 9, 25000, NULL, '0'),
(1917, 167, 10, 0, NULL, '0'),
(1918, 167, 11, 0, NULL, '0'),
(1919, 167, 12, 0, NULL, '0'),
(1920, 167, 13, 0, NULL, '0'),
(1921, 167, 14, 0, NULL, '0'),
(1922, 167, 15, 0, NULL, '0'),
(1923, 167, 16, 0, NULL, '0'),
(1924, 167, 17, 0, NULL, '0'),
(1925, 167, 18, 0, NULL, '0'),
(1926, 168, 1, 0, NULL, '0'),
(1927, 168, 2, 0, NULL, '0'),
(1928, 168, 3, 0, NULL, '0'),
(1929, 168, 4, 0, NULL, '0'),
(1930, 168, 5, 0, NULL, '0'),
(1931, 168, 6, 0, NULL, '0'),
(1932, 168, 7, 0, NULL, '0'),
(1933, 168, 8, 0, NULL, '0'),
(1934, 168, 9, 0, NULL, '0'),
(1935, 168, 10, 15000, NULL, '0'),
(1936, 168, 11, 0, NULL, '0'),
(1937, 168, 12, 0, NULL, '0'),
(1938, 168, 13, 30000, NULL, '0'),
(1939, 168, 14, 0, NULL, '0'),
(1940, 168, 15, 30000, NULL, '0'),
(1941, 168, 16, 0, NULL, '0'),
(1942, 168, 17, 75000, NULL, '0'),
(1943, 168, 18, 0, NULL, '0'),
(1944, 169, 1, 0, NULL, '0'),
(1945, 169, 2, 0, NULL, '0'),
(1946, 169, 3, 18750, NULL, '0'),
(1947, 169, 4, 0, NULL, '0'),
(1948, 169, 5, 0, NULL, '0'),
(1949, 169, 6, 0, NULL, '0'),
(1950, 169, 7, 0, NULL, '0'),
(1951, 169, 8, 0, NULL, '0'),
(1952, 169, 9, 0, NULL, '0'),
(1953, 169, 10, 18750, NULL, '0'),
(1954, 169, 11, 0, NULL, '0'),
(1955, 169, 12, 0, NULL, '0'),
(1956, 169, 13, 0, NULL, '0'),
(1957, 169, 14, 15000, NULL, '0'),
(1958, 169, 15, 0, NULL, '0'),
(1959, 169, 16, 0, NULL, '0'),
(1960, 169, 17, 22500, NULL, '0'),
(1961, 169, 18, 0, NULL, '0'),
(1962, 170, 1, 0, NULL, '0'),
(1963, 170, 2, 50000, NULL, '0'),
(1964, 170, 3, 0, NULL, '0'),
(1965, 170, 4, 0, NULL, '0'),
(1966, 170, 5, 0, NULL, '0'),
(1967, 170, 6, 0, NULL, '0'),
(1968, 170, 7, 0, NULL, '0'),
(1969, 170, 8, 0, NULL, '0'),
(1970, 170, 9, 50000, NULL, '0'),
(1971, 170, 10, 0, NULL, '0'),
(1972, 170, 11, 0, NULL, '0'),
(1973, 170, 12, 0, NULL, '0'),
(1974, 170, 13, 0, NULL, '0'),
(1975, 170, 14, 0, NULL, '0'),
(1976, 170, 15, 0, NULL, '0'),
(1977, 170, 16, 0, NULL, '0'),
(1978, 170, 17, 25000, NULL, '0'),
(1979, 170, 18, 0, NULL, '0'),
(1980, 171, 1, 0, NULL, '0'),
(1981, 171, 2, 0, NULL, '0'),
(1982, 171, 3, 0, NULL, '0'),
(1983, 171, 4, 17500, NULL, '0'),
(1984, 171, 5, 0, NULL, '0'),
(1985, 171, 6, 10000, NULL, '0'),
(1986, 171, 7, 5000, NULL, '0'),
(1987, 171, 8, 0, NULL, '0'),
(1988, 171, 9, 0, NULL, '0'),
(1989, 171, 10, 17500, NULL, '0'),
(1990, 171, 11, 0, NULL, '0'),
(1991, 171, 12, 0, NULL, '0'),
(1992, 171, 13, 0, NULL, '0'),
(1993, 171, 14, 0, NULL, '0'),
(1994, 171, 15, 0, NULL, '0'),
(1995, 171, 16, 0, NULL, '0'),
(1996, 171, 17, 0, NULL, '0'),
(1997, 171, 18, 0, NULL, '0'),
(1998, 172, 1, 0, NULL, '0'),
(1999, 172, 2, 0, NULL, '0'),
(2000, 172, 3, 25000, NULL, '0'),
(2001, 172, 4, 0, NULL, '0'),
(2002, 172, 5, 0, NULL, '0'),
(2003, 172, 6, 0, NULL, '0'),
(2004, 172, 7, 0, NULL, '0'),
(2005, 172, 8, 0, NULL, '0'),
(2006, 172, 9, 0, NULL, '0'),
(2007, 172, 10, 0, NULL, '0'),
(2008, 172, 11, 0, NULL, '0'),
(2009, 172, 12, 0, NULL, '0'),
(2010, 172, 13, 150000, NULL, '0'),
(2011, 172, 14, 0, NULL, '0'),
(2012, 172, 15, 0, NULL, '0'),
(2013, 172, 16, 0, NULL, '0'),
(2014, 172, 17, 25000, NULL, '0'),
(2015, 172, 18, 50000, NULL, '0'),
(2016, 173, 1, 0, NULL, '0'),
(2017, 173, 2, 0, NULL, '0'),
(2018, 173, 3, 12500, NULL, '0'),
(2019, 173, 4, 0, NULL, '0'),
(2020, 173, 5, 0, NULL, '0'),
(2021, 173, 6, 12500, NULL, '0'),
(2022, 173, 7, 0, NULL, '0'),
(2023, 173, 8, 37500, NULL, '0'),
(2024, 173, 9, 0, NULL, '0'),
(2025, 173, 10, 0, NULL, '0'),
(2026, 173, 11, 0, NULL, '0'),
(2027, 173, 12, 0, NULL, '0'),
(2028, 173, 13, 0, NULL, '0'),
(2029, 173, 14, 0, NULL, '0'),
(2030, 173, 15, 0, NULL, '0'),
(2031, 173, 16, 0, NULL, '0'),
(2032, 173, 17, 0, NULL, '0'),
(2033, 173, 18, 0, NULL, '0'),
(2034, 174, 1, 0, NULL, '0'),
(2035, 174, 2, 0, NULL, '0'),
(2036, 174, 3, 0, NULL, '0'),
(2037, 174, 4, 0, NULL, '0'),
(2038, 174, 5, 0, NULL, '0'),
(2039, 174, 6, 0, NULL, '0'),
(2040, 174, 7, 0, NULL, '0'),
(2041, 174, 8, 0, NULL, '0'),
(2042, 174, 9, 60000, NULL, '0'),
(2043, 174, 10, 0, NULL, '0'),
(2044, 174, 11, 40000, NULL, '0'),
(2045, 174, 12, 0, NULL, '0'),
(2046, 174, 13, 0, NULL, '0'),
(2047, 174, 14, 0, NULL, '0'),
(2048, 174, 15, 0, NULL, '0'),
(2049, 174, 16, 0, NULL, '0'),
(2050, 174, 17, 0, NULL, '0'),
(2051, 174, 18, 0, NULL, '0'),
(2052, 175, 1, 30000, NULL, '0'),
(2053, 175, 2, 0, NULL, '0'),
(2054, 175, 3, 20000, NULL, '0'),
(2055, 175, 4, 0, NULL, '0'),
(2056, 175, 5, 0, NULL, '0'),
(2057, 175, 6, 25000, NULL, '0'),
(2058, 175, 7, 0, NULL, '0'),
(2059, 175, 8, 0, NULL, '0'),
(2060, 175, 9, 0, NULL, '0'),
(2061, 175, 10, 0, NULL, '0'),
(2062, 175, 11, 0, NULL, '0'),
(2063, 175, 12, 0, NULL, '0'),
(2064, 175, 13, 0, NULL, '0'),
(2065, 175, 14, 0, NULL, '0'),
(2066, 175, 15, 0, NULL, '0'),
(2067, 175, 16, 0, NULL, '0'),
(2068, 175, 17, 0, NULL, '0'),
(2069, 175, 18, 25000, NULL, '0'),
(2070, 176, 1, 40000, NULL, '0'),
(2071, 176, 2, 0, NULL, '0'),
(2072, 176, 3, 40000, NULL, '0'),
(2073, 176, 4, 0, NULL, '0'),
(2074, 176, 5, 0, NULL, '0'),
(2075, 176, 6, 120000, NULL, '0'),
(2076, 176, 7, 0, NULL, '0'),
(2077, 176, 8, 0, NULL, '0'),
(2078, 176, 9, 0, NULL, '0'),
(2079, 176, 10, 0, NULL, '0'),
(2080, 176, 11, 0, NULL, '0'),
(2081, 176, 12, 0, NULL, '0'),
(2082, 176, 13, 0, NULL, '0'),
(2083, 176, 14, 0, NULL, '0'),
(2084, 176, 15, 0, NULL, '0'),
(2085, 176, 16, 0, NULL, '0'),
(2086, 176, 17, 0, NULL, '0'),
(2087, 176, 18, 0, NULL, '0'),
(2088, 177, 1, 0, NULL, '0'),
(2089, 177, 2, 0, NULL, '0'),
(2090, 177, 3, 0, NULL, '0'),
(2091, 177, 4, 0, NULL, '0'),
(2092, 177, 5, 0, NULL, '0'),
(2093, 177, 6, 0, NULL, '0'),
(2094, 177, 7, 0, NULL, '0'),
(2095, 177, 8, 0, NULL, '0'),
(2096, 177, 9, 0, NULL, '0'),
(2097, 177, 10, 75000, NULL, '0'),
(2098, 177, 11, 0, NULL, '0'),
(2099, 177, 12, 0, NULL, '0'),
(2100, 177, 13, 50000, NULL, '0'),
(2101, 177, 14, 0, NULL, '0'),
(2102, 177, 15, 0, NULL, '0'),
(2103, 177, 16, 0, NULL, '0'),
(2104, 177, 17, 0, NULL, '0'),
(2105, 177, 18, 0, NULL, '0'),
(2106, 178, 4, 999000, NULL, '0'),
(2107, 178, 5, 980000, NULL, '0'),
(2108, 179, 2, 995000, NULL, '0'),
(2109, 180, 6, 950000, NULL, '0'),
(2110, 181, 3, 975000, NULL, '0'),
(2111, 183, 1, 75, NULL, '0'),
(2112, 183, 2, 75, NULL, '0'),
(2113, 183, 3, 100, NULL, '0'),
(2114, 183, 4, 0, NULL, '0'),
(2115, 183, 5, 0, NULL, '0'),
(2116, 183, 6, 0, NULL, '0'),
(2117, 183, 7, 0, NULL, '0'),
(2118, 183, 8, 0, NULL, '0'),
(2119, 183, 9, 0, NULL, '0'),
(2120, 183, 10, 0, NULL, '0'),
(2121, 183, 11, 0, NULL, '0'),
(2122, 183, 12, 0, NULL, '0'),
(2123, 183, 13, 0, NULL, '0'),
(2124, 183, 14, 0, NULL, '0'),
(2125, 183, 15, 0, NULL, '0'),
(2126, 183, 16, 0, NULL, '0'),
(2127, 183, 17, 0, NULL, '0'),
(2128, 183, 18, 0, NULL, '0'),
(2129, 183, 19, 0, NULL, '0'),
(2130, 187, 1, 75000, NULL, '0'),
(2131, 187, 2, 0, NULL, '0'),
(2132, 187, 3, 50000, NULL, '0'),
(2133, 187, 4, 0, NULL, '0'),
(2134, 187, 5, 0, NULL, '0'),
(2135, 187, 6, 0, NULL, '0'),
(2136, 187, 7, 0, NULL, '0'),
(2137, 187, 8, 0, NULL, '0'),
(2138, 187, 9, 0, NULL, '0'),
(2139, 187, 10, 0, NULL, '0'),
(2140, 187, 11, 0, NULL, '0'),
(2141, 187, 12, 0, NULL, '0'),
(2142, 187, 13, 0, NULL, '0'),
(2143, 187, 14, 0, NULL, '0'),
(2144, 187, 15, 0, NULL, '0'),
(2145, 187, 16, 0, NULL, '0'),
(2146, 187, 17, 0, NULL, '0'),
(2147, 187, 18, 0, NULL, '0'),
(2148, 188, 17, 985000, NULL, '0'),
(2149, 192, 1, 0, NULL, '0'),
(2150, 192, 2, 150000, NULL, '0'),
(2151, 192, 3, 0, NULL, '0'),
(2152, 192, 4, 120000, NULL, '0'),
(2153, 192, 5, 30000, NULL, '0'),
(2154, 192, 6, 0, NULL, '0'),
(2155, 192, 7, 0, NULL, '0'),
(2156, 192, 8, 0, NULL, '0'),
(2157, 192, 9, 0, NULL, '0'),
(2158, 192, 10, 0, NULL, '0'),
(2159, 192, 11, 0, NULL, '0'),
(2160, 192, 12, 0, NULL, '0'),
(2161, 192, 13, 0, NULL, '0'),
(2162, 192, 14, 0, NULL, '0'),
(2163, 192, 15, 0, NULL, '0'),
(2164, 192, 16, 0, NULL, '0'),
(2165, 192, 17, 0, NULL, '0'),
(2166, 192, 18, 0, NULL, '0'),
(2167, 193, 1, 10000, NULL, '0'),
(2168, 193, 2, 0, NULL, '0'),
(2169, 193, 3, 20000, NULL, '0'),
(2170, 193, 4, 0, NULL, '0'),
(2171, 193, 5, 12500, NULL, '0'),
(2172, 193, 6, 7500, NULL, '0'),
(2173, 193, 7, 0, NULL, '0'),
(2174, 193, 8, 0, NULL, '0'),
(2175, 193, 9, 0, NULL, '0'),
(2176, 193, 10, 0, NULL, '0'),
(2177, 193, 11, 0, NULL, '0'),
(2178, 193, 12, 0, NULL, '0'),
(2179, 193, 13, 0, NULL, '0'),
(2180, 193, 14, 0, NULL, '0'),
(2181, 193, 15, 0, NULL, '0'),
(2182, 193, 16, 0, NULL, '0'),
(2183, 193, 17, 0, NULL, '0'),
(2184, 193, 18, 0, NULL, '0'),
(2185, 194, 1, 0, NULL, '0'),
(2186, 194, 2, 18750, NULL, '0'),
(2187, 194, 3, 0, NULL, '0'),
(2188, 194, 4, 18750, NULL, '0'),
(2189, 194, 5, 0, NULL, '0'),
(2190, 194, 6, 6250, NULL, '0'),
(2191, 194, 7, 0, NULL, '0'),
(2192, 194, 8, 0, NULL, '0'),
(2193, 194, 9, 18750, NULL, '0'),
(2194, 194, 10, 0, NULL, '0'),
(2195, 194, 11, 0, NULL, '0'),
(2196, 194, 12, 0, NULL, '0'),
(2197, 194, 13, 0, NULL, '0'),
(2198, 194, 14, 0, NULL, '0'),
(2199, 194, 15, 0, NULL, '0'),
(2200, 194, 16, 0, NULL, '0'),
(2201, 194, 17, 0, NULL, '0'),
(2202, 194, 18, 0, NULL, '0'),
(2203, 195, 1, 0, NULL, '0'),
(2204, 195, 2, 0, NULL, '0'),
(2205, 195, 3, 0, NULL, '0'),
(2206, 195, 4, 62500, NULL, '0'),
(2207, 195, 5, 0, NULL, '0'),
(2208, 195, 6, 62500, NULL, '0'),
(2209, 195, 7, 0, NULL, '0'),
(2210, 195, 8, 0, NULL, '0'),
(2211, 195, 9, 25000, NULL, '0'),
(2212, 195, 10, 100000, NULL, '0'),
(2213, 195, 11, 0, NULL, '0'),
(2214, 195, 12, 0, NULL, '0'),
(2215, 195, 13, 0, NULL, '0'),
(2216, 195, 14, 0, NULL, '0'),
(2217, 195, 15, 0, NULL, '0'),
(2218, 195, 16, 0, NULL, '0'),
(2219, 195, 17, 0, NULL, '0'),
(2220, 195, 18, 0, NULL, '0'),
(2221, 196, 1, 0, NULL, '0'),
(2222, 196, 2, 0, NULL, '0'),
(2223, 196, 3, 0, NULL, '0'),
(2224, 196, 4, 0, NULL, '0'),
(2225, 196, 5, 0, NULL, '0'),
(2226, 196, 6, 7250, NULL, '0'),
(2227, 196, 7, 0, NULL, '0'),
(2228, 196, 8, 0, NULL, '0'),
(2229, 196, 9, 0, NULL, '0'),
(2230, 196, 10, 0, NULL, '0'),
(2231, 196, 11, 4350, NULL, '0'),
(2232, 196, 12, 0, NULL, '0'),
(2233, 196, 13, 0, NULL, '0'),
(2234, 196, 14, 8700, NULL, '0'),
(2235, 196, 15, 0, NULL, '0'),
(2236, 196, 16, 0, NULL, '0'),
(2237, 196, 17, 0, NULL, '0'),
(2238, 196, 18, 8700, NULL, '0'),
(2239, 197, 1, 0, NULL, '0'),
(2240, 197, 2, 0, NULL, '0'),
(2241, 197, 3, 25000, NULL, '0'),
(2242, 197, 4, 0, NULL, '0'),
(2243, 197, 5, 0, NULL, '0'),
(2244, 197, 6, 0, NULL, '0'),
(2245, 197, 7, 0, NULL, '0'),
(2246, 197, 8, 0, NULL, '0'),
(2247, 197, 9, 0, NULL, '0'),
(2248, 197, 10, 0, NULL, '0'),
(2249, 197, 11, 0, NULL, '0'),
(2250, 197, 12, 0, NULL, '0'),
(2251, 197, 13, 150000, NULL, '0'),
(2252, 197, 14, 0, NULL, '0'),
(2253, 197, 15, 0, NULL, '0'),
(2254, 197, 16, 0, NULL, '0'),
(2255, 197, 17, 25000, NULL, '0'),
(2256, 197, 18, 50000, NULL, '0'),
(2257, 200, 1, 75, NULL, '0'),
(2258, 200, 2, 75, NULL, '0'),
(2259, 200, 3, 100, NULL, '0'),
(2260, 200, 4, 0, NULL, '0'),
(2261, 200, 5, 0, NULL, '0'),
(2262, 200, 6, 0, NULL, '0'),
(2263, 200, 7, 0, NULL, '0'),
(2264, 200, 8, 0, NULL, '0'),
(2265, 200, 9, 0, NULL, '0'),
(2266, 200, 10, 0, NULL, '0'),
(2267, 200, 11, 0, NULL, '0'),
(2268, 200, 12, 0, NULL, '0'),
(2269, 200, 13, 0, NULL, '0'),
(2270, 200, 14, 0, NULL, '0'),
(2271, 200, 15, 0, NULL, '0'),
(2272, 200, 16, 0, NULL, '0'),
(2273, 200, 17, 0, NULL, '0'),
(2274, 200, 18, 0, NULL, '0'),
(2275, 200, 19, 0, NULL, '0'),
(2276, 201, 1, 300, NULL, '0'),
(2277, 201, 2, 300, NULL, '0'),
(2278, 201, 3, 400, NULL, '0'),
(2279, 201, 4, 0, NULL, '0'),
(2280, 201, 5, 0, NULL, '0'),
(2281, 201, 6, 0, NULL, '0'),
(2282, 201, 7, 0, NULL, '0'),
(2283, 201, 8, 0, NULL, '0'),
(2284, 201, 9, 0, NULL, '0'),
(2285, 201, 10, 0, NULL, '0'),
(2286, 201, 11, 0, NULL, '0'),
(2287, 201, 12, 0, NULL, '0'),
(2288, 201, 13, 0, NULL, '0'),
(2289, 201, 14, 0, NULL, '0'),
(2290, 201, 15, 0, NULL, '0'),
(2291, 201, 16, 0, NULL, '0'),
(2292, 201, 17, 0, NULL, '0'),
(2293, 201, 18, 0, NULL, '0'),
(2294, 201, 19, 0, NULL, '0'),
(2295, 202, 1, 750, NULL, '0'),
(2296, 202, 2, 750, NULL, '0'),
(2297, 202, 3, 1000, NULL, '0'),
(2298, 202, 4, 0, NULL, '0'),
(2299, 202, 5, 0, NULL, '0'),
(2300, 202, 6, 0, NULL, '0'),
(2301, 202, 7, 0, NULL, '0'),
(2302, 202, 8, 0, NULL, '0'),
(2303, 202, 9, 0, NULL, '0'),
(2304, 202, 10, 0, NULL, '0'),
(2305, 202, 11, 0, NULL, '0'),
(2306, 202, 12, 0, NULL, '0'),
(2307, 202, 13, 0, NULL, '0'),
(2308, 202, 14, 0, NULL, '0'),
(2309, 202, 15, 0, NULL, '0'),
(2310, 202, 16, 0, NULL, '0'),
(2311, 202, 17, 0, NULL, '0'),
(2312, 202, 18, 0, NULL, '0'),
(2313, 202, 19, 0, NULL, '0'),
(2314, 203, 1, 225, NULL, '0'),
(2315, 203, 2, 225, NULL, '0'),
(2316, 203, 3, 300, NULL, '0'),
(2317, 203, 4, 0, NULL, '0'),
(2318, 203, 5, 0, NULL, '0'),
(2319, 203, 6, 0, NULL, '0'),
(2320, 203, 7, 0, NULL, '0'),
(2321, 203, 8, 0, NULL, '0'),
(2322, 203, 9, 0, NULL, '0'),
(2323, 203, 10, 0, NULL, '0'),
(2324, 203, 11, 0, NULL, '0'),
(2325, 203, 12, 0, NULL, '0'),
(2326, 203, 13, 0, NULL, '0'),
(2327, 203, 14, 0, NULL, '0'),
(2328, 203, 15, 0, NULL, '0'),
(2329, 203, 16, 0, NULL, '0'),
(2330, 203, 17, 0, NULL, '0'),
(2331, 203, 18, 0, NULL, '0'),
(2332, 203, 19, 0, NULL, '0'),
(2333, 204, 1, 300, NULL, '0'),
(2334, 204, 2, 300, NULL, '0'),
(2335, 204, 3, 400, NULL, '0'),
(2336, 204, 4, 0, NULL, '0'),
(2337, 204, 5, 0, NULL, '0'),
(2338, 204, 6, 0, NULL, '0'),
(2339, 204, 7, 0, NULL, '0'),
(2340, 204, 8, 0, NULL, '0'),
(2341, 204, 9, 0, NULL, '0'),
(2342, 204, 10, 0, NULL, '0'),
(2343, 204, 11, 0, NULL, '0'),
(2344, 204, 12, 0, NULL, '0'),
(2345, 204, 13, 0, NULL, '0'),
(2346, 204, 14, 0, NULL, '0'),
(2347, 204, 15, 0, NULL, '0'),
(2348, 204, 16, 0, NULL, '0'),
(2349, 204, 17, 0, NULL, '0'),
(2350, 204, 18, 0, NULL, '0'),
(2351, 204, 19, 0, NULL, '0'),
(2352, 205, 1, 375, NULL, '0'),
(2353, 205, 2, 375, NULL, '0'),
(2354, 205, 3, 500, NULL, '0'),
(2355, 205, 4, 0, NULL, '0'),
(2356, 205, 5, 0, NULL, '0'),
(2357, 205, 6, 0, NULL, '0'),
(2358, 205, 7, 0, NULL, '0'),
(2359, 205, 8, 0, NULL, '0'),
(2360, 205, 9, 0, NULL, '0'),
(2361, 205, 10, 0, NULL, '0'),
(2362, 205, 11, 0, NULL, '0'),
(2363, 205, 12, 0, NULL, '0'),
(2364, 205, 13, 0, NULL, '0'),
(2365, 205, 14, 0, NULL, '0'),
(2366, 205, 15, 0, NULL, '0'),
(2367, 205, 16, 0, NULL, '0'),
(2368, 205, 17, 0, NULL, '0'),
(2369, 205, 18, 0, NULL, '0'),
(2370, 205, 19, 0, NULL, '0'),
(2371, 206, 1, 0, NULL, '0'),
(2372, 206, 2, 100, NULL, '0'),
(2373, 206, 3, 0, NULL, '0'),
(2374, 206, 4, 0, NULL, '0'),
(2375, 206, 5, 0, NULL, '0'),
(2376, 206, 6, 100, NULL, '0'),
(2377, 206, 7, 0, NULL, '0'),
(2378, 206, 8, 0, NULL, '0'),
(2379, 206, 9, 100, NULL, '0'),
(2380, 206, 10, 0, NULL, '0'),
(2381, 206, 11, 100, NULL, '0'),
(2382, 206, 12, 0, NULL, '0'),
(2383, 206, 13, 100, NULL, '0'),
(2384, 206, 14, 0, NULL, '0'),
(2385, 206, 15, 0, NULL, '0'),
(2386, 206, 16, 0, NULL, '0'),
(2387, 206, 17, 0, NULL, '0'),
(2388, 206, 18, 0, NULL, '0'),
(2389, 207, 1, 0, NULL, '0'),
(2390, 207, 2, 150, NULL, '0'),
(2391, 207, 3, 0, NULL, '0'),
(2392, 207, 4, 0, NULL, '0'),
(2393, 207, 5, 0, NULL, '0'),
(2394, 207, 6, 150, NULL, '0'),
(2395, 207, 7, 0, NULL, '0'),
(2396, 207, 8, 0, NULL, '0'),
(2397, 207, 9, 150, NULL, '0'),
(2398, 207, 10, 0, NULL, '0'),
(2399, 207, 11, 150, NULL, '0'),
(2400, 207, 12, 0, NULL, '0'),
(2401, 207, 13, 0, NULL, '0'),
(2402, 207, 14, 150, NULL, '0'),
(2403, 207, 15, 0, NULL, '0'),
(2404, 207, 16, 0, NULL, '0'),
(2405, 207, 17, 0, NULL, '0'),
(2406, 207, 18, 0, NULL, '0');

-- --------------------------------------------------------

--
-- Table structure for table `trans_stick`
--

DROP TABLE IF EXISTS `trans_stick`;
CREATE TABLE IF NOT EXISTS `trans_stick` (
  `tstick_id` int(11) NOT NULL AUTO_INCREMENT,
  `sticker_id` int(11) DEFAULT NULL,
  `trans_id` int(11) NOT NULL,
  `quantity` int(11) DEFAULT NULL,
  PRIMARY KEY (`tstick_id`),
  KEY `stick_trans_idx` (`sticker_id`),
  KEY `stick_trans2_idx` (`trans_id`)
) ENGINE=InnoDB AUTO_INCREMENT=132 DEFAULT CHARSET=latin1;

--
-- Dumping data for table `trans_stick`
--

INSERT INTO `trans_stick` (`tstick_id`, `sticker_id`, `trans_id`, `quantity`) VALUES
(1, 0, 33, 1),
(2, 0, 34, 1),
(3, 30, 35, 2),
(4, 30, 36, 2),
(5, 25, 37, 2),
(6, 38, 38, 1),
(7, 38, 39, 1),
(8, 38, 40, 1),
(9, 16, 41, 1),
(10, 55, 42, 1),
(11, 0, 43, 1),
(12, 0, 44, 1),
(13, 55, 45, 1),
(14, 8, 51, 1),
(15, 8, 38, 1),
(16, 11, 39, 5),
(17, 11, 40, 5),
(18, 11, 41, 5),
(19, 11, 42, 5),
(20, 8, 43, 10),
(21, 2, 46, 1),
(22, 47, 47, 10),
(23, 3, 50, 5),
(24, 3, 56, 3),
(25, 5, 60, 1),
(26, 8, 61, 1),
(27, 8, 62, 1),
(28, 31, 63, 1),
(29, 35, 64, 2),
(30, 2, 65, 2),
(31, 20, 76, 250),
(32, 60, 77, 250),
(33, 29, 78, 300),
(34, 60, 79, 250),
(35, 29, 80, 300),
(36, 20, 81, 250),
(37, 25, 82, 250),
(38, 32, 83, 250),
(39, 39, 84, 300),
(40, 28, 85, 300),
(41, 29, 86, 300),
(42, 29, 87, 300),
(43, 20, 88, 250),
(44, 42, 89, 250),
(45, 37, 90, 300),
(46, 25, 91, 250),
(47, 32, 92, 250),
(48, 60, 93, 250),
(49, 24, 94, 300),
(50, 54, 95, 300),
(51, 42, 96, 250),
(52, 39, 97, 300),
(53, 36, 98, 300),
(54, 20, 104, 2),
(55, 2, 109, 1),
(56, 2, 110, 1),
(57, 63, 114, 350),
(58, 43, 115, 200),
(59, 62, 116, 250),
(60, 27, 117, 300),
(61, 31, 118, 250),
(62, 31, 119, 250),
(63, 35, 120, 300),
(64, 38, 121, 250),
(65, 49, 122, 300),
(66, 51, 123, 300),
(67, 22, 124, 300),
(68, 52, 125, 250),
(69, 64, 126, 250),
(70, 63, 127, 350),
(71, 60, 128, 250),
(72, 63, 129, 350),
(73, 43, 130, 200),
(74, 62, 131, 250),
(75, 25, 132, 250),
(76, 37, 138, 1),
(77, 37, 139, 1),
(78, 2, 140, 1),
(79, 2, 141, 2),
(80, 9, 142, 3),
(81, 62, 143, 1),
(82, 7, 144, 1),
(83, 8, 145, 4),
(84, 54, 146, 300),
(85, 42, 147, 250),
(86, 20, 148, 250),
(87, 24, 149, 300),
(88, 54, 150, 300),
(89, 63, 151, 350),
(90, 18, 152, 300),
(91, 18, 153, 300),
(92, 18, 154, 300),
(93, 17, 155, 250),
(94, 17, 156, 250),
(95, 17, 157, 250),
(96, 17, 158, 250),
(97, 17, 159, 250),
(98, 64, 160, 250),
(99, 52, 161, 250),
(100, 28, 162, 300),
(101, 34, 163, 200),
(102, 34, 164, 200),
(103, 22, 165, 300),
(104, 15, 166, 300),
(105, 47, 167, 200),
(106, 64, 168, 300),
(107, 46, 169, 300),
(108, 39, 170, 250),
(109, 52, 171, 200),
(110, 21, 172, 250),
(111, 28, 173, 250),
(112, 45, 174, 200),
(113, 22, 175, 200),
(114, 51, 176, 200),
(115, 31, 177, 250),
(116, 2, 183, 1),
(117, 15, 187, 250),
(118, 17, 192, 300),
(119, 55, 193, 200),
(120, 18, 194, 250),
(121, 49, 195, 250),
(122, 29, 196, 58),
(123, 21, 197, 250),
(124, 2, 200, 1),
(125, 2, 201, 2),
(126, 2, 202, 10),
(127, 2, 203, 3),
(128, 2, 204, 2),
(129, 2, 205, 5),
(130, 9, 206, 2),
(131, 9, 207, 3);

-- --------------------------------------------------------

--
-- Table structure for table `user`
--

DROP TABLE IF EXISTS `user`;
CREATE TABLE IF NOT EXISTS `user` (
  `user_no` int(11) NOT NULL AUTO_INCREMENT,
  `username` varchar(20) NOT NULL,
  `u_lname` varchar(50) NOT NULL,
  `u_fname` varchar(50) NOT NULL,
  `u_email` varchar(50) NOT NULL,
  `u_contact` varchar(12) NOT NULL,
  `u_address` varchar(100) NOT NULL,
  `password` varchar(20) NOT NULL DEFAULT 'jhcs',
  `u_activation` int(11) NOT NULL DEFAULT '1',
  `u_type` varchar(45) NOT NULL,
  PRIMARY KEY (`user_no`)
) ENGINE=MyISAM AUTO_INCREMENT=19 DEFAULT CHARSET=latin1;

--
-- Dumping data for table `user`
--

INSERT INTO `user` (`user_no`, `username`, `u_lname`, `u_fname`, `u_email`, `u_contact`, `u_address`, `password`, `u_activation`, `u_type`) VALUES
(1, 'admin', '', 'Admin', '', '', '', 'admin', 0, 'admin'),
(2, 'arlene', 'Ruelos', 'Arlene', 'arlene', '09067275881', '#64 Dontogan Baguio City', 'arlene', 1, 'admin'),
(3, 'jules', 'Tomines', 'Jules', 'jules@gmail.com', '09068521451', '#21 Bakakeng, Baguio City', 'jules', 1, 'inventory'),
(4, 'jenifer', 'Reyes', 'Jenifer', 'jenifer@gmail.com', '09015247863', '#6 Bonifacio street, Baguio City ', 'jenifer', 1, 'sales'),
(5, 'aeneid', 'Adversalo', 'Aeneid', 'aeneid.adversalo@gmail.com', '09771863559', '#55 bakakeng, Baguio City', 'aeneid', 1, 'inventory'),
(6, 'mario', 'Benitez', 'Mario', 'mario@gmail.com', '09058456387', '#13 Quirino Hill, Baguio City', 'mario', 1, 'admin'),
(7, 'grace', 'Mendoza', 'Grace', 'grace@gmail.com', '09057846921', '#91 Loakan, Baguio City', 'jhcs', 1, 'sales'),
(8, 'lester', 'Ramos', 'Lester', 'lester@gmail.com', '09058456387', '#66 Ambiong, Baguio City', 'jhcs', 1, 'inventory'),
(9, 'stephanie', 'Gomez', 'Stephanie', 'stephanie@gmail.com', '09058764823', '#122 San Carlos, Baguio City', 'jhcs', 1, 'sales'),
(10, 'jerome', 'DeGuzman', 'Jerome', 'jerome@gmail.com', '09068413584', '#83 Aurora Hill, Baguio City', 'jhcs', 1, 'inventory'),
(11, 'rhianna', 'Manzon', 'Rhianna', 'rhianna@gmail.com', '09215478691', '#33 Trancoville, Baguio City', 'jhcs', 1, 'sales'),
(12, 'barbie', 'Fontanilla', 'Barbie', 'barbie@gmail.com', '09364852179', '#194 Tuba, Benguet', 'jhcs', 1, 'sales'),
(13, 'tinango', 'Caguioa', 'Tinango', 'tinzcaguioa1997@gmail.com', '09098457841', '#123 Dontogan, Baguio City', 'tintin', 1, 'sales'),
(14, 'marife', 'Latayan', 'Marife', 'marife@gmail.com', '09054841214', '#25 Loakan, Baguio City', 'marife', 1, 'admin'),
(15, 'evelyn', 'Gascon', 'Evelyn', 'evelyn@gmail.com', '09215487639', '#55 Marcos, Baguio City', 'jhcs', 1, 'admin'),
(16, 'lorlyn', 'Manzano', 'Lorlyn', 'lorlyn@gmail.com', '09854756321', '#22 tabuyaw, Beguet', 'jhcs', 1, 'sales'),
(17, 'marilou', 'Baldon', 'Marilou', 'marilou@gmail.com', '09264875123', '#167 New Lucban, Baguio City', 'jhcs', 1, 'inventory'),
(18, 'minerva', 'Bisleg', 'Minerva', 'minerva@gmail.com', '09845236245', '#89 Bonifacio Street, Baguio City', 'jhcs', 1, 'inventory');

-- --------------------------------------------------------

--
-- Table structure for table `walkin_raw`
--

DROP TABLE IF EXISTS `walkin_raw`;
CREATE TABLE IF NOT EXISTS `walkin_raw` (
  `wiraw_id` int(11) NOT NULL AUTO_INCREMENT,
  `walkin_id` int(11) NOT NULL,
  `raw_id` int(11) NOT NULL,
  `amount` int(11) NOT NULL,
  PRIMARY KEY (`wiraw_id`),
  KEY `raw_wiraw_idx` (`raw_id`),
  KEY `walk_wiraw_idx` (`walkin_id`)
) ENGINE=InnoDB DEFAULT CHARSET=latin1;

-- --------------------------------------------------------

--
-- Table structure for table `walkin_sales`
--

DROP TABLE IF EXISTS `walkin_sales`;
CREATE TABLE IF NOT EXISTS `walkin_sales` (
  `walkin_id` int(11) NOT NULL AUTO_INCREMENT,
  `walkin_date` date NOT NULL,
  `walkin_qty` int(11) NOT NULL,
  `walkin_returns` int(11) NOT NULL DEFAULT '0',
  `coff_remark` varchar(80) NOT NULL DEFAULT 'Received',
  `blend_id` int(11) NOT NULL,
  `sticker_id` int(11) DEFAULT NULL,
  `inv_stat` varchar(45) NOT NULL DEFAULT '0',
  `pckng_stat` varchar(45) NOT NULL DEFAULT '0',
  `stckr_stat` varchar(45) NOT NULL DEFAULT '0',
  PRIMARY KEY (`walkin_id`)
) ENGINE=InnoDB AUTO_INCREMENT=39 DEFAULT CHARSET=latin1;

--
-- Dumping data for table `walkin_sales`
--

INSERT INTO `walkin_sales` (`walkin_id`, `walkin_date`, `walkin_qty`, `walkin_returns`, `coff_remark`, `blend_id`, `sticker_id`, `inv_stat`, `pckng_stat`, `stckr_stat`) VALUES
(1, '2018-04-01', 2, 2, 'Returned', 93, NULL, '0', '1', '1'),
(2, '2018-04-01', 1, 0, 'Received', 89, NULL, '0', '1', '1'),
(3, '2018-05-24', 1, 1, 'Returned', 1, NULL, '1', '1', '1'),
(4, '2018-05-24', 2, 0, 'Received', 3, NULL, '1', '1', '1'),
(5, '2018-04-03', 2, 0, 'Received', 7, NULL, '1', '1', '1'),
(6, '2018-05-01', 1, 0, 'Received', 1, NULL, '1', '1', '1'),
(7, '2018-05-01', 3, 0, 'Received', 7, NULL, '1', '1', '1'),
(8, '2018-05-01', 1, 0, 'Received', 11, NULL, '1', '1', '1'),
(9, '2018-05-24', 1, 0, 'Received', 4, NULL, '1', '1', '1'),
(10, '2018-04-04', 1, 0, 'Received', 18, NULL, '0', '1', '1'),
(11, '2018-05-24', 2, 0, 'Received', 66, NULL, '0', '1', '1'),
(12, '2018-05-24', 1, 0, 'Received', 82, NULL, '0', '1', '1'),
(13, '2018-05-24', 1, 0, 'Received', 1, NULL, '1', '1', '1'),
(14, '2018-05-25', 1, 0, 'Received', 1, NULL, '1', '1', '1'),
(15, '2018-05-25', 5, 0, 'Received', 6, NULL, '1', '1', '1'),
(16, '2018-05-25', 5, 0, 'Received', 6, NULL, '1', '1', '1'),
(17, '2018-05-25', 5, 0, 'Received', 6, NULL, '1', '1', '1'),
(18, '2018-05-25', 5, 0, 'Received', 6, NULL, '1', '1', '1'),
(19, '2018-05-24', 10, 0, 'Received', 1, NULL, '1', '1', '1'),
(20, '2018-05-25', 10, 0, 'Received', 104, NULL, '0', '1', '0'),
(21, '2018-05-25', 5, 0, 'Received', 7, NULL, '0', '0', '0'),
(22, '2018-04-25', 1, 0, 'Received', 56, NULL, '0', '0', '0'),
(23, '2018-05-25', 2, 0, 'Received', 91, NULL, '0', '1', '0'),
(24, '2018-05-25', 1, 0, 'Received', 89, NULL, '0', '0', '0'),
(25, '2018-04-19', 1, 0, 'Received', 107, NULL, '0', '0', '0'),
(26, '2018-04-19', 2, 0, 'Received', 108, NULL, '0', '0', '0'),
(28, '2018-05-26', 1, 0, 'Received', 3, NULL, '0', '0', '0'),
(29, '2018-05-26', 2, 0, 'Received', 6, NULL, '0', '0', '0'),
(30, '2018-05-26', 3, 0, 'Received', 92, NULL, '0', '0', '0'),
(31, '2018-05-26', 1, 0, 'Received', 114, NULL, '0', '0', '0'),
(32, '2018-05-26', 1, 0, 'Received', 80, NULL, '0', '0', '0'),
(33, '2018-05-26', 4, 0, 'Received', 85, NULL, '0', '0', '0'),
(34, '2018-05-26', 3, 0, 'Received', 1, NULL, '0', '0', '0'),
(35, '2018-05-26', 2, 0, 'Received', 4, NULL, '0', '0', '0'),
(36, '2018-05-26', 5, 0, 'Received', 2, NULL, '0', '0', '0'),
(37, '2018-05-26', 2, 0, 'Received', 90, NULL, '0', '0', '0'),
(38, '2018-05-26', 3, 0, 'Received', 91, NULL, '0', '0', '0');
COMMIT;

/*!40101 SET CHARACTER_SET_CLIENT=@OLD_CHARACTER_SET_CLIENT */;
/*!40101 SET CHARACTER_SET_RESULTS=@OLD_CHARACTER_SET_RESULTS */;
/*!40101 SET COLLATION_CONNECTION=@OLD_COLLATION_CONNECTION */;
